term,beta_pp_per_100mgy,se,ci_low,ci_high,p_value,n,hubs,year_min,year_max,within_exposure_sd,exposure_sd,beta_pp_per_exposure_sd,scenario,distance_metric,weight_rule,ring_index,specification,outcome
dose_100mgy,-0.030392227613849795,0.03773305418153905,-0.10598061819680178,0.045196162969102185,0.42396481768460026,627,57,2014,2024,0.9096091927564995,1.1907836703087122,-0.03619056834687785,exclude_both_disputed_sites,air_km,excess_cutoff_100mi,1,current,soy_share_all_land
dose_100mgy,-0.05604923133157986,0.01764195635091738,-0.09139031665387437,-0.020708146009285354,0.002421494151847034,627,57,2014,2024,0.9096091927564995,1.1907836703087122,-0.06674250940300074,exclude_both_disputed_sites,air_km,excess_cutoff_100mi,2,current,soy_share_all_land
dose_100mgy,-0.06199777888258261,0.017670207238695224,-0.09743972628803237,-0.02655583147713285,0.0009273087868982561,594,54,2014,2024,0.9334599921467627,1.2230260133027187,-0.07582489634038848,exclude_both_disputed_sites,air_km,excess_cutoff_100mi,3,current,soy_share_all_land
dose_100mgy,-0.06235294423681654,0.026850528386260387,-0.11633954987080775,-0.008366338602825332,0.02450907523793737,539,49,2014,2024,0.9777379988934978,1.2831197795763762,-0.08000629606508211,exclude_both_disputed_sites,air_km,excess_cutoff_100mi,4,current,soy_share_all_land
dose_100mgy,-0.07559841596598446,0.0354981256370803,-0.14734280409308764,-0.0038540278388812937,0.039405387265616744,451,41,2014,2024,1.063814288865999,1.4009046297730747,-0.10590617093025836,exclude_both_disputed_sites,air_km,excess_cutoff_100mi,5,current,soy_share_all_land
dose_100mgy,-0.08171424241089559,0.03280576320867851,-0.1484580695034527,-0.014970415318338481,0.017950331652574418,374,34,2014,2024,1.1611512771006651,1.5358407914943886,-0.1255000667407142,exclude_both_disputed_sites,air_km,excess_cutoff_100mi,6,current,soy_share_all_land
dose_100mgy,-0.10818258841131564,0.09390070844590133,-0.2962883110988075,0.07992313427617617,0.25417653162352005,627,57,2014,2024,1.0501908858165947,1.3701708730331505,-0.14822863161051836,exclude_both_disputed_sites,air_km,excess_cutoff_250mi,1,current,soy_share_all_land
dose_100mgy,-0.13798687975296164,0.06577193219311396,-0.2697438924795087,-0.006229867026414565,0.040433401668090244,627,57,2014,2024,1.0501908858165947,1.3701708730331505,-0.1890656034982358,exclude_both_disputed_sites,air_km,excess_cutoff_250mi,2,current,soy_share_all_land
dose_100mgy,-0.11327798755116683,0.046419733688461896,-0.20638418250052123,-0.020171792601812427,0.01805188197819636,594,54,2014,2024,1.0745026199839371,1.4065532278533093,-0.15933151903482068,exclude_both_disputed_sites,air_km,excess_cutoff_250mi,3,current,soy_share_all_land
dose_100mgy,-0.05177461011986109,0.04036906366703297,-0.1329420526615431,0.02939283242182092,0.20581529248326744,539,49,2014,2024,1.1188473143774362,1.4742016889000285,-0.07632621768083972,exclude_both_disputed_sites,air_km,excess_cutoff_250mi,4,current,soy_share_all_land
dose_100mgy,-0.04238636664821606,0.04608427648096614,-0.1355261637239669,0.050753430427534774,0.36321307810020564,451,41,2014,2024,1.2067684769176803,1.6046922078828423,-0.0680170722808575,exclude_both_disputed_sites,air_km,excess_cutoff_250mi,5,current,soy_share_all_land
dose_100mgy,-0.031314220717255654,0.05273099273078447,-0.13859623207772653,0.07596779064321521,0.5566626495129309,374,34,2014,2024,1.298148295610981,1.7550279634114776,-0.054957333011222693,exclude_both_disputed_sites,air_km,excess_cutoff_250mi,6,current,soy_share_all_land
dose_100mgy,-0.03811405688719045,0.028777330380979026,-0.09576197688610558,0.01953386311172467,0.19073457261871413,627,57,2014,2024,2.434386460718141,4.374871321915283,-0.16674409443761717,exclude_both_disputed_sites,air_km,excess_cutoff_500mi,1,current,soy_share_all_land
dose_100mgy,-0.039353633013555926,0.02308387939698231,-0.08559620017056435,0.006888934143452492,0.09377234830281482,627,57,2014,2024,2.434386460718141,4.374871321915283,-0.17216708048418433,exclude_both_disputed_sites,air_km,excess_cutoff_500mi,2,current,soy_share_all_land
dose_100mgy,-0.048773788823620816,0.024305719761491137,-0.09752488889855004,-2.2688748691587768e-05,0.04989726888880012,594,54,2014,2024,2.4672965427631897,4.343919788777854,-0.2118694264445986,exclude_both_disputed_sites,air_km,excess_cutoff_500mi,3,current,soy_share_all_land
dose_100mgy,-0.035562296520895494,0.0197511661859892,-0.07527467775805782,0.004150084716266829,0.07806432518957317,539,49,2014,2024,2.519910750028724,4.282942712656012,-0.1523112787294816,exclude_both_disputed_sites,air_km,excess_cutoff_500mi,4,current,soy_share_all_land
dose_100mgy,-0.026522728975365957,0.01686699936290531,-0.06061220629604546,0.007566748345313547,0.12372076540772432,451,41,2014,2024,2.531811716924832,4.3393197812084665,-0.11509060249443646,exclude_both_disputed_sites,air_km,excess_cutoff_500mi,5,current,soy_share_all_land
dose_100mgy,-0.02335521102657529,0.020554419800298037,-0.06517349254047722,0.018463070487326642,0.2640313840607299,374,34,2014,2024,2.5227817997388855,4.555417182166101,-0.10639272960357626,exclude_both_disputed_sites,air_km,excess_cutoff_500mi,6,current,soy_share_all_land
dose_100mgy,-0.1536675379913961,0.06741637056430383,-0.2887187566227466,-0.018616319360045597,0.026475951746615597,627,57,2014,2024,0.39788511841238056,0.5781665908708224,-0.08884543656799808,exclude_both_disputed_sites,air_km,exp150_sum1,1,current,soy_share_all_land
dose_100mgy,-0.2317986240837664,0.09095877289622768,-0.4140109416859259,-0.04958630648160692,0.013591722826549323,627,57,2014,2024,0.39788511841238056,0.5781665908708224,-0.13401822025505852,exclude_both_disputed_sites,air_km,exp150_sum1,2,current,soy_share_all_land
dose_100mgy,-0.22186618923367962,0.07735757912392931,-0.37702584376898596,-0.06670653469837326,0.005915996047303517,594,54,2014,2024,0.40833297660821677,0.5932046724925316,-0.13161206012153095,exclude_both_disputed_sites,air_km,exp150_sum1,3,current,soy_share_all_land
dose_100mgy,-0.189782264627309,0.041041766340666884,-0.2723022665461461,-0.10726226270847188,2.8621609548831812e-05,539,49,2014,2024,0.4277621416752379,0.6210700239240353,-0.1178680756324404,exclude_both_disputed_sites,air_km,exp150_sum1,4,current,soy_share_all_land
dose_100mgy,-0.20645914476087796,0.04071282446845103,-0.2887428323639234,-0.12417545715783251,9.436729628972142e-06,451,41,2014,2024,0.4642415750066306,0.6761949156094581,-0.13960662396838278,exclude_both_disputed_sites,air_km,exp150_sum1,5,current,soy_share_all_land
dose_100mgy,-0.21536338390187662,0.03726053374517626,-0.291170509797565,-0.13955625800618823,1.844716454417453e-06,374,34,2014,2024,0.5035072667889432,0.7395730248421354,-0.15927694927254893,exclude_both_disputed_sites,air_km,exp150_sum1,6,current,soy_share_all_land
dose_100mgy,-0.0772219202209072,0.047625091272859466,-0.1726264422975457,0.018182601855731312,0.11053779582094038,627,57,2014,2024,0.9238138055660778,1.3059929185597592,-0.10085128096609147,exclude_both_disputed_sites,air_km,exp_150mi,1,current,soy_share_all_land
dose_100mgy,-0.10889424961819434,0.03856987555250128,-0.18615899484585996,-0.03162950439052872,0.00657011718097946,627,57,2014,2024,0.9238138055660778,1.3059929185597592,-0.14221511887324056,exclude_both_disputed_sites,air_km,exp_150mi,2,current,soy_share_all_land
dose_100mgy,-0.10750064159940825,0.03557958205194124,-0.1788642458151729,-0.036137037383643586,0.003868074654137248,594,54,2014,2024,0.9483408102675744,1.3377224603068754,-0.14380602276492804,exclude_both_disputed_sites,air_km,exp_150mi,3,current,soy_share_all_land
dose_100mgy,-0.06931401678192471,0.03127097670008517,-0.13218852943997345,-0.006439504123875964,0.031425607993530044,539,49,2014,2024,0.9936709474186107,1.3955824362326157,-0.0967334244055869,exclude_both_disputed_sites,air_km,exp_150mi,4,current,soy_share_all_land
dose_100mgy,-0.06620350082902084,0.04093640569521648,-0.14893906294721643,0.01653206128917474,0.11368931948309921,451,41,2014,2024,1.0749458742883464,1.5145619145029257,-0.10026930096239782,exclude_both_disputed_sites,air_km,exp_150mi,5,current,soy_share_all_land
dose_100mgy,-0.06725894359312788,0.04166126099430848,-0.15201941639707792,0.017501529210822153,0.1159581713343219,374,34,2014,2024,1.1570941140604618,1.654054059683348,-0.11124992870022647,exclude_both_disputed_sites,air_km,exp_150mi,6,current,soy_share_all_land
dose_100mgy,-0.03961553729348308,0.052255035850060166,-0.14429495287317892,0.06506387828621277,0.45155848478287797,627,57,2014,2024,0.9878826269391888,2.060824223082412,-0.08164065886483457,exclude_both_disputed_sites,air_km,exp_300mi,1,current,soy_share_all_land
dose_100mgy,-0.07461678799992338,0.03848960395002724,-0.15172072988494584,0.0024871538850990693,0.057593585835905625,627,57,2014,2024,0.9878826269391888,2.060824223082412,-0.15377208415884713,exclude_both_disputed_sites,air_km,exp_300mi,2,current,soy_share_all_land
dose_100mgy,-0.08658059679209751,0.04094817222362338,-0.1687122292452165,-0.0044489643389785255,0.03920277071092092,594,54,2014,2024,1.0138205599474577,2.0772326058091513,-0.17984803868696014,exclude_both_disputed_sites,air_km,exp_300mi,3,current,soy_share_all_land
dose_100mgy,-0.04688340119217217,0.04022200404933989,-0.12775516055507757,0.033988358170733216,0.24952941783141372,539,49,2014,2024,1.0593840080140715,2.105696774497243,-0.09872222666781713,exclude_both_disputed_sites,air_km,exp_300mi,4,current,soy_share_all_land
dose_100mgy,-0.04863502770663219,0.04445272714320857,-0.1384773405677707,0.041207285154506314,0.28046292398844164,451,41,2014,2024,1.1356293577036618,2.190078717069927,-0.10651453908440138,exclude_both_disputed_sites,air_km,exp_300mi,5,current,soy_share_all_land
dose_100mgy,-0.05622896718859332,0.045882656815356,-0.14957793436705324,0.0371199999898666,0.2290634684871685,374,34,2014,2024,1.206701844939948,2.3378952387280068,-0.13145743466880563,exclude_both_disputed_sites,air_km,exp_300mi,6,current,soy_share_all_land
dose_100mgy,-0.033888400941504325,0.03680954887375394,-0.10762678808782905,0.039849986204820394,0.36118669555082733,627,57,2014,2024,0.91032183119999,1.1927907266205888,-0.040421770383026794,exclude_both_disputed_sites,air_km,exp_50mi,1,current,soy_share_all_land
dose_100mgy,-0.061834484726006514,0.016002745983059584,-0.09389183709265068,-0.029777132359362343,0.0002921339361975833,627,57,2014,2024,0.91032183119999,1.1927907266205888,-0.07375559996654302,exclude_both_disputed_sites,air_km,exp_50mi,2,current,soy_share_all_land
dose_100mgy,-0.06573249465426753,0.01713022325640752,-0.10009137134970794,-0.03137361795882713,0.0003332476659975927,594,54,2014,2024,0.9341145535773182,1.2250668474277016,-0.08052669999966176,exclude_both_disputed_sites,air_km,exp_50mi,3,current,soy_share_all_land
dose_100mgy,-0.0621578509542082,0.027378601217077386,-0.11720621817639709,-0.007109483732019313,0.027716684310656565,539,49,2014,2024,0.9783077603671754,1.2852287999620844,-0.0798870601900991,exclude_both_disputed_sites,air_km,exp_50mi,4,current,soy_share_all_land
dose_100mgy,-0.07425575927377485,0.03608822064669686,-0.1471927739027566,-0.0013187446447931045,0.04618549199258728,451,41,2014,2024,1.0640420536169721,1.4031005027833927,-0.10418829317159607,exclude_both_disputed_sites,air_km,exp_50mi,5,current,soy_share_all_land
dose_100mgy,-0.07939275543869177,0.03347382779471867,-0.14749577015123178,-0.011289740726151784,0.023689915772201635,374,34,2014,2024,1.1607682767349403,1.5380857027118635,-0.12211286203915137,exclude_both_disputed_sites,air_km,exp_50mi,6,current,soy_share_all_land
dose_100mgy,-0.03861469426943727,0.06321031651447631,-0.1652401741624983,0.08801078562362376,0.5437425915869155,627,57,2014,2024,0.86782847712741,3.445146024704989,-0.13303326045755032,exclude_both_disputed_sites,air_km,inverse_1,1,current,soy_share_all_land
dose_100mgy,-0.042041509365600346,0.04942893943655944,-0.1410595735343816,0.05697655480318091,0.3986445973734492,627,57,2014,2024,0.86782847712741,3.445146024704989,-0.1448391388634956,exclude_both_disputed_sites,air_km,inverse_1,2,current,soy_share_all_land
dose_100mgy,-0.0658841457185286,0.045804299026136266,-0.15775593505854357,0.025987643621486367,0.15620447856653166,594,54,2014,2024,0.8898184142226495,3.443512468089281,-0.22687287723116425,exclude_both_disputed_sites,air_km,inverse_1,3,current,soy_share_all_land
dose_100mgy,-0.03457525320304248,0.053584446036520725,-0.14231400287211105,0.0731634964660261,0.5218389797464783,539,49,2014,2024,0.9294249841496279,3.4392330659503236,-0.11891235407950854,exclude_both_disputed_sites,air_km,inverse_1,4,current,soy_share_all_land
dose_100mgy,-0.04767379367139603,0.0563584390230561,-0.16157844781697142,0.06623086047417936,0.4026387482275706,451,41,2014,2024,1.0029597541285835,3.4730562548460164,-0.16557376730268042,exclude_both_disputed_sites,air_km,inverse_1,5,current,soy_share_all_land
dose_100mgy,-0.0399756683324222,0.06354034787831765,-0.16924947809611207,0.08929814143126769,0.5335898830281016,374,34,2014,2024,1.0833908292758951,3.5702568535776096,-0.14272340384017576,exclude_both_disputed_sites,air_km,inverse_1,6,current,soy_share_all_land
dose_100mgy,-0.042663621747766646,0.060439260678638224,-0.16373800975627578,0.0784107662607425,0.4831813493195108,627,57,2014,2024,0.9626244570688834,2.2670272388921178,-0.09671959261197713,exclude_both_disputed_sites,air_km,inverse_2,1,current,soy_share_all_land
dose_100mgy,-0.042855325891066776,0.04191340964505468,-0.12681797475779144,0.04110732297565789,0.31095395712120777,627,57,2014,2024,0.9626244570688834,2.2670272388921178,-0.097154191126647,exclude_both_disputed_sites,air_km,inverse_2,2,current,soy_share_all_land
dose_100mgy,-0.06694982864383926,0.039321573269192014,-0.1458189167581193,0.011919259470440771,0.09449738026474767,594,54,2014,2024,0.9871379646350678,2.2736563631660274,-0.1522209039089403,exclude_both_disputed_sites,air_km,inverse_2,3,current,soy_share_all_land
dose_100mgy,-0.03284788933276307,0.04649978625301999,-0.1263419757951825,0.060646197129656354,0.4833485545469648,539,49,2014,2024,1.0308470120095663,2.283938553077966,-0.07502256083433605,exclude_both_disputed_sites,air_km,inverse_2,4,current,soy_share_all_land
dose_100mgy,-0.039734231248324516,0.051248868427703,-0.14331205800859917,0.06384359551195015,0.44271077955668753,451,41,2014,2024,1.1131743575765416,2.353137458943943,-0.09350010795277337,exclude_both_disputed_sites,air_km,inverse_2,5,current,soy_share_all_land
dose_100mgy,-0.030041579157459725,0.05960527076961217,-0.15130941434684558,0.09122625603192612,0.6176037239785311,374,34,2014,2024,1.1994048492799358,2.4837710965663207,-0.07461640600650767,exclude_both_disputed_sites,air_km,inverse_2,6,current,soy_share_all_land
dose_100mgy,-0.02996866285436877,0.037877533899688356,-0.10584648109176512,0.04590915538302757,0.43216629301502546,627,57,2014,2024,0.9099927175976756,1.190796967623922,-0.03568659285072601,exclude_both_disputed_sites,air_km,nearest_only,1,current,soy_share_all_land
dose_100mgy,-0.05477805811860689,0.017926369485936424,-0.09068889141394673,-0.018867224823267054,0.003435911753920026,627,57,2014,2024,0.9099927175976756,1.190796967623922,-0.06522954549996406,exclude_both_disputed_sites,air_km,nearest_only,2,current,soy_share_all_land
dose_100mgy,-0.06135718906310956,0.01764331713082416,-0.09674520174238327,-0.025969176383835856,0.0010187730158010885,594,54,2014,2024,0.9338866335650614,1.2230500148613164,-0.07504291099548474,exclude_both_disputed_sites,air_km,nearest_only,3,current,soy_share_all_land
dose_100mgy,-0.061872996210631394,0.027015289195856895,-0.11619087565509165,-0.007555116766171141,0.02643998292192405,539,49,2014,2024,0.9782524674471651,1.2831660454701885,-0.07939332786898784,exclude_both_disputed_sites,air_km,nearest_only,4,current,soy_share_all_land
dose_100mgy,-0.07507946167620679,0.03564224957797998,-0.14711513515341626,-0.0030437881989973103,0.041484256863066345,451,41,2014,2024,1.0645311855006492,1.4010038652695158,-0.10518661601072019,exclude_both_disputed_sites,air_km,nearest_only,5,current,soy_share_all_land
dose_100mgy,-0.08075957359545503,0.033093943109549474,-0.14808970710475156,-0.013429440086158498,0.02021044027887965,374,34,2014,2024,1.1621547396699565,1.536017395084082,-0.12404810986219206,exclude_both_disputed_sites,air_km,nearest_only,6,current,soy_share_all_land
dose_100mgy,-0.0503003566059068,0.03628791558795801,-0.1229937867138187,0.022393073502005104,0.17119705016541145,627,57,2014,2024,0.9141878465980601,1.1971137853715272,-0.0602152503020348,exclude_both_disputed_sites,legacy_road_km,excess_cutoff_100mi,1,current,soy_share_all_land
dose_100mgy,-0.08182442917581567,0.03129425098801645,-0.14451434702085547,-0.019134511330775872,0.011453318924348857,627,57,2014,2024,0.9141878465980601,1.1971137853715272,-0.09795315214652513,exclude_both_disputed_sites,legacy_road_km,excess_cutoff_100mi,2,current,soy_share_all_land
dose_100mgy,-0.07356647258366847,0.02075334192909383,-0.11519240504741082,-0.03194054011992611,0.0008302921166964483,594,54,2014,2024,0.9380346573310264,1.2294761422513631,-0.09044822291120938,exclude_both_disputed_sites,legacy_road_km,excess_cutoff_100mi,3,current,soy_share_all_land
dose_100mgy,-0.06268876683546815,0.026880619159020996,-0.1167358740230556,-0.008641659647880683,0.023936866383514135,539,49,2014,2024,0.9822759938500026,1.2897820918348686,-0.08085484882359845,exclude_both_disputed_sites,legacy_road_km,excess_cutoff_100mi,4,current,soy_share_all_land
dose_100mgy,-0.06876246626703285,0.0380379829758665,-0.14564009755644558,0.008115165022379897,0.07817233312490676,451,41,2014,2024,1.0681617514169526,1.4079364333116626,-0.09681318150171975,exclude_both_disputed_sites,legacy_road_km,excess_cutoff_100mi,5,current,soy_share_all_land
dose_100mgy,-0.062284435709406075,0.04227591333202109,-0.1482954280970454,0.023726556678233257,0.15014978461269465,374,34,2014,2024,1.16506612137414,1.543212909414558,-0.09611814524235653,exclude_both_disputed_sites,legacy_road_km,excess_cutoff_100mi,6,current,soy_share_all_land
dose_100mgy,-0.08920761884786108,0.06930337206085214,-0.22803895571362404,0.049623718017901886,0.20331795606867287,627,57,2014,2024,1.1876777389790545,1.5155482106050386,-0.13519844711721218,exclude_both_disputed_sites,legacy_road_km,excess_cutoff_250mi,1,current,soy_share_all_land
dose_100mgy,-0.09092543444691029,0.04237424260074955,-0.17581124265506992,-0.0060396262387506505,0.03624043074027529,627,57,2014,2024,1.1876777389790545,1.5155482106050386,-0.13780187947450062,exclude_both_disputed_sites,legacy_road_km,excess_cutoff_250mi,2,current,soy_share_all_land
dose_100mgy,-0.06861165847972173,0.034081736678522004,-0.13697096533614536,-0.0002523516232980916,0.04919012916125909,594,54,2014,2024,1.2146922431295775,1.555787613151065,-0.1067451683805023,exclude_both_disputed_sites,legacy_road_km,excess_cutoff_250mi,3,current,soy_share_all_land
dose_100mgy,-0.038510938983805656,0.036426816711257345,-0.11175196277306688,0.03473008480545557,0.29570580957020787,539,49,2014,2024,1.2212302213200121,1.5740798429693903,-0.06061929278823258,exclude_both_disputed_sites,legacy_road_km,excess_cutoff_250mi,4,current,soy_share_all_land
dose_100mgy,-0.031867840105476136,0.0424156405066889,-0.11759304729762295,0.053857367086670674,0.45685622179813296,451,41,2014,2024,1.3130611109817618,1.7154798558268534,-0.05466863774965542,exclude_both_disputed_sites,legacy_road_km,excess_cutoff_250mi,5,current,soy_share_all_land
dose_100mgy,-0.03805010623059036,0.042495574062208906,-0.12450800173404569,0.04840778927286498,0.377063682784274,374,34,2014,2024,1.4108418547287969,1.8764014571005094,-0.07139727477390892,exclude_both_disputed_sites,legacy_road_km,excess_cutoff_250mi,6,current,soy_share_all_land
dose_100mgy,-0.06914110927531682,0.03130812280608842,-0.1318588157111628,-0.006423402839470807,0.03132620939298561,627,57,2014,2024,2.224430625254896,3.7727769624545764,-0.2608539842324697,exclude_both_disputed_sites,legacy_road_km,excess_cutoff_500mi,1,current,soy_share_all_land
dose_100mgy,-0.05790589710164809,0.02330605774194043,-0.10459354096612285,-0.011218253237173334,0.015985886285844405,627,57,2014,2024,2.224430625254896,3.7727769624545764,-0.21846603457536315,exclude_both_disputed_sites,legacy_road_km,excess_cutoff_500mi,2,current,soy_share_all_land
dose_100mgy,-0.06010574458416186,0.02382656861345275,-0.10789578916276113,-0.012315700005562584,0.014685394537782922,594,54,2014,2024,2.258567100564788,3.7640321961075522,-0.2262399577858024,exclude_both_disputed_sites,legacy_road_km,excess_cutoff_500mi,3,current,soy_share_all_land
dose_100mgy,-0.03248388187400744,0.019956536548926998,-0.0726091879010784,0.007641424153063514,0.11012914089055212,539,49,2014,2024,2.317414285381805,3.741191418766991,-0.12152842011527724,exclude_both_disputed_sites,legacy_road_km,excess_cutoff_500mi,4,current,soy_share_all_land
dose_100mgy,-0.0219227921407291,0.017070266742603063,-0.05642308816016777,0.012577503878709574,0.20643703653257528,451,41,2014,2024,2.374378121272074,3.824909985237721,-0.08385270656336577,exclude_both_disputed_sites,legacy_road_km,excess_cutoff_500mi,5,current,soy_share_all_land
dose_100mgy,-0.020413115829626825,0.021548119393295834,-0.06425309436655195,0.023426862707298306,0.35035803847876373,374,34,2014,2024,2.400199987854778,4.058852136001753,-0.08285381878753204,exclude_both_disputed_sites,legacy_road_km,excess_cutoff_500mi,6,current,soy_share_all_land
dose_100mgy,-0.12986647235909277,0.05579027861657629,-0.2416278301996861,-0.01810511451849943,0.023563373272589005,627,57,2014,2024,0.49065716739908555,0.702927146484393,-0.09128666883937138,exclude_both_disputed_sites,legacy_road_km,exp150_sum1,1,current,soy_share_all_land
dose_100mgy,-0.17855992301175747,0.06994189379831244,-0.31867037262187037,-0.03844947340164456,0.013432958587982866,627,57,2014,2024,0.49065716739908555,0.702927146484393,-0.1255146171591276,exclude_both_disputed_sites,legacy_road_km,exp150_sum1,2,current,soy_share_all_land
dose_100mgy,-0.16786969474498215,0.05633825189751379,-0.28086991787162974,-0.05486947161833454,0.004347675632268104,594,54,2014,2024,0.5035508352213167,0.721537246021672,-0.12112423723679316,exclude_both_disputed_sites,legacy_road_km,exp150_sum1,3,current,soy_share_all_land
dose_100mgy,-0.1482628692801306,0.029452522296163658,-0.2074811343084999,-0.0890446042517613,7.180341757210467e-06,539,49,2014,2024,0.5275092099176834,0.7559701612470116,-0.11208230519664493,exclude_both_disputed_sites,legacy_road_km,exp150_sum1,4,current,soy_share_all_land
dose_100mgy,-0.1654977986527987,0.02858214930653303,-0.22326447721829212,-0.1077311200873053,9.319380784565129e-07,451,41,2014,2024,0.573381849344577,0.8239386599534407,-0.13636003444723133,exclude_both_disputed_sites,legacy_road_km,exp150_sum1,5,current,soy_share_all_land
dose_100mgy,-0.1719641651377982,0.026775320941229353,-0.22643896518684492,-0.11748936508875146,2.7972949486247996e-07,374,34,2014,2024,0.6232848704199473,0.9020435452699401,-0.15511916518028493,exclude_both_disputed_sites,legacy_road_km,exp150_sum1,6,current,soy_share_all_land
dose_100mgy,-0.07968869692405453,0.04902569357587301,-0.17789896256500187,0.01852156871689281,0.1096825886100003,627,57,2014,2024,0.9224721939470507,1.275500063201753,-0.1016429379630969,exclude_both_disputed_sites,legacy_road_km,exp_150mi,1,current,soy_share_all_land
dose_100mgy,-0.10232647471529639,0.03638029259697578,-0.17520495820915807,-0.02944799122143471,0.006762551702689789,627,57,2014,2024,0.9224721939470507,1.275500063201753,-0.13051742496657312,exclude_both_disputed_sites,legacy_road_km,exp_150mi,2,current,soy_share_all_land
dose_100mgy,-0.09696927410063523,0.031098183936412706,-0.1593443319927535,-0.03459421620851697,0.002939815897109385,594,54,2014,2024,0.9467321055643397,1.307326696547472,-0.1267705207765898,exclude_both_disputed_sites,legacy_road_km,exp_150mi,3,current,soy_share_all_land
dose_100mgy,-0.06426990304572276,0.03128214412088138,-0.1271668693081774,-0.001372936783268136,0.04539094682218309,539,49,2014,2024,0.9907725631224137,1.3642933341581236,-0.08768300031226844,exclude_both_disputed_sites,legacy_road_km,exp_150mi,4,current,soy_share_all_land
dose_100mgy,-0.06417240527607605,0.04112947667021274,-0.147298178390419,0.0189533678382669,0.12657791022416542,451,41,2014,2024,1.0741047733941225,1.4817392557058653,-0.09508677203062807,exclude_both_disputed_sites,legacy_road_km,exp_150mi,5,current,soy_share_all_land
dose_100mgy,-0.06782133731977869,0.04082594589349909,-0.1508823487729416,0.015239674133384215,0.10614004210992369,374,34,2014,2024,1.1590674608993543,1.6201560267888464,-0.10988114840351874,exclude_both_disputed_sites,legacy_road_km,exp_150mi,6,current,soy_share_all_land
dose_100mgy,-0.05365766329678684,0.05262602556448024,-0.15908026057868271,0.051764933985109035,0.3123014840968431,627,57,2014,2024,0.9781417186232547,1.8529274453267806,-0.09942375697471979,exclude_both_disputed_sites,legacy_road_km,exp_300mi,1,current,soy_share_all_land
dose_100mgy,-0.07949223264713413,0.0378630496877975,-0.15534103552149028,-0.003643429772777984,0.040295025003758846,627,57,2014,2024,0.9781417186232547,1.8529274453267806,-0.14729333956217636,exclude_both_disputed_sites,legacy_road_km,exp_300mi,2,current,soy_share_all_land
dose_100mgy,-0.08343917144560162,0.03873209215873338,-0.16112591018326372,-0.005752432707939514,0.035784859418648084,594,54,2014,2024,1.0031019357683173,1.87177650716472,-0.15617948088916644,exclude_both_disputed_sites,legacy_road_km,exp_300mi,3,current,soy_share_all_land
dose_100mgy,-0.04745077898822115,0.03949855549109171,-0.1268679475345596,0.03196638955811729,0.23551764930124744,539,49,2014,2024,1.0447351464575965,1.9013467398039692,-0.09022038393041297,exclude_both_disputed_sites,legacy_road_km,exp_300mi,4,current,soy_share_all_land
dose_100mgy,-0.049914282693820124,0.04495022471069124,-0.14076207564533508,0.04093351025769484,0.2734426351658531,451,41,2014,2024,1.1195696207508312,1.9839998186117551,-0.09902992781067499,exclude_both_disputed_sites,legacy_road_km,exp_300mi,5,current,soy_share_all_land
dose_100mgy,-0.05948051098478088,0.04533249410230819,-0.15171016370745882,0.032749141737897045,0.1985424536451689,374,34,2014,2024,1.1932786430163296,2.1313754876140356,-0.12677530310371934,exclude_both_disputed_sites,legacy_road_km,exp_300mi,6,current,soy_share_all_land
dose_100mgy,-0.03743639565707011,0.035071195150454954,-0.10769244184112148,0.03281965052698126,0.29035340583574115,627,57,2014,2024,0.9097957455476892,1.1921970753918614,-0.04463156141557156,exclude_both_disputed_sites,legacy_road_km,exp_50mi,1,current,soy_share_all_land
dose_100mgy,-0.06319931671966046,0.015457389532366427,-0.09416418883798976,-0.032234444601331166,0.00014007323567072217,627,57,2014,2024,0.9097957455476892,1.1921970753918614,-0.07534604055994316,exclude_both_disputed_sites,legacy_road_km,exp_50mi,2,current,soy_share_all_land
dose_100mgy,-0.06640380389010818,0.016852343851478466,-0.10020532508193082,-0.03260228269828554,0.0002395973690452675,594,54,2014,2024,0.9335827383221835,1.224457781868782,-0.08130865441893147,exclude_both_disputed_sites,legacy_road_km,exp_50mi,3,current,soy_share_all_land
dose_100mgy,-0.06197460410204703,0.02743669699242023,-0.11713978070941136,-0.006809427494682697,0.028474906030966522,539,49,2014,2024,0.977816982275823,1.2845971916173697,-0.07961240238108794,exclude_both_disputed_sites,legacy_road_km,exp_50mi,4,current,soy_share_all_land
dose_100mgy,-0.07366846443100036,0.03627242239718984,-0.14697776468475482,-0.00035916417724590755,0.04894020792775545,451,41,2014,2024,1.0635715012895801,1.4024233634211032,-0.10331437566539144,exclude_both_disputed_sites,legacy_road_km,exp_50mi,5,current,soy_share_all_land
dose_100mgy,-0.07843081270323986,0.033674239603584746,-0.14694156830670735,-0.009920057099772353,0.026123263972155766,374,34,2014,2024,1.1603079685643165,1.5373495683933396,-0.12057557605806465,exclude_both_disputed_sites,legacy_road_km,exp_50mi,6,current,soy_share_all_land
dose_100mgy,-0.03779680183402038,0.06451760033973436,-0.16704108591692954,0.0914474822488888,0.5603387784402325,627,57,2014,2024,0.8546996957436055,3.599650132606433,-0.13605526273393054,exclude_both_disputed_sites,legacy_road_km,inverse_1,1,current,soy_share_all_land
dose_100mgy,-0.03955026525716619,0.05222499363649947,-0.1441694990513729,0.06506896853704053,0.4520417942433754,627,57,2014,2024,0.8546996957436055,3.599650132606433,-0.1423671175775779,exclude_both_disputed_sites,legacy_road_km,inverse_1,2,current,soy_share_all_land
dose_100mgy,-0.05653493735237455,0.04767830385312079,-0.15216550436932008,0.03909562966457098,0.24100681352316217,594,54,2014,2024,0.8761453068776365,3.597570120922515,-0.2033884014071289,exclude_both_disputed_sites,legacy_road_km,inverse_1,3,current,soy_share_all_land
dose_100mgy,-0.030658059751723928,0.056709106817439014,-0.1446793609926921,0.08336324148924423,0.5912697370740332,539,49,2014,2024,0.9141620315737531,3.59186841336648,-0.11011971643731937,exclude_both_disputed_sites,legacy_road_km,inverse_1,4,current,soy_share_all_land
dose_100mgy,-0.04780068503451543,0.05794222954072707,-0.16490629921875605,0.06930492914972519,0.4142806707561718,451,41,2014,2024,0.9851811549564423,3.6144743426592494,-0.17277434961879198,exclude_both_disputed_sites,legacy_road_km,inverse_1,5,current,soy_share_all_land
dose_100mgy,-0.04289326638853218,0.063733333841243,-0.17255970904598666,0.0867731762689223,0.5056260701227498,374,34,2014,2024,1.0670210207995259,3.70486519811409,-0.1589137698763097,exclude_both_disputed_sites,legacy_road_km,inverse_1,6,current,soy_share_all_land
dose_100mgy,-0.03747744577945008,0.061899412708272254,-0.1614768697894305,0.08652197823053032,0.5473212713647089,627,57,2014,2024,0.9621950514193737,2.431953067179311,-0.09114338921337994,exclude_both_disputed_sites,legacy_road_km,inverse_2,1,current,soy_share_all_land
dose_100mgy,-0.03436556850794327,0.045934844310513624,-0.12638411904470165,0.05765298202881512,0.45750788617952715,627,57,2014,2024,0.9621950514193737,2.431953067179311,-0.08357544973825337,exclude_both_disputed_sites,legacy_road_km,inverse_2,2,current,soy_share_all_land
dose_100mgy,-0.05293823658421932,0.04176720066499809,-0.13671263205367706,0.03083615888523842,0.21053164149851952,594,54,2014,2024,0.9860209852407025,2.435786451618003,-0.1289462394443899,exclude_both_disputed_sites,legacy_road_km,inverse_2,3,current,soy_share_all_land
dose_100mgy,-0.024733742179691435,0.0501899179647259,-0.12564733572187817,0.0761798513624953,0.6243986742542231,539,49,2014,2024,1.027443550907387,2.4401585681360696,-0.06035425290184256,exclude_both_disputed_sites,legacy_road_km,inverse_2,4,current,soy_share_all_land
dose_100mgy,-0.036573144128408154,0.053419972654494004,-0.14453893621124003,0.07139264795442374,0.49752276460479433,451,41,2014,2024,1.106536415607476,2.490385059310435,-0.09108121170939483,exclude_both_disputed_sites,legacy_road_km,inverse_2,5,current,soy_share_all_land
dose_100mgy,-0.03080117894831066,0.06000590660537839,-0.15288411387426928,0.09128175597764797,0.6111593945977837,374,34,2014,2024,1.1955591186256949,2.6153405228188693,-0.08055557145411235,exclude_both_disputed_sites,legacy_road_km,inverse_2,6,current,soy_share_all_land
dose_100mgy,-0.02996866285436877,0.037877533899688356,-0.10584648109176512,0.04590915538302757,0.43216629301502546,627,57,2014,2024,0.9099927175976756,1.190796967623922,-0.03568659285072601,exclude_both_disputed_sites,legacy_road_km,nearest_only,1,current,soy_share_all_land
dose_100mgy,-0.05477805811860689,0.017926369485936424,-0.09068889141394673,-0.018867224823267054,0.003435911753920026,627,57,2014,2024,0.9099927175976756,1.190796967623922,-0.06522954549996406,exclude_both_disputed_sites,legacy_road_km,nearest_only,2,current,soy_share_all_land
dose_100mgy,-0.06135718906310956,0.01764331713082416,-0.09674520174238327,-0.025969176383835856,0.0010187730158010885,594,54,2014,2024,0.9338866335650614,1.2230500148613164,-0.07504291099548474,exclude_both_disputed_sites,legacy_road_km,nearest_only,3,current,soy_share_all_land
dose_100mgy,-0.061872996210631394,0.027015289195856895,-0.11619087565509165,-0.007555116766171141,0.02643998292192405,539,49,2014,2024,0.9782524674471651,1.2831660454701885,-0.07939332786898784,exclude_both_disputed_sites,legacy_road_km,nearest_only,4,current,soy_share_all_land
dose_100mgy,-0.07507946167620679,0.03564224957797998,-0.14711513515341626,-0.0030437881989973103,0.041484256863066345,451,41,2014,2024,1.0645311855006492,1.4010038652695158,-0.10518661601072019,exclude_both_disputed_sites,legacy_road_km,nearest_only,5,current,soy_share_all_land
dose_100mgy,-0.08075957359545503,0.033093943109549474,-0.14808970710475156,-0.013429440086158498,0.02021044027887965,374,34,2014,2024,1.1621547396699565,1.536017395084082,-0.12404810986219206,exclude_both_disputed_sites,legacy_road_km,nearest_only,6,current,soy_share_all_land
dose_100mgy,-0.0503003566059068,0.03628791558795801,-0.1229937867138187,0.022393073502005104,0.17119705016541145,627,57,2014,2024,0.9141878465980601,1.1971137853715272,-0.0602152503020348,exclude_both_disputed_sites,road_km,excess_cutoff_100mi,1,current,soy_share_all_land
dose_100mgy,-0.08182442917581567,0.03129425098801645,-0.14451434702085547,-0.019134511330775872,0.011453318924348857,627,57,2014,2024,0.9141878465980601,1.1971137853715272,-0.09795315214652513,exclude_both_disputed_sites,road_km,excess_cutoff_100mi,2,current,soy_share_all_land
dose_100mgy,-0.07356647258366847,0.02075334192909383,-0.11519240504741082,-0.03194054011992611,0.0008302921166964483,594,54,2014,2024,0.9380346573310264,1.2294761422513631,-0.09044822291120938,exclude_both_disputed_sites,road_km,excess_cutoff_100mi,3,current,soy_share_all_land
dose_100mgy,-0.06268876683546815,0.026880619159020996,-0.1167358740230556,-0.008641659647880683,0.023936866383514135,539,49,2014,2024,0.9822759938500026,1.2897820918348686,-0.08085484882359845,exclude_both_disputed_sites,road_km,excess_cutoff_100mi,4,current,soy_share_all_land
dose_100mgy,-0.06876246626703285,0.0380379829758665,-0.14564009755644558,0.008115165022379897,0.07817233312490676,451,41,2014,2024,1.0681617514169526,1.4079364333116626,-0.09681318150171975,exclude_both_disputed_sites,road_km,excess_cutoff_100mi,5,current,soy_share_all_land
dose_100mgy,-0.062284435709406075,0.04227591333202109,-0.1482954280970454,0.023726556678233257,0.15014978461269465,374,34,2014,2024,1.16506612137414,1.543212909414558,-0.09611814524235653,exclude_both_disputed_sites,road_km,excess_cutoff_100mi,6,current,soy_share_all_land
dose_100mgy,-0.08920761884786108,0.06930337206085214,-0.22803895571362404,0.049623718017901886,0.20331795606867287,627,57,2014,2024,1.1876777389790545,1.5155482106050386,-0.13519844711721218,exclude_both_disputed_sites,road_km,excess_cutoff_250mi,1,current,soy_share_all_land
dose_100mgy,-0.09092543444691029,0.04237424260074955,-0.17581124265506992,-0.0060396262387506505,0.03624043074027529,627,57,2014,2024,1.1876777389790545,1.5155482106050386,-0.13780187947450062,exclude_both_disputed_sites,road_km,excess_cutoff_250mi,2,current,soy_share_all_land
dose_100mgy,-0.06861165847972173,0.034081736678522004,-0.13697096533614536,-0.0002523516232980916,0.04919012916125909,594,54,2014,2024,1.2146922431295775,1.555787613151065,-0.1067451683805023,exclude_both_disputed_sites,road_km,excess_cutoff_250mi,3,current,soy_share_all_land
dose_100mgy,-0.038510938983805656,0.036426816711257345,-0.11175196277306688,0.03473008480545557,0.29570580957020787,539,49,2014,2024,1.2212302213200121,1.5740798429693903,-0.06061929278823258,exclude_both_disputed_sites,road_km,excess_cutoff_250mi,4,current,soy_share_all_land
dose_100mgy,-0.031867840105476136,0.0424156405066889,-0.11759304729762295,0.053857367086670674,0.45685622179813296,451,41,2014,2024,1.3130611109817618,1.7154798558268534,-0.05466863774965542,exclude_both_disputed_sites,road_km,excess_cutoff_250mi,5,current,soy_share_all_land
dose_100mgy,-0.03805010623059036,0.042495574062208906,-0.12450800173404569,0.04840778927286498,0.377063682784274,374,34,2014,2024,1.4108418547287969,1.8764014571005094,-0.07139727477390892,exclude_both_disputed_sites,road_km,excess_cutoff_250mi,6,current,soy_share_all_land
dose_100mgy,-0.06914110927531682,0.03130812280608842,-0.1318588157111628,-0.006423402839470807,0.03132620939298561,627,57,2014,2024,2.224430625254896,3.7727769624545764,-0.2608539842324697,exclude_both_disputed_sites,road_km,excess_cutoff_500mi,1,current,soy_share_all_land
dose_100mgy,-0.05790589710164809,0.02330605774194043,-0.10459354096612285,-0.011218253237173334,0.015985886285844405,627,57,2014,2024,2.224430625254896,3.7727769624545764,-0.21846603457536315,exclude_both_disputed_sites,road_km,excess_cutoff_500mi,2,current,soy_share_all_land
dose_100mgy,-0.06010574458416186,0.02382656861345275,-0.10789578916276113,-0.012315700005562584,0.014685394537782922,594,54,2014,2024,2.258567100564788,3.7640321961075522,-0.2262399577858024,exclude_both_disputed_sites,road_km,excess_cutoff_500mi,3,current,soy_share_all_land
dose_100mgy,-0.03248388187400744,0.019956536548926998,-0.0726091879010784,0.007641424153063514,0.11012914089055212,539,49,2014,2024,2.317414285381805,3.741191418766991,-0.12152842011527724,exclude_both_disputed_sites,road_km,excess_cutoff_500mi,4,current,soy_share_all_land
dose_100mgy,-0.0219227921407291,0.017070266742603063,-0.05642308816016777,0.012577503878709574,0.20643703653257528,451,41,2014,2024,2.374378121272074,3.824909985237721,-0.08385270656336577,exclude_both_disputed_sites,road_km,excess_cutoff_500mi,5,current,soy_share_all_land
dose_100mgy,-0.020413115829626825,0.021548119393295834,-0.06425309436655195,0.023426862707298306,0.35035803847876373,374,34,2014,2024,2.400199987854778,4.058852136001753,-0.08285381878753204,exclude_both_disputed_sites,road_km,excess_cutoff_500mi,6,current,soy_share_all_land
dose_100mgy,-0.12986647235909277,0.05579027861657629,-0.2416278301996861,-0.01810511451849943,0.023563373272589005,627,57,2014,2024,0.49065716739908555,0.702927146484393,-0.09128666883937138,exclude_both_disputed_sites,road_km,exp150_sum1,1,current,soy_share_all_land
dose_100mgy,-0.17855992301175747,0.06994189379831244,-0.31867037262187037,-0.03844947340164456,0.013432958587982866,627,57,2014,2024,0.49065716739908555,0.702927146484393,-0.1255146171591276,exclude_both_disputed_sites,road_km,exp150_sum1,2,current,soy_share_all_land
dose_100mgy,-0.16786969474498215,0.05633825189751379,-0.28086991787162974,-0.05486947161833454,0.004347675632268104,594,54,2014,2024,0.5035508352213167,0.721537246021672,-0.12112423723679316,exclude_both_disputed_sites,road_km,exp150_sum1,3,current,soy_share_all_land
dose_100mgy,-0.1482628692801306,0.029452522296163658,-0.2074811343084999,-0.0890446042517613,7.180341757210467e-06,539,49,2014,2024,0.5275092099176834,0.7559701612470116,-0.11208230519664493,exclude_both_disputed_sites,road_km,exp150_sum1,4,current,soy_share_all_land
dose_100mgy,-0.1654977986527987,0.02858214930653303,-0.22326447721829212,-0.1077311200873053,9.319380784565129e-07,451,41,2014,2024,0.573381849344577,0.8239386599534407,-0.13636003444723133,exclude_both_disputed_sites,road_km,exp150_sum1,5,current,soy_share_all_land
dose_100mgy,-0.1719641651377982,0.026775320941229353,-0.22643896518684492,-0.11748936508875146,2.7972949486247996e-07,374,34,2014,2024,0.6232848704199473,0.9020435452699401,-0.15511916518028493,exclude_both_disputed_sites,road_km,exp150_sum1,6,current,soy_share_all_land
dose_100mgy,-0.07968869692405453,0.04902569357587301,-0.17789896256500187,0.01852156871689281,0.1096825886100003,627,57,2014,2024,0.9224721939470507,1.275500063201753,-0.1016429379630969,exclude_both_disputed_sites,road_km,exp_150mi,1,current,soy_share_all_land
dose_100mgy,-0.10232647471529639,0.03638029259697578,-0.17520495820915807,-0.02944799122143471,0.006762551702689789,627,57,2014,2024,0.9224721939470507,1.275500063201753,-0.13051742496657312,exclude_both_disputed_sites,road_km,exp_150mi,2,current,soy_share_all_land
dose_100mgy,-0.09696927410063523,0.031098183936412706,-0.1593443319927535,-0.03459421620851697,0.002939815897109385,594,54,2014,2024,0.9467321055643397,1.307326696547472,-0.1267705207765898,exclude_both_disputed_sites,road_km,exp_150mi,3,current,soy_share_all_land
dose_100mgy,-0.06426990304572276,0.03128214412088138,-0.1271668693081774,-0.001372936783268136,0.04539094682218309,539,49,2014,2024,0.9907725631224137,1.3642933341581236,-0.08768300031226844,exclude_both_disputed_sites,road_km,exp_150mi,4,current,soy_share_all_land
dose_100mgy,-0.06417240527607605,0.04112947667021274,-0.147298178390419,0.0189533678382669,0.12657791022416542,451,41,2014,2024,1.0741047733941225,1.4817392557058653,-0.09508677203062807,exclude_both_disputed_sites,road_km,exp_150mi,5,current,soy_share_all_land
dose_100mgy,-0.06782133731977869,0.04082594589349909,-0.1508823487729416,0.015239674133384215,0.10614004210992369,374,34,2014,2024,1.1590674608993543,1.6201560267888464,-0.10988114840351874,exclude_both_disputed_sites,road_km,exp_150mi,6,current,soy_share_all_land
dose_100mgy,-0.05365766329678684,0.05262602556448024,-0.15908026057868271,0.051764933985109035,0.3123014840968431,627,57,2014,2024,0.9781417186232547,1.8529274453267806,-0.09942375697471979,exclude_both_disputed_sites,road_km,exp_300mi,1,current,soy_share_all_land
dose_100mgy,-0.07949223264713413,0.0378630496877975,-0.15534103552149028,-0.003643429772777984,0.040295025003758846,627,57,2014,2024,0.9781417186232547,1.8529274453267806,-0.14729333956217636,exclude_both_disputed_sites,road_km,exp_300mi,2,current,soy_share_all_land
dose_100mgy,-0.08343917144560162,0.03873209215873338,-0.16112591018326372,-0.005752432707939514,0.035784859418648084,594,54,2014,2024,1.0031019357683173,1.87177650716472,-0.15617948088916644,exclude_both_disputed_sites,road_km,exp_300mi,3,current,soy_share_all_land
dose_100mgy,-0.04745077898822115,0.03949855549109171,-0.1268679475345596,0.03196638955811729,0.23551764930124744,539,49,2014,2024,1.0447351464575965,1.9013467398039692,-0.09022038393041297,exclude_both_disputed_sites,road_km,exp_300mi,4,current,soy_share_all_land
dose_100mgy,-0.049914282693820124,0.04495022471069124,-0.14076207564533508,0.04093351025769484,0.2734426351658531,451,41,2014,2024,1.1195696207508312,1.9839998186117551,-0.09902992781067499,exclude_both_disputed_sites,road_km,exp_300mi,5,current,soy_share_all_land
dose_100mgy,-0.05948051098478088,0.04533249410230819,-0.15171016370745882,0.032749141737897045,0.1985424536451689,374,34,2014,2024,1.1932786430163296,2.1313754876140356,-0.12677530310371934,exclude_both_disputed_sites,road_km,exp_300mi,6,current,soy_share_all_land
dose_100mgy,-0.03743639565707011,0.035071195150454954,-0.10769244184112148,0.03281965052698126,0.29035340583574115,627,57,2014,2024,0.9097957455476892,1.1921970753918614,-0.04463156141557156,exclude_both_disputed_sites,road_km,exp_50mi,1,current,soy_share_all_land
dose_100mgy,-0.06319931671966046,0.015457389532366427,-0.09416418883798976,-0.032234444601331166,0.00014007323567072217,627,57,2014,2024,0.9097957455476892,1.1921970753918614,-0.07534604055994316,exclude_both_disputed_sites,road_km,exp_50mi,2,current,soy_share_all_land
dose_100mgy,-0.06640380389010818,0.016852343851478466,-0.10020532508193082,-0.03260228269828554,0.0002395973690452675,594,54,2014,2024,0.9335827383221835,1.224457781868782,-0.08130865441893147,exclude_both_disputed_sites,road_km,exp_50mi,3,current,soy_share_all_land
dose_100mgy,-0.06197460410204703,0.02743669699242023,-0.11713978070941136,-0.006809427494682697,0.028474906030966522,539,49,2014,2024,0.977816982275823,1.2845971916173697,-0.07961240238108794,exclude_both_disputed_sites,road_km,exp_50mi,4,current,soy_share_all_land
dose_100mgy,-0.07366846443100036,0.03627242239718984,-0.14697776468475482,-0.00035916417724590755,0.04894020792775545,451,41,2014,2024,1.0635715012895801,1.4024233634211032,-0.10331437566539144,exclude_both_disputed_sites,road_km,exp_50mi,5,current,soy_share_all_land
dose_100mgy,-0.07843081270323986,0.033674239603584746,-0.14694156830670735,-0.009920057099772353,0.026123263972155766,374,34,2014,2024,1.1603079685643165,1.5373495683933396,-0.12057557605806465,exclude_both_disputed_sites,road_km,exp_50mi,6,current,soy_share_all_land
dose_100mgy,-0.03779680183402038,0.06451760033973436,-0.16704108591692954,0.0914474822488888,0.5603387784402325,627,57,2014,2024,0.8546996957436055,3.599650132606433,-0.13605526273393054,exclude_both_disputed_sites,road_km,inverse_1,1,current,soy_share_all_land
dose_100mgy,-0.03955026525716619,0.05222499363649947,-0.1441694990513729,0.06506896853704053,0.4520417942433754,627,57,2014,2024,0.8546996957436055,3.599650132606433,-0.1423671175775779,exclude_both_disputed_sites,road_km,inverse_1,2,current,soy_share_all_land
dose_100mgy,-0.05653493735237455,0.04767830385312079,-0.15216550436932008,0.03909562966457098,0.24100681352316217,594,54,2014,2024,0.8761453068776365,3.597570120922515,-0.2033884014071289,exclude_both_disputed_sites,road_km,inverse_1,3,current,soy_share_all_land
dose_100mgy,-0.030658059751723928,0.056709106817439014,-0.1446793609926921,0.08336324148924423,0.5912697370740332,539,49,2014,2024,0.9141620315737531,3.59186841336648,-0.11011971643731937,exclude_both_disputed_sites,road_km,inverse_1,4,current,soy_share_all_land
dose_100mgy,-0.04780068503451543,0.05794222954072707,-0.16490629921875605,0.06930492914972519,0.4142806707561718,451,41,2014,2024,0.9851811549564423,3.6144743426592494,-0.17277434961879198,exclude_both_disputed_sites,road_km,inverse_1,5,current,soy_share_all_land
dose_100mgy,-0.04289326638853218,0.063733333841243,-0.17255970904598666,0.0867731762689223,0.5056260701227498,374,34,2014,2024,1.0670210207995259,3.70486519811409,-0.1589137698763097,exclude_both_disputed_sites,road_km,inverse_1,6,current,soy_share_all_land
dose_100mgy,-0.03747744577945008,0.061899412708272254,-0.1614768697894305,0.08652197823053032,0.5473212713647089,627,57,2014,2024,0.9621950514193737,2.431953067179311,-0.09114338921337994,exclude_both_disputed_sites,road_km,inverse_2,1,current,soy_share_all_land
dose_100mgy,-0.03436556850794327,0.045934844310513624,-0.12638411904470165,0.05765298202881512,0.45750788617952715,627,57,2014,2024,0.9621950514193737,2.431953067179311,-0.08357544973825337,exclude_both_disputed_sites,road_km,inverse_2,2,current,soy_share_all_land
dose_100mgy,-0.05293823658421932,0.04176720066499809,-0.13671263205367706,0.03083615888523842,0.21053164149851952,594,54,2014,2024,0.9860209852407025,2.435786451618003,-0.1289462394443899,exclude_both_disputed_sites,road_km,inverse_2,3,current,soy_share_all_land
dose_100mgy,-0.024733742179691435,0.0501899179647259,-0.12564733572187817,0.0761798513624953,0.6243986742542231,539,49,2014,2024,1.027443550907387,2.4401585681360696,-0.06035425290184256,exclude_both_disputed_sites,road_km,inverse_2,4,current,soy_share_all_land
dose_100mgy,-0.036573144128408154,0.053419972654494004,-0.14453893621124003,0.07139264795442374,0.49752276460479433,451,41,2014,2024,1.106536415607476,2.490385059310435,-0.09108121170939483,exclude_both_disputed_sites,road_km,inverse_2,5,current,soy_share_all_land
dose_100mgy,-0.03080117894831066,0.06000590660537839,-0.15288411387426928,0.09128175597764797,0.6111593945977837,374,34,2014,2024,1.1955591186256949,2.6153405228188693,-0.08055557145411235,exclude_both_disputed_sites,road_km,inverse_2,6,current,soy_share_all_land
dose_100mgy,-0.02996866285436877,0.037877533899688356,-0.10584648109176512,0.04590915538302757,0.43216629301502546,627,57,2014,2024,0.9099927175976756,1.190796967623922,-0.03568659285072601,exclude_both_disputed_sites,road_km,nearest_only,1,current,soy_share_all_land
dose_100mgy,-0.05477805811860689,0.017926369485936424,-0.09068889141394673,-0.018867224823267054,0.003435911753920026,627,57,2014,2024,0.9099927175976756,1.190796967623922,-0.06522954549996406,exclude_both_disputed_sites,road_km,nearest_only,2,current,soy_share_all_land
dose_100mgy,-0.06135718906310956,0.01764331713082416,-0.09674520174238327,-0.025969176383835856,0.0010187730158010885,594,54,2014,2024,0.9338866335650614,1.2230500148613164,-0.07504291099548474,exclude_both_disputed_sites,road_km,nearest_only,3,current,soy_share_all_land
dose_100mgy,-0.061872996210631394,0.027015289195856895,-0.11619087565509165,-0.007555116766171141,0.02643998292192405,539,49,2014,2024,0.9782524674471651,1.2831660454701885,-0.07939332786898784,exclude_both_disputed_sites,road_km,nearest_only,4,current,soy_share_all_land
dose_100mgy,-0.07507946167620679,0.03564224957797998,-0.14711513515341626,-0.0030437881989973103,0.041484256863066345,451,41,2014,2024,1.0645311855006492,1.4010038652695158,-0.10518661601072019,exclude_both_disputed_sites,road_km,nearest_only,5,current,soy_share_all_land
dose_100mgy,-0.08075957359545503,0.033093943109549474,-0.14808970710475156,-0.013429440086158498,0.02021044027887965,374,34,2014,2024,1.1621547396699565,1.536017395084082,-0.12404810986219206,exclude_both_disputed_sites,road_km,nearest_only,6,current,soy_share_all_land
dose_100mgy,-0.039216090045978674,0.03477045285604135,-0.10886967701998099,0.03043749692802364,0.26418957736046017,627,57,2014,2024,0.937090754182183,1.2331875281087248,-0.04836079314588961,exclude_unverified_83388,air_km,excess_cutoff_100mi,1,current,soy_share_all_land
dose_100mgy,-0.06811940600170698,0.017808753491579267,-0.10379462614796278,-0.032444185855451176,0.0003311727920128551,627,57,2014,2024,0.937090754182183,1.2331875281087248,-0.08400400190347966,exclude_unverified_83388,air_km,excess_cutoff_100mi,2,current,soy_share_all_land
dose_100mgy,-0.07152868671572982,0.017795431246857247,-0.10722180167406821,-0.035835571757391424,0.00018548642259424124,594,54,2014,2024,0.961358695809314,1.2664743980348776,-0.09058925045052926,exclude_unverified_83388,air_km,excess_cutoff_100mi,3,current,soy_share_all_land
dose_100mgy,-0.06732928689944703,0.024715149476155978,-0.11702242547608457,-0.0176361483228095,0.008963908616852083,539,49,2014,2024,1.0063393498730067,1.3284917645087952,-0.0894464031561653,exclude_unverified_83388,air_km,excess_cutoff_100mi,4,current,soy_share_all_land
dose_100mgy,-0.07390602330786644,0.036760191030501765,-0.14820114074257096,0.00038909412683806044,0.05115489633469458,451,41,2014,2024,1.0941816865844618,1.4492299027967868,-0.10710681897455634,exclude_unverified_83388,air_km,excess_cutoff_100mi,5,current,soy_share_all_land
dose_100mgy,-0.08152921496630684,0.03360622930216224,-0.14990160257114613,-0.01315682736146756,0.020895424359458008,374,34,2014,2024,1.1927378184977129,1.5882280380388991,-0.12948698512878917,exclude_unverified_83388,air_km,excess_cutoff_100mi,6,current,soy_share_all_land
dose_100mgy,-0.09340407656746169,0.08852337941781652,-0.27073771478725134,0.08392956165232796,0.2958948325791688,627,57,2014,2024,1.1778963081121745,1.5686942347156292,-0.14652243641031434,exclude_unverified_83388,air_km,excess_cutoff_250mi,1,current,soy_share_all_land
dose_100mgy,-0.12245838502151474,0.0654862608073464,-0.25364312919588256,0.00872635915285308,0.06671639163356273,627,57,2014,2024,1.1778963081121745,1.5686942347156292,-0.19209976257583694,exclude_unverified_83388,air_km,excess_cutoff_250mi,2,current,soy_share_all_land
dose_100mgy,-0.10728793805776314,0.04884881619536566,-0.20526625551763644,-0.009309620597889826,0.032465112265842776,594,54,2014,2024,1.2028351581439294,1.6092955645922729,-0.17265800285060873,exclude_unverified_83388,air_km,excess_cutoff_250mi,3,current,soy_share_all_land
dose_100mgy,-0.050791564128536325,0.040141479883597654,-0.13150141880497168,0.029918290547899025,0.21186690251903412,539,49,2014,2024,1.2498941089179934,1.6843039948391725,-0.08554843436582374,exclude_unverified_83388,air_km,excess_cutoff_250mi,4,current,soy_share_all_land
dose_100mgy,-0.00970798831952405,0.05004900935630979,-0.11086080943877016,0.09144483279972207,0.8471813716970102,451,41,2014,2024,1.3453311393680079,1.824684856981436,-0.017714019278388192,exclude_unverified_83388,air_km,excess_cutoff_250mi,5,current,soy_share_all_land
dose_100mgy,0.0006306032710800481,0.05903030492736308,-0.11946745511673919,0.1207286616588993,0.9915409199108495,374,34,2014,2024,1.4358072161004665,1.989508060834232,0.00125459029100219,exclude_unverified_83388,air_km,excess_cutoff_250mi,6,current,soy_share_all_land
dose_100mgy,-0.03256484781667322,0.028518788351856002,-0.08969484589531555,0.024565150261969107,0.25836571905252786,627,57,2014,2024,2.599681630903736,4.856730758280432,-0.15815869802995822,exclude_unverified_83388,air_km,excess_cutoff_500mi,1,current,soy_share_all_land
dose_100mgy,-0.029434537353152504,0.02278180505503672,-0.07507197688825634,0.016202902181951334,0.2016569940957906,627,57,2014,2024,2.599681630903736,4.856730758280432,-0.14295562291881006,exclude_unverified_83388,air_km,excess_cutoff_500mi,2,current,soy_share_all_land
dose_100mgy,-0.041078271728102675,0.024958835462819358,-0.0911393560054502,0.008982812549244858,0.10571476792092267,594,54,2014,2024,2.629100210871863,4.807245598006329,-0.19747334093862942,exclude_unverified_83388,air_km,excess_cutoff_500mi,3,current,soy_share_all_land
dose_100mgy,-0.026806394156641745,0.01928470527849356,-0.0655808928801204,0.011968104566836897,0.17093155879238195,539,49,2014,2024,2.672813584060987,4.708779239937316,-0.12622539230237162,exclude_unverified_83388,air_km,excess_cutoff_500mi,4,current,soy_share_all_land
dose_100mgy,-0.01761359930997684,0.015721707793684512,-0.04938835602537893,0.014161157405425253,0.2692522668828085,451,41,2014,2024,2.6776141511962877,4.736727790481888,-0.0834308253419799,exclude_unverified_83388,air_km,excess_cutoff_500mi,5,current,soy_share_all_land
dose_100mgy,-0.012737307000141144,0.01953053005941286,-0.05247246917331075,0.026997855173028457,0.5188060037386433,374,34,2014,2024,2.6572423304238906,4.9395318066779605,-0.06291633305861902,exclude_unverified_83388,air_km,excess_cutoff_500mi,6,current,soy_share_all_land
dose_100mgy,-0.15893763942416564,0.07324244313355331,-0.30565988385719933,-0.012215394991131917,0.0342630342918689,627,57,2014,2024,0.4012436823813202,0.5857052297367229,-0.09309060661274336,exclude_unverified_83388,air_km,exp150_sum1,1,current,soy_share_all_land
dose_100mgy,-0.23479665149682324,0.0922597764605309,-0.4196151924143611,-0.04997811057928536,0.013712030744737588,627,57,2014,2024,0.4012436823813202,0.5857052297367229,-0.13752162670636012,exclude_unverified_83388,air_km,exp150_sum1,2,current,soy_share_all_land
dose_100mgy,-0.2270100077956204,0.08109214992488742,-0.38966026275917953,-0.06435975283206125,0.0071260219089814125,594,54,2014,2024,0.41181077621802087,0.600829925661062,-0.1363944061081597,exclude_unverified_83388,air_km,exp150_sum1,3,current,soy_share_all_land
dose_100mgy,-0.188690326530068,0.042190004669744124,-0.2735190163433842,-0.10386163671675182,4.73304244404882e-05,539,49,2014,2024,0.4314441713899231,0.6288205762904423,-0.1186523598690691,exclude_unverified_83388,air_km,exp150_sum1,4,current,soy_share_all_land
dose_100mgy,-0.19523892060366616,0.04828163742823738,-0.29281974981356695,-0.09765809139376534,0.00023302556332188256,451,41,2014,2024,0.4680970640104092,0.6841040896680917,-0.13356374404735186,exclude_unverified_83388,air_km,exp150_sum1,5,current,soy_share_all_land
dose_100mgy,-0.20447086662013175,0.043257429037593616,-0.2924787677254452,-0.11646296551481833,4.116351407810667e-05,374,34,2014,2024,0.5071141386714727,0.7478093492043627,-0.15290522569845277,exclude_unverified_83388,air_km,exp150_sum1,6,current,soy_share_all_land
dose_100mgy,-0.0765271332130387,0.04874377727734051,-0.17417265264545884,0.02111838621938146,0.12205163882636995,627,57,2014,2024,0.971624623086636,1.3977334280723521,-0.10696453224641013,exclude_unverified_83388,air_km,exp_150mi,1,current,soy_share_all_land
dose_100mgy,-0.10524964026129245,0.03700673914705548,-0.17938304699245555,-0.03111623353012935,0.0062079274675565675,627,57,2014,2024,0.971624623086636,1.3977334280723521,-0.14711094048579815,exclude_unverified_83388,air_km,exp_150mi,2,current,soy_share_all_land
dose_100mgy,-0.1063735129392143,0.035857118756510334,-0.17829378528872214,-0.03445324058970646,0.004509045291177515,594,54,2014,2024,0.9975135884562907,1.4305339283327576,-0.15217091933548965,exclude_unverified_83388,air_km,exp_150mi,3,current,soy_share_all_land
dose_100mgy,-0.06550907299918945,0.031590422143991354,-0.1290258737699207,-0.001992272228458228,0.04349589134285785,539,49,2014,2024,1.0450073445911319,1.4898999524640066,-0.09760196474745352,exclude_unverified_83388,air_km,exp_150mi,4,current,soy_share_all_land
dose_100mgy,-0.05360560471146862,0.04342101490348161,-0.1413627493550172,0.03415153993207996,0.224199991888993,451,41,2014,2024,1.1294899300568677,1.6112444221621167,-0.0863717315879811,exclude_unverified_83388,air_km,exp_150mi,5,current,soy_share_all_land
dose_100mgy,-0.055521914450884446,0.044028627961483754,-0.14509883156422881,0.034055002662459935,0.21613660810530122,374,34,2014,2024,1.2126011440348616,1.7572680691714078,-0.0975668874038058,exclude_unverified_83388,air_km,exp_150mi,6,current,soy_share_all_land
dose_100mgy,-0.03505147270261419,0.05306591727010627,-0.14135527896110356,0.07125233355587518,0.5116237493173541,627,57,2014,2024,1.0659080483962307,2.2858031439784137,-0.08012076650470906,exclude_unverified_83388,air_km,exp_300mi,1,current,soy_share_all_land
dose_100mgy,-0.06209308446669357,0.03913218229532928,-0.14048426545807496,0.016298096524687826,0.11819977316842455,627,57,2014,2024,1.0659080483962307,2.2858031439784137,-0.14193256769328536,exclude_unverified_83388,air_km,exp_300mi,2,current,soy_share_all_land
dose_100mgy,-0.07676357921196196,0.042256396799204746,-0.16151917786852968,0.007992019444605758,0.07493289111655779,594,54,2014,2024,1.0937590764723197,2.3001909578625837,-0.1765708907965231,exclude_unverified_83388,air_km,exp_300mi,3,current,soy_share_all_land
dose_100mgy,-0.0354350721339217,0.03952144174406175,-0.11489825657595348,0.044028112308110094,0.37440531323178095,539,49,2014,2024,1.1421307828409724,2.3245391298603475,-0.08237021174472499,exclude_unverified_83388,air_km,exp_300mi,4,current,soy_share_all_land
dose_100mgy,-0.029193235295660893,0.044393220575247194,-0.11891528089673108,0.060528810305409284,0.5145582117731292,451,41,2014,2024,1.2198445123668282,2.4019398290950287,-0.07012039459679069,exclude_unverified_83388,air_km,exp_300mi,5,current,soy_share_all_land
dose_100mgy,-0.0349086523253588,0.04669125277162703,-0.12990272034630782,0.06008541569559021,0.4599669934922721,374,34,2014,2024,1.2941084958544093,2.558349737028802,-0.08930854149661158,exclude_unverified_83388,air_km,exp_300mi,6,current,soy_share_all_land
dose_100mgy,-0.0405961910952107,0.03462873672011683,-0.10996588653521122,0.028773504344789834,0.24602908553858607,627,57,2014,2024,0.938713679326654,1.23540627311833,-0.05015278914373378,exclude_unverified_83388,air_km,exp_50mi,1,current,soy_share_all_land
dose_100mgy,-0.06910895064422086,0.01664914419462179,-0.10246119422885688,-0.035756707059584836,0.00011386574293768699,627,57,2014,2024,0.938713679326654,1.23540627311833,-0.0853776311544955,exclude_unverified_83388,air_km,exp_50mi,2,current,soy_share_all_land
dose_100mgy,-0.07383245252742794,0.01764774256651089,-0.10922934150660785,-0.038435563548248036,0.00010832567342779542,594,54,2014,2024,0.9630334244777725,1.2687474354229895,-0.09367473479516382,exclude_unverified_83388,air_km,exp_50mi,3,current,soy_share_all_land
dose_100mgy,-0.06542821894595494,0.025537397266710803,-0.11677459750966174,-0.014081840382248141,0.013599804641562626,539,49,2014,2024,1.0081835037776263,1.3308864785276027,-0.08707753190931494,exclude_unverified_83388,air_km,exp_50mi,4,current,soy_share_all_land
dose_100mgy,-0.07199764042469425,0.03735303574607889,-0.1474909417243248,0.0034956608749363016,0.061040806013497526,451,41,2014,2024,1.0960768105868162,1.4525627435397606,-0.10458109010368305,exclude_unverified_83388,air_km,exp_50mi,5,current,soy_share_all_land
dose_100mgy,-0.07804745226862514,0.034296414926302976,-0.14782403308385839,-0.008270871453391906,0.029486734166630363,374,34,2014,2024,1.1943307647949242,1.5917061828150552,-0.12422861232893354,exclude_unverified_83388,air_km,exp_50mi,6,current,soy_share_all_land
dose_100mgy,-0.03318796017024585,0.06647669371523314,-0.16635677987497927,0.09998085953448758,0.6195646150222651,627,57,2014,2024,0.9240582180796139,3.7583883870199233,-0.12473324409273175,exclude_unverified_83388,air_km,inverse_1,1,current,soy_share_all_land
dose_100mgy,-0.03357584274895239,0.05262312507588392,-0.13899262965398756,0.07184094415608278,0.5260459637377561,627,57,2014,2024,0.9240582180796139,3.7583883870199233,-0.12619105747206974,exclude_unverified_83388,air_km,inverse_1,2,current,soy_share_all_land
dose_100mgy,-0.05901554619072063,0.049631128493814076,-0.1585629834102948,0.040531891028853524,0.2397071433451856,594,54,2014,2024,0.9470643629910095,3.754631935769124,-0.22158165443453753,exclude_unverified_83388,air_km,inverse_1,3,current,soy_share_all_land
dose_100mgy,-0.023792161096592428,0.054629131620317906,-0.13363139191123258,0.08604706971804774,0.6651362028164893,539,49,2014,2024,0.9881090031777761,3.7462367515599455,-0.08913106829908933,exclude_unverified_83388,air_km,inverse_1,4,current,soy_share_all_land
dose_100mgy,-0.02867957122321306,0.06035731253748821,-0.15066625021775473,0.09330710777132861,0.637255127854806,451,41,2014,2024,1.0623795193970207,3.773399914097352,-0.10821949159002105,exclude_unverified_83388,air_km,inverse_1,5,current,soy_share_all_land
dose_100mgy,-0.02112252991774668,0.06728409614897166,-0.15801305280788164,0.11576799297238827,0.7555498081497048,374,34,2014,2024,1.145202664367269,3.876310357245911,-0.08187748149139809,exclude_unverified_83388,air_km,inverse_1,6,current,soy_share_all_land
dose_100mgy,-0.04182510928973761,0.06146829098654288,-0.16496089271196993,0.08131067413249471,0.49903342575389226,627,57,2014,2024,1.017902941765365,2.429470041713647,-0.10161285001081667,exclude_unverified_83388,air_km,inverse_2,1,current,soy_share_all_land
dose_100mgy,-0.04087135641993624,0.043344677705081706,-0.12770117974409345,0.04595846690422096,0.3497628342870689,627,57,2014,2024,1.017902941765365,2.429470041713647,-0.09929573598643583,exclude_unverified_83388,air_km,inverse_2,2,current,soy_share_all_land
dose_100mgy,-0.06545604681530137,0.04136739032170728,-0.1484285242898169,0.01751643065921417,0.11952858803746938,594,54,2014,2024,1.0437555846213196,2.435660678768716,-0.15942871941567377,exclude_unverified_83388,air_km,inverse_2,3,current,soy_share_all_land
dose_100mgy,-0.028291797259406646,0.04544665361032287,-0.11966841862603059,0.0630848241072173,0.5365413501986729,539,49,2014,2024,1.0895590743390842,2.4447962187295786,-0.06916767896086122,exclude_unverified_83388,air_km,inverse_2,4,current,soy_share_all_land
dose_100mgy,-0.027175924130586157,0.05217120127478776,-0.13261785510977495,0.07826600684860263,0.6053090345581391,451,41,2014,2024,1.1732800746728964,2.510985721013003,-0.06823835744723454,exclude_unverified_83388,air_km,inverse_2,5,current,soy_share_all_land
dose_100mgy,-0.018354803134337776,0.059634531928129605,-0.13968217059834845,0.10297256432967289,0.7601778293284593,374,34,2014,2024,1.2616751871084002,2.649184839932555,-0.04862526620343418,exclude_unverified_83388,air_km,inverse_2,6,current,soy_share_all_land
dose_100mgy,-0.03559479521873101,0.035356335055076654,-0.10642204527028898,0.03523245483282695,0.3183879672861301,627,57,2014,2024,0.9372635504743331,1.230697658045984,-0.043806431114318645,exclude_unverified_83388,air_km,nearest_only,1,current,soy_share_all_land
dose_100mgy,-0.0602693397111903,0.016942792083234227,-0.09420983070329847,-0.026328848719082136,0.0007713402366832133,627,57,2014,2024,0.9372635504743331,1.230697658045984,-0.07417333523453973,exclude_unverified_83388,air_km,nearest_only,2,current,soy_share_all_land
dose_100mgy,-0.0667468499730451,0.01650635445413102,-0.09985440431671566,-0.033639295629374545,0.0001714440850034709,594,54,2014,2024,0.961774554526267,1.2639671921748048,-0.08436582854694276,exclude_unverified_83388,air_km,nearest_only,3,current,soy_share_all_land
dose_100mgy,-0.06290990739218427,0.025517262793529304,-0.1142158028842859,-0.011604011900082652,0.017313872796369388,539,49,2014,2024,1.0072629002696893,1.3259634691282831,-0.08341623904827968,exclude_unverified_83388,air_km,nearest_only,4,current,soy_share_all_land
dose_100mgy,-0.07139951814576787,0.03729247531192606,-0.14677042224230585,0.003971385950770137,0.06271741459795574,451,41,2014,2024,1.0956297457629967,1.447428932592253,-0.10334572833732997,exclude_unverified_83388,air_km,nearest_only,5,current,soy_share_all_land
dose_100mgy,-0.07827476173681809,0.034226089520448685,-0.14790826443804145,-0.008641259035594748,0.028743379558458695,374,34,2014,2024,1.1954434638879645,1.5864951939647065,-0.1241825333041944,exclude_unverified_83388,air_km,nearest_only,6,current,soy_share_all_land
dose_100mgy,-0.05643563884668077,0.034635142310581485,-0.12581816622632835,0.01294688853296682,0.10883442484692138,627,57,2014,2024,0.9410605525072593,1.2373930289397743,-0.06983306609264552,exclude_unverified_83388,legacy_road_km,excess_cutoff_100mi,1,current,soy_share_all_land
dose_100mgy,-0.08722551892573494,0.03117086384754282,-0.14966826262679575,-0.024782775224674113,0.007031845558148359,627,57,2014,2024,0.9410605525072593,1.2373930289397743,-0.10793224906435876,exclude_unverified_83388,legacy_road_km,excess_cutoff_100mi,2,current,soy_share_all_land
dose_100mgy,-0.08144330818499637,0.0217545988104769,-0.12507750762885728,-0.03780910874113546,0.0004478827611622908,594,54,2014,2024,0.96543795776538,1.2707641816982163,-0.10349523888050255,exclude_unverified_83388,legacy_road_km,excess_cutoff_100mi,3,current,soy_share_all_land
dose_100mgy,-0.0660973504469078,0.024992460230337195,-0.11634805966456507,-0.015846641229250523,0.011017051133647971,539,49,2014,2024,1.0106231029993655,1.332932000928707,-0.08810327358728277,exclude_unverified_83388,legacy_road_km,excess_cutoff_100mi,4,current,soy_share_all_land
dose_100mgy,-0.06777355214902678,0.03833179297510126,-0.1452449955973188,0.009697891299265252,0.08467505721435777,451,41,2014,2024,1.098175478942114,1.4546616308309899,-0.09858758589631243,exclude_unverified_83388,legacy_road_km,excess_cutoff_100mi,5,current,soy_share_all_land
dose_100mgy,-0.06233766939637611,0.04054765331060879,-0.14483249033248202,0.020157151539729787,0.13373130424735105,374,34,2014,2024,1.1966577148790467,1.5939015492766162,-0.09936010782917738,exclude_unverified_83388,legacy_road_km,excess_cutoff_100mi,6,current,soy_share_all_land
dose_100mgy,-0.07765361847118438,0.054575578259715325,-0.1869816390957148,0.031674402153346035,0.16032271370502651,627,57,2014,2024,1.3093388111649786,1.688029522572649,-0.13108160051395198,exclude_unverified_83388,legacy_road_km,excess_cutoff_250mi,1,current,soy_share_all_land
dose_100mgy,-0.07391423068045162,0.03654084674906567,-0.14711434278935986,-0.0007141185715433818,0.04788020749974731,627,57,2014,2024,1.3093388111649786,1.688029522572649,-0.1247694035268474,exclude_unverified_83388,legacy_road_km,excess_cutoff_250mi,2,current,soy_share_all_land
dose_100mgy,-0.052713439628933614,0.0354121462373208,-0.12374121013005054,0.018314330872183315,0.14252726267779092,594,54,2014,2024,1.3380559069270854,1.7324218670913174,-0.09132191550276261,exclude_unverified_83388,legacy_road_km,excess_cutoff_250mi,3,current,soy_share_all_land
dose_100mgy,-0.03339986576492107,0.033341000984746676,-0.10043644119883648,0.03363670966899433,0.32148037168830274,539,49,2014,2024,1.3263799859991725,1.7256415481640939,-0.05763619606705132,exclude_unverified_83388,legacy_road_km,excess_cutoff_250mi,4,current,soy_share_all_land
dose_100mgy,-0.022268689780604308,0.03985361858580881,-0.10281585751903519,0.05827847795782656,0.5794390168696324,451,41,2014,2024,1.4299548896299719,1.8783026212853378,-0.04182733838749909,exclude_unverified_83388,legacy_road_km,excess_cutoff_250mi,5,current,soy_share_all_land
dose_100mgy,-0.032245738739512385,0.03696187376590639,-0.10744523633864034,0.04295375885961556,0.3892908908316999,374,34,2014,2024,1.5327582260297314,2.0527247365467463,-0.06619162555882077,exclude_unverified_83388,legacy_road_km,excess_cutoff_250mi,6,current,soy_share_all_land
dose_100mgy,-0.04614083556227132,0.02909109494141711,-0.10441730150478742,0.012135630380244782,0.11835211159253323,627,57,2014,2024,2.414887509727496,4.217623952908041,-0.19460469327462668,exclude_unverified_83388,legacy_road_km,excess_cutoff_500mi,1,current,soy_share_all_land
dose_100mgy,-0.035903482502710124,0.022533022657058317,-0.08104255100805101,0.00923558600263076,0.11670611752561641,627,57,2014,2024,2.414887509727496,4.217623952908041,-0.15142738779624496,exclude_unverified_83388,legacy_road_km,excess_cutoff_500mi,2,current,soy_share_all_land
dose_100mgy,-0.0449092759624553,0.023694569205933685,-0.09243456325803888,0.0026160113331282764,0.063506679503459,594,54,2014,2024,2.4459839668106245,4.190192699722284,-0.18817852028769366,exclude_unverified_83388,legacy_road_km,excess_cutoff_500mi,3,current,soy_share_all_land
dose_100mgy,-0.02129222525274271,0.01963627777054439,-0.060773607848563324,0.0181891573430779,0.2836345191166053,539,49,2014,2024,2.499010412670822,4.134785348845464,-0.08803878101935796,exclude_unverified_83388,legacy_road_km,excess_cutoff_500mi,4,current,soy_share_all_land
dose_100mgy,-0.010695218955461131,0.016124770112047694,-0.04328459500326685,0.02189415709234458,0.510956652099254,451,41,2014,2024,2.5402593841674603,4.179751177214319,-0.044703354019653564,exclude_unverified_83388,legacy_road_km,excess_cutoff_500mi,5,current,soy_share_all_land
dose_100mgy,-0.0073666969488274964,0.020788410997665423,-0.04966103713324186,0.03492764323558687,0.7253194161291684,374,34,2014,2024,2.5581882206869233,4.4100476463095655,-0.032487484540252555,exclude_unverified_83388,legacy_road_km,excess_cutoff_500mi,6,current,soy_share_all_land
dose_100mgy,-0.13011192620651918,0.05740201081042838,-0.24510197160571504,-0.015121880807323324,0.027291682442386476,627,57,2014,2024,0.4937347810955201,0.7095854333196006,-0.0923255275373008,exclude_unverified_83388,legacy_road_km,exp150_sum1,1,current,soy_share_all_land
dose_100mgy,-0.17506276294996534,0.0665338070265844,-0.30834599436558585,-0.04177953153434483,0.010970860463203544,627,57,2014,2024,0.4937347810955201,0.7095854333196006,-0.12422198650597767,exclude_unverified_83388,legacy_road_km,exp150_sum1,2,current,soy_share_all_land
dose_100mgy,-0.16605474562095315,0.055385349985332594,-0.2771436895533126,-0.05496580168859373,0.0041286847684409884,594,54,2014,2024,0.5067306537391938,0.7282856161597367,-0.12093528273080421,exclude_unverified_83388,legacy_road_km,exp150_sum1,3,current,soy_share_all_land
dose_100mgy,-0.1457970329801791,0.03001424187125649,-0.20614471091026795,-0.08544935505009024,1.3070703682489953e-05,539,49,2014,2024,0.5308090106586619,0.7627755646942838,-0.11121041416220723,exclude_unverified_83388,legacy_road_km,exp150_sum1,4,current,soy_share_all_land
dose_100mgy,-0.15909395014618874,0.033270837350011725,-0.2263368207291802,-0.09185107956319727,2.3669927323661273e-05,451,41,2014,2024,0.5769334951448799,0.8309115704848234,-0.1321930039706039,exclude_unverified_83388,legacy_road_km,exp150_sum1,5,current,soy_share_all_land
dose_100mgy,-0.16787651067942927,0.029387939942594973,-0.22766672405316118,-0.10808629730569737,2.251266122398066e-06,374,34,2014,2024,0.6265851047041506,0.9093170704390611,-0.15265297688655038,exclude_unverified_83388,legacy_road_km,exp150_sum1,6,current,soy_share_all_land
dose_100mgy,-0.07582195827532971,0.04532219406289577,-0.16661322288964778,0.014969306338988353,0.09991449906655069,627,57,2014,2024,0.9611530240745982,1.3465426375566514,-0.10209749968077284,exclude_unverified_83388,legacy_road_km,exp_150mi,1,current,soy_share_all_land
dose_100mgy,-0.09364277785508558,0.030817642566215272,-0.15537793430262745,-0.031907621407543725,0.003607530732169013,627,57,2014,2024,0.9611530240745982,1.3465426375566514,-0.12609399308111852,exclude_unverified_83388,legacy_road_km,exp_150mi,2,current,soy_share_all_land
dose_100mgy,-0.09096184613226023,0.02934222756304408,-0.14981490156054147,-0.032108790703978984,0.0030960931884757782,594,54,2014,2024,0.9864301378301144,1.3792735882816511,-0.125461271911566,exclude_unverified_83388,legacy_road_km,exp_150mi,3,current,soy_share_all_land
dose_100mgy,-0.05965461063338112,0.03139056146858603,-0.12276956458346014,0.0034603433166978947,0.06339569157418122,539,49,2014,2024,1.0314702273667247,1.4367339882302892,-0.08570780665162268,exclude_unverified_83388,legacy_road_km,exp_150mi,4,current,soy_share_all_land
dose_100mgy,-0.05523592219317353,0.04301687316077314,-0.14217626590633853,0.03170442151999147,0.2065115859735092,451,41,2014,2024,1.1172995813541324,1.5556389692558072,-0.08592715306648244,exclude_unverified_83388,legacy_road_km,exp_150mi,5,current,soy_share_all_land
dose_100mgy,-0.061500658476883914,0.04121790770668985,-0.1453591222349994,0.022357805281231567,0.1451757193238615,374,34,2014,2024,1.2031375465386365,1.6994090732595155,-0.10451477702705125,exclude_unverified_83388,legacy_road_km,exp_150mi,6,current,soy_share_all_land
dose_100mgy,-0.03807616852839799,0.05207534789060358,-0.1423956258710237,0.06624328881422772,0.4677210601440822,627,57,2014,2024,1.0457182804012486,2.0367541664138105,-0.07755179489128902,exclude_unverified_83388,legacy_road_km,exp_300mi,1,current,soy_share_all_land
dose_100mgy,-0.05579564779942639,0.03784975364576413,-0.13161781550098178,0.020026519902129003,0.14604494802256732,627,57,2014,2024,1.0457182804012486,2.0367541664138105,-0.11364201812323925,exclude_unverified_83388,legacy_road_km,exp_300mi,2,current,soy_share_all_land
dose_100mgy,-0.06496305285437598,0.04077034357058265,-0.14673800619880575,0.016811900490053794,0.11701979672121572,594,54,2014,2024,1.072172103270823,2.053550114997131,-0.1334048846596685,exclude_unverified_83388,legacy_road_km,exp_300mi,3,current,soy_share_all_land
dose_100mgy,-0.033169235248630816,0.040380122317127176,-0.11435891269656465,0.048020442199303015,0.4154656958001002,539,49,2014,2024,1.114734442363952,2.0780505112431915,-0.06892734626596296,exclude_unverified_83388,legacy_road_km,exp_300mi,4,current,soy_share_all_land
dose_100mgy,-0.03302607013655146,0.04589963946149416,-0.12579270187610797,0.05974056160300505,0.4759989102766757,451,41,2014,2024,1.1889465387568758,2.149950389760563,-0.07100441236233851,exclude_unverified_83388,legacy_road_km,exp_300mi,5,current,soy_share_all_land
dose_100mgy,-0.04351194636886636,0.0456481268850396,-0.13638375881638784,0.04935986607865512,0.34741739473487815,374,34,2014,2024,1.2654643942663881,2.3047054640798676,-0.10028222054907644,exclude_unverified_83388,legacy_road_km,exp_300mi,6,current,soy_share_all_land
dose_100mgy,-0.04365160447274858,0.032880199121002006,-0.10951855819576581,0.02221534925026864,0.18969845635121974,627,57,2014,2024,0.9365200702084548,1.2323790087120499,-0.053795321048816375,exclude_unverified_83388,legacy_road_km,exp_50mi,1,current,soy_share_all_land
dose_100mgy,-0.06826517018339229,0.015643848819072343,-0.0996035651372582,-0.03692677522952638,5.5544146040448596e-05,627,57,2014,2024,0.9365200702084548,1.2323790087120499,-0.08412856276016838,exclude_unverified_83388,legacy_road_km,exp_50mi,2,current,soy_share_all_land
dose_100mgy,-0.07248064533875387,0.016861904599550913,-0.10630134296273507,-0.03865994771477267,7.397676674626451e-05,594,54,2014,2024,0.960848594771048,1.2656486549410302,-0.09173503128225169,exclude_unverified_83388,legacy_road_km,exp_50mi,3,current,soy_share_all_land
dose_100mgy,-0.06459410162848944,0.02565017304972298,-0.11616723110133881,-0.013020972155640076,0.01518153991018075,539,49,2014,2024,1.006090706916633,1.327667053870023,-0.08575946060647743,exclude_unverified_83388,legacy_road_km,exp_50mi,4,current,soy_share_all_land
dose_100mgy,-0.07174348202317746,0.03736340724220967,-0.1472577448983986,0.003770780852043673,0.06198902145206836,451,41,2014,2024,1.093939423714819,1.4491229995178923,-0.1039651298652849,exclude_unverified_83388,legacy_road_km,exp_50mi,5,current,soy_share_all_land
dose_100mgy,-0.07699599719961936,0.03441625181653273,-0.1470163880012238,-0.006975606398014936,0.03214488011323117,374,34,2014,2024,1.1924245199025303,1.588017073907738,-0.12227095817554792,exclude_unverified_83388,legacy_road_km,exp_50mi,6,current,soy_share_all_land
dose_100mgy,-0.022011907244303946,0.06583663038306102,-0.15389852601938872,0.10987471153078084,0.7393709608717064,627,57,2014,2024,0.9046375303542878,3.8848630410334777,-0.08551324491605347,exclude_unverified_83388,legacy_road_km,inverse_1,1,current,soy_share_all_land
dose_100mgy,-0.01927183632328635,0.05621521875689847,-0.131884451556046,0.09334077890947332,0.7330156246843544,627,57,2014,2024,0.9046375303542878,3.8848630410334777,-0.07486844466518164,exclude_unverified_83388,legacy_road_km,inverse_1,2,current,soy_share_all_land
dose_100mgy,-0.04043770613840936,0.052620020186462745,-0.14598010090095243,0.0651046886241337,0.4456098647311073,594,54,2014,2024,0.9267887856210514,3.880410774962707,-0.15691491061425927,exclude_unverified_83388,legacy_road_km,inverse_1,3,current,soy_share_all_land
dose_100mgy,-0.016609641769997976,0.059391426404507994,-0.1360241080037833,0.10280482446378736,0.7809369461184026,539,49,2014,2024,0.9652913675577862,3.8701507209397343,-0.06428181707070839,exclude_unverified_83388,legacy_road_km,inverse_1,4,current,soy_share_all_land
dose_100mgy,-0.03040018171452492,0.0621886327272593,-0.15608809687638395,0.09528773344733411,0.6276258650759688,451,41,2014,2024,1.0353754686052286,3.8830701302851613,-0.11804603757091287,exclude_unverified_83388,legacy_road_km,inverse_1,5,current,soy_share_all_land
dose_100mgy,-0.027734451253124924,0.06613264334152864,-0.1622823257922261,0.10681342328597623,0.6776588409882461,374,34,2014,2024,1.1196992043259897,3.977940211319454,-0.11032598887868486,exclude_unverified_83388,legacy_road_km,inverse_1,6,current,soy_share_all_land
dose_100mgy,-0.03136529730821255,0.059677877053083,-0.15091445063534548,0.08818385601892036,0.6012574437263044,627,57,2014,2024,1.010174365011467,2.5704646866811385,-0.08062338911801534,exclude_unverified_83388,legacy_road_km,inverse_2,1,current,soy_share_all_land
dose_100mgy,-0.025604713041775026,0.04629502799372894,-0.11834479819901494,0.06713537211546489,0.582412028530664,627,57,2014,2024,1.010174365011467,2.5704646866811385,-0.0658160106864867,exclude_unverified_83388,legacy_road_km,inverse_2,2,current,soy_share_all_land
dose_100mgy,-0.045934042300187126,0.04345141444437775,-0.13308654281289478,0.041218458212520535,0.29524440647769695,594,54,2014,2024,1.0349970646565805,2.5736646197872437,-0.11821881951180227,exclude_unverified_83388,legacy_road_km,inverse_2,3,current,soy_share_all_land
dose_100mgy,-0.019168022281690258,0.049279014888219376,-0.11825012243742614,0.07991407787404561,0.6990190887409614,539,49,2014,2024,1.0774332889250644,2.576317073363892,-0.049382903066938114,exclude_unverified_83388,legacy_road_km,inverse_2,4,current,soy_share_all_land
dose_100mgy,-0.027075802950745662,0.05362178749361169,-0.13544947803831692,0.0812978721368256,0.6163715300435691,451,41,2014,2024,1.156341357452262,2.620864642957142,-0.07096201463328396,exclude_unverified_83388,legacy_road_km,inverse_2,5,current,soy_share_all_land
dose_100mgy,-0.023756536176438067,0.05817509585222288,-0.14211465861836708,0.09460158626549094,0.6856452238844946,374,34,2014,2024,1.2476111957990308,2.75231054692188,-0.06538536507674168,exclude_unverified_83388,legacy_road_km,inverse_2,6,current,soy_share_all_land
dose_100mgy,-0.0360988631203756,0.035166665914938125,-0.10654616022729921,0.034348433986548,0.30906589585983274,627,57,2014,2024,0.9372635504743331,1.230697658045984,-0.044426786300368795,exclude_unverified_83388,legacy_road_km,nearest_only,1,current,soy_share_all_land
dose_100mgy,-0.05927740548443717,0.017086883051824823,-0.09350654537204425,-0.025048265596830092,0.0010115073878999654,627,57,2014,2024,0.9372635504743331,1.230697658045984,-0.07295256410473899,exclude_unverified_83388,legacy_road_km,nearest_only,2,current,soy_share_all_land
dose_100mgy,-0.06675325389138981,0.01676017151152166,-0.10036990078146502,-0.03313660700131461,0.00020887935211046874,594,54,2014,2024,0.961774554526267,1.2639671921748048,-0.08437392288963183,exclude_unverified_83388,legacy_road_km,nearest_only,3,current,soy_share_all_land
dose_100mgy,-0.06420018552018462,0.0252392194027083,-0.11494703730657384,-0.013453333733795411,0.014244843707504827,539,49,2014,2024,1.0072629002696891,1.3259634691282831,-0.08512710071102338,exclude_unverified_83388,legacy_road_km,nearest_only,4,current,soy_share_all_land
dose_100mgy,-0.07345718446663836,0.03677277970238482,-0.14777774455628234,0.0008633756230056328,0.05259302013645375,451,41,2014,2024,1.095629745762997,1.447428932592253,-0.10632405410377858,exclude_unverified_83388,legacy_road_km,nearest_only,5,current,soy_share_all_land
dose_100mgy,-0.07888022753779131,0.034108516907105264,-0.14827452695860638,-0.009485928116976253,0.027121672934369945,374,34,2014,2024,1.1954434638879645,1.5864951939647065,-0.1251431018875484,exclude_unverified_83388,legacy_road_km,nearest_only,6,current,soy_share_all_land
dose_100mgy,-0.05643563884668077,0.034635142310581485,-0.12581816622632835,0.01294688853296682,0.10883442484692138,627,57,2014,2024,0.9410605525072593,1.2373930289397743,-0.06983306609264552,exclude_unverified_83388,road_km,excess_cutoff_100mi,1,current,soy_share_all_land
dose_100mgy,-0.08722551892573494,0.03117086384754282,-0.14966826262679575,-0.024782775224674113,0.007031845558148359,627,57,2014,2024,0.9410605525072593,1.2373930289397743,-0.10793224906435876,exclude_unverified_83388,road_km,excess_cutoff_100mi,2,current,soy_share_all_land
dose_100mgy,-0.08144330818499637,0.0217545988104769,-0.12507750762885728,-0.03780910874113546,0.0004478827611622908,594,54,2014,2024,0.96543795776538,1.2707641816982163,-0.10349523888050255,exclude_unverified_83388,road_km,excess_cutoff_100mi,3,current,soy_share_all_land
dose_100mgy,-0.0660973504469078,0.024992460230337195,-0.11634805966456507,-0.015846641229250523,0.011017051133647971,539,49,2014,2024,1.0106231029993655,1.332932000928707,-0.08810327358728277,exclude_unverified_83388,road_km,excess_cutoff_100mi,4,current,soy_share_all_land
dose_100mgy,-0.06777355214902678,0.03833179297510126,-0.1452449955973188,0.009697891299265252,0.08467505721435777,451,41,2014,2024,1.098175478942114,1.4546616308309899,-0.09858758589631243,exclude_unverified_83388,road_km,excess_cutoff_100mi,5,current,soy_share_all_land
dose_100mgy,-0.06233766939637611,0.04054765331060879,-0.14483249033248202,0.020157151539729787,0.13373130424735105,374,34,2014,2024,1.1966577148790467,1.5939015492766162,-0.09936010782917738,exclude_unverified_83388,road_km,excess_cutoff_100mi,6,current,soy_share_all_land
dose_100mgy,-0.07765361847118438,0.054575578259715325,-0.1869816390957148,0.031674402153346035,0.16032271370502651,627,57,2014,2024,1.3093388111649786,1.688029522572649,-0.13108160051395198,exclude_unverified_83388,road_km,excess_cutoff_250mi,1,current,soy_share_all_land
dose_100mgy,-0.07391423068045162,0.03654084674906567,-0.14711434278935986,-0.0007141185715433818,0.04788020749974731,627,57,2014,2024,1.3093388111649786,1.688029522572649,-0.1247694035268474,exclude_unverified_83388,road_km,excess_cutoff_250mi,2,current,soy_share_all_land
dose_100mgy,-0.052713439628933614,0.0354121462373208,-0.12374121013005054,0.018314330872183315,0.14252726267779092,594,54,2014,2024,1.3380559069270854,1.7324218670913174,-0.09132191550276261,exclude_unverified_83388,road_km,excess_cutoff_250mi,3,current,soy_share_all_land
dose_100mgy,-0.03339986576492107,0.033341000984746676,-0.10043644119883648,0.03363670966899433,0.32148037168830274,539,49,2014,2024,1.3263799859991725,1.7256415481640939,-0.05763619606705132,exclude_unverified_83388,road_km,excess_cutoff_250mi,4,current,soy_share_all_land
dose_100mgy,-0.022268689780604308,0.03985361858580881,-0.10281585751903519,0.05827847795782656,0.5794390168696324,451,41,2014,2024,1.4299548896299719,1.8783026212853378,-0.04182733838749909,exclude_unverified_83388,road_km,excess_cutoff_250mi,5,current,soy_share_all_land
dose_100mgy,-0.032245738739512385,0.03696187376590639,-0.10744523633864034,0.04295375885961556,0.3892908908316999,374,34,2014,2024,1.5327582260297314,2.0527247365467463,-0.06619162555882077,exclude_unverified_83388,road_km,excess_cutoff_250mi,6,current,soy_share_all_land
dose_100mgy,-0.053993282870813425,0.030238631307622048,-0.11456854038846997,0.006581974646843125,0.07958374850793905,627,57,2014,2024,2.4235089534041956,4.226694875635327,-0.22821313202879578,exclude_unverified_83388,road_km,excess_cutoff_500mi,1,current,soy_share_all_land
dose_100mgy,-0.04168481628172357,0.02327436389687713,-0.08830896974523067,0.004939337181783528,0.07869526360938509,627,57,2014,2024,2.4235089534041956,4.226694875635327,-0.17618899936976104,exclude_unverified_83388,road_km,excess_cutoff_500mi,2,current,soy_share_all_land
dose_100mgy,-0.048571064724364926,0.02390850987731484,-0.09652546266480688,-0.000616666783922977,0.04722764084671578,594,54,2014,2024,2.454968221964047,4.199830381313139,-0.20399023328211469,exclude_unverified_83388,road_km,excess_cutoff_500mi,3,current,soy_share_all_land
dose_100mgy,-0.021412238281104674,0.019487415824186206,-0.06059431387348993,0.01776983731128058,0.27734814682000497,539,49,2014,2024,2.5087003504009515,4.145549016333827,-0.08876548334373899,exclude_unverified_83388,road_km,excess_cutoff_500mi,4,current,soy_share_all_land
dose_100mgy,-0.010694204253099625,0.015979578360412406,-0.042990136824799796,0.02160172831860055,0.5071857932453335,451,41,2014,2024,2.551648549661873,4.192478491706844,-0.04483522131704003,exclude_unverified_83388,road_km,excess_cutoff_500mi,5,current,soy_share_all_land
dose_100mgy,-0.007216558391892772,0.02059218224219413,-0.049111668171501345,0.0346785513877158,0.7282271848761136,374,34,2014,2024,2.5718202121972458,4.424598632388473,-0.031930374391320314,exclude_unverified_83388,road_km,excess_cutoff_500mi,6,current,soy_share_all_land
dose_100mgy,-0.13112400309343855,0.05860424775028104,-0.24852241848425033,-0.013725587702626788,0.029254084189514865,627,57,2014,2024,0.49403378375029633,0.7099662738142956,-0.09309361988386274,exclude_unverified_83388,road_km,exp150_sum1,1,current,soy_share_all_land
dose_100mgy,-0.1763737440510896,0.06764757617515474,-0.31188812317652276,-0.04085936492565645,0.011676898275823341,627,57,2014,2024,0.49403378375029633,0.7099662738142956,-0.12521940986262836,exclude_unverified_83388,road_km,exp150_sum1,2,current,soy_share_all_land
dose_100mgy,-0.1670128073102463,0.05608188701238119,-0.27949882759519906,-0.054526787025293524,0.004367830748559727,594,54,2014,2024,0.5070292543905044,0.7286763668326623,-0.12169828564535377,exclude_unverified_83388,road_km,exp150_sum1,3,current,soy_share_all_land
dose_100mgy,-0.14581563067388875,0.030304774857469095,-0.20674746432429303,-0.08488379702348446,1.526444600224046e-05,539,49,2014,2024,0.5311150520370724,0.7631941732728426,-0.11128563970241667,exclude_unverified_83388,road_km,exp150_sum1,4,current,soy_share_all_land
dose_100mgy,-0.15873232160842615,0.0336247090257985,-0.2266903935266767,-0.0907742496901756,2.87034143882944e-05,451,41,2014,2024,0.5772385785114764,0.8313608995058159,-0.13196384567302763,exclude_unverified_83388,road_km,exp150_sum1,5,current,soy_share_all_land
dose_100mgy,-0.1672646957227384,0.029843303139027964,-0.22798135248550863,-0.10654803895996814,3.093677664429771e-06,374,34,2014,2024,0.6268935218715969,0.9097908156285519,-0.1521758839474517,exclude_unverified_83388,road_km,exp150_sum1,6,current,soy_share_all_land
dose_100mgy,-0.07686496985371809,0.04698288545474454,-0.17098299908562775,0.01725305937819159,0.10744406125772966,627,57,2014,2024,0.961707790523142,1.3466693695125889,-0.10351170049051069,exclude_unverified_83388,road_km,exp_150mi,1,current,soy_share_all_land
dose_100mgy,-0.09522058215933014,0.03204217096610603,-0.1594087637589188,-0.03103240055974149,0.004357845371275795,627,57,2014,2024,0.961707790523142,1.3466693695125889,-0.1282306413411268,exclude_unverified_83388,road_km,exp_150mi,2,current,soy_share_all_land
dose_100mgy,-0.09212600022333467,0.029862071991163103,-0.15202173153150395,-0.03223026891516538,0.003231050725270259,594,54,2014,2024,0.9869796397110447,1.3794775427364887,-0.1270857484102269,exclude_unverified_83388,road_km,exp_150mi,3,current,soy_share_all_land
dose_100mgy,-0.059882167025114785,0.03153951375095034,-0.12329660961134295,0.0035322755611133794,0.06363229501946385,539,49,2014,2024,1.0321093881060401,1.437214071753505,-0.08606349309558868,exclude_unverified_83388,road_km,exp_150mi,4,current,soy_share_all_land
dose_100mgy,-0.055256063620942625,0.043026079621734936,-0.14221501428578934,0.03170288704390409,0.20644460718592178,451,41,2014,2024,1.1179647245643427,1.5563517368763642,-0.08599787058940493,exclude_unverified_83388,road_km,exp_150mi,5,current,soy_share_all_land
dose_100mgy,-0.061161266208607824,0.04147645634476282,-0.14554575112601745,0.023223218708801792,0.14979677897952903,374,34,2014,2024,1.2038529180172093,1.7001945018944868,-0.10398604853678009,exclude_unverified_83388,road_km,exp_150mi,6,current,soy_share_all_land
dose_100mgy,-0.041766462154843656,0.052959039981383134,-0.1478561674766428,0.06432324316695548,0.4336392282950058,627,57,2014,2024,1.0461326443885177,2.0354014452718303,-0.08501151743385998,exclude_unverified_83388,road_km,exp_300mi,1,current,soy_share_all_land
dose_100mgy,-0.05922989701506219,0.038184138884674756,-0.135721918842985,0.017262124812860644,0.12649577857129116,627,57,2014,2024,1.0461326443885177,2.0354014452718303,-0.12055661798775925,exclude_unverified_83388,road_km,exp_300mi,2,current,soy_share_all_land
dose_100mgy,-0.06720189167099035,0.04075874973657427,-0.14895359072928743,0.014549807387306726,0.10511020699900685,594,54,2014,2024,1.0726344164374833,2.052522985376239,-0.13793342731547173,exclude_unverified_83388,road_km,exp_300mi,3,current,soy_share_all_land
dose_100mgy,-0.03363125589415176,0.04032031181831982,-0.11470067627431269,0.04743816448600916,0.40835538077026917,539,49,2014,2024,1.115421157642841,2.0776861565459583,-0.06987519479853377,exclude_unverified_83388,road_km,exp_300mi,4,current,soy_share_all_land
dose_100mgy,-0.03283075461051981,0.04595977209205361,-0.1257189189298544,0.060057409708814784,0.4791671153794976,451,41,2014,2024,1.1899056997031723,2.1506349705277694,-0.0706069689741997,exclude_unverified_83388,road_km,exp_300mi,5,current,soy_share_all_land
dose_100mgy,-0.04286744228057559,0.04598885521348597,-0.13643247172459555,0.050697587163444364,0.3580409901092395,374,34,2014,2024,1.2662905461874834,2.305623675588377,-0.0988361898340133,exclude_unverified_83388,road_km,exp_300mi,6,current,soy_share_all_land
dose_100mgy,-0.04366912783928146,0.03289450031112679,-0.10956473028868463,0.02222647461012172,0.18971306232468374,627,57,2014,2024,0.9365790939038805,1.2324262878817251,-0.05381898111799815,exclude_unverified_83388,road_km,exp_50mi,1,current,soy_share_all_land
dose_100mgy,-0.06837201035712356,0.015645837389047065,-0.09971438889533511,-0.037029631818912015,5.436861670099519e-05,627,57,2014,2024,0.9365790939038805,1.2324262878817251,-0.08426346291944066,exclude_unverified_83388,road_km,exp_50mi,2,current,soy_share_all_land
dose_100mgy,-0.07260912961577162,0.0168727998139694,-0.10645168027244083,-0.03876657895910242,7.27903932089158e-05,594,54,2014,2024,0.960909971066489,1.2656978244767356,-0.09190121739183146,exclude_unverified_83388,road_km,exp_50mi,3,current,soy_share_all_land
dose_100mgy,-0.06468429371135559,0.025628766623790777,-0.11621438268018916,-0.013154204742522019,0.014969464951992514,539,49,2014,2024,1.0061503210782572,1.327715906666053,-0.08588236567202576,exclude_unverified_83388,road_km,exp_50mi,4,current,soy_share_all_land
dose_100mgy,-0.07188080044456657,0.03732854224234513,-0.14732459852657845,0.003562997637445303,0.061280671075755556,451,41,2014,2024,1.0940093758016212,1.449180266141938,-0.10416823751875252,exclude_unverified_83388,road_km,exp_50mi,5,current,soy_share_all_land
dose_100mgy,-0.0770588269554019,0.03439133844709491,-0.14702853112577408,-0.007089122785029725,0.03189822149279503,374,34,2014,2024,1.1925167046459033,1.5880916907532094,-0.12237648278706319,exclude_unverified_83388,road_km,exp_50mi,6,current,soy_share_all_land
dose_100mgy,-0.02429978021234644,0.0673825620748676,-0.15928327230101558,0.1106837118763227,0.7197371973766299,627,57,2014,2024,0.9060103213397701,3.912757374931419,-0.09507914423507109,exclude_unverified_83388,road_km,inverse_1,1,current,soy_share_all_land
dose_100mgy,-0.020929117042038786,0.056648619201728825,-0.1344099376934494,0.09255170360937182,0.7131820015308528,627,57,2014,2024,0.9060103213397701,3.912757374931419,-0.0818905570570401,exclude_unverified_83388,road_km,inverse_1,2,current,soy_share_all_land
dose_100mgy,-0.0411883130290766,0.05293767909548609,-0.14736785087627027,0.06499122481811709,0.4399974942342222,594,54,2014,2024,0.9281976096214994,3.9082228461913986,-0.16097310597632,exclude_unverified_83388,road_km,inverse_1,3,current,soy_share_all_land
dose_100mgy,-0.015488638834374822,0.05987139664167109,-0.13586814990962542,0.10489087224087579,0.7969740523063705,539,49,2014,2024,0.9668118356483013,3.8977931206551375,-0.06037150989693819,exclude_unverified_83388,road_km,inverse_1,4,current,soy_share_all_land
dose_100mgy,-0.0290342072031917,0.06277860977565343,-0.15591451045840565,0.09784609605202227,0.6462391247932512,451,41,2014,2024,1.0370032183497984,3.910599953516251,-0.11354116933918265,exclude_unverified_83388,road_km,inverse_1,5,current,soy_share_all_land
dose_100mgy,-0.02560718411276833,0.06727850454880636,-0.16248633080682978,0.11127196258129313,0.7059283735041824,374,34,2014,2024,1.1213989819368186,4.005454234059659,-0.10256840402683315,exclude_unverified_83388,road_km,inverse_1,6,current,soy_share_all_land
dose_100mgy,-0.03126992509306416,0.061667918523611205,-0.15480561052615505,0.09226576034002675,0.6140970293483063,627,57,2014,2024,1.0140028021017684,2.591953942089913,-0.08105020561382394,exclude_unverified_83388,road_km,inverse_2,1,current,soy_share_all_land
dose_100mgy,-0.02470324039128528,0.04733605472352117,-0.11952875268305403,0.07012227190048347,0.6038193873586558,627,57,2014,2024,1.0140028021017684,2.591953942089913,-0.06402966131458665,exclude_unverified_83388,road_km,inverse_2,2,current,soy_share_all_land
dose_100mgy,-0.044883558168323776,0.04431837148746015,-0.1337749542983066,0.04400783796165904,0.315779490915963,594,54,2014,2024,1.0388499541511076,2.59481899889811,-0.11646470947331498,exclude_unverified_83388,road_km,inverse_2,3,current,soy_share_all_land
dose_100mgy,-0.01691338235391776,0.05012347332523658,-0.11769337999448946,0.08386661528665394,0.7372606736301838,539,49,2014,2024,1.0812887837669662,2.596778651996329,-0.04392031022970506,exclude_unverified_83388,road_km,inverse_2,4,current,soy_share_all_land
dose_100mgy,-0.024581079762988605,0.05449262889924346,-0.13471479098434197,0.08555263145836475,0.6543607535153219,451,41,2014,2024,1.160169038536413,2.640602262262028,-0.06490885483099107,exclude_unverified_83388,road_km,inverse_2,5,current,soy_share_all_land
dose_100mgy,-0.020625485427951423,0.0594608510634712,-0.14159949651594034,0.10034852566003749,0.7308875359471133,374,34,2014,2024,1.2515281194729868,2.772279967119725,-0.05717962006402954,exclude_unverified_83388,road_km,inverse_2,6,current,soy_share_all_land
dose_100mgy,-0.0360988631203756,0.035166665914938125,-0.10654616022729921,0.034348433986548,0.30906589585983274,627,57,2014,2024,0.9372635504743331,1.230697658045984,-0.044426786300368795,exclude_unverified_83388,road_km,nearest_only,1,current,soy_share_all_land
dose_100mgy,-0.05927740548443717,0.017086883051824823,-0.09350654537204425,-0.025048265596830092,0.0010115073878999654,627,57,2014,2024,0.9372635504743331,1.230697658045984,-0.07295256410473899,exclude_unverified_83388,road_km,nearest_only,2,current,soy_share_all_land
dose_100mgy,-0.06675325389138981,0.01676017151152166,-0.10036990078146502,-0.03313660700131461,0.00020887935211046874,594,54,2014,2024,0.961774554526267,1.2639671921748048,-0.08437392288963183,exclude_unverified_83388,road_km,nearest_only,3,current,soy_share_all_land
dose_100mgy,-0.06420018552018462,0.0252392194027083,-0.11494703730657384,-0.013453333733795411,0.014244843707504827,539,49,2014,2024,1.0072629002696891,1.3259634691282831,-0.08512710071102338,exclude_unverified_83388,road_km,nearest_only,4,current,soy_share_all_land
dose_100mgy,-0.07345718446663836,0.03677277970238482,-0.14777774455628234,0.0008633756230056328,0.05259302013645375,451,41,2014,2024,1.095629745762997,1.447428932592253,-0.10632405410377858,exclude_unverified_83388,road_km,nearest_only,5,current,soy_share_all_land
dose_100mgy,-0.07888022753779131,0.034108516907105264,-0.14827452695860638,-0.009485928116976253,0.027121672934369945,374,34,2014,2024,1.1954434638879645,1.5864951939647065,-0.1251431018875484,exclude_unverified_83388,road_km,nearest_only,6,current,soy_share_all_land
dose_100mgy,-0.03835663112224471,0.03528076449716641,-0.10903249515505081,0.0323192329105614,0.28161349547139036,627,57,2014,2024,0.9294396742945691,1.2233260933064538,-0.04692266770317236,physical_onset_farmdoc_targeted_capacity,air_km,excess_cutoff_100mi,1,current,soy_share_all_land
dose_100mgy,-0.06771963012676181,0.017954560190681527,-0.10368693618974006,-0.03175232406378357,0.00039284433133299326,627,57,2014,2024,0.9294396742945691,1.2233260933064538,-0.08284319056312957,physical_onset_farmdoc_targeted_capacity,air_km,excess_cutoff_100mi,2,current,soy_share_all_land
dose_100mgy,-0.07142574117345968,0.01792401310531972,-0.10737675867947971,-0.03547472366743965,0.00020748616073222066,594,54,2014,2024,0.9535147084213337,1.2563543466940112,-0.08973604038911748,physical_onset_farmdoc_targeted_capacity,air_km,excess_cutoff_100mi,3,current,soy_share_all_land
dose_100mgy,-0.06760173028265173,0.024838421265637515,-0.11754272340385538,-0.017660737161448087,0.009023906093217016,539,49,2014,2024,0.9981390662019337,1.3178915819151154,-0.08909175126240285,physical_onset_farmdoc_targeted_capacity,air_km,excess_cutoff_100mi,4,current,soy_share_all_land
dose_100mgy,-0.07499928273990131,0.03629749915554252,-0.14835926501283103,-0.0016393004669715966,0.04532357239762257,451,41,2014,2024,1.0852880838400225,1.4376844752610025,-0.10782530445086658,physical_onset_farmdoc_targeted_capacity,air_km,excess_cutoff_100mi,5,current,soy_share_all_land
dose_100mgy,-0.08254552034290939,0.033169079948888784,-0.15002852090124374,-0.01506251978457504,0.018044612462909823,374,34,2014,2024,1.1830827809566533,1.5756250152284914,-0.13006078674734037,physical_onset_farmdoc_targeted_capacity,air_km,excess_cutoff_100mi,6,current,soy_share_all_land
dose_100mgy,-0.09740774019806292,0.08865777256329029,-0.27501060023919965,0.08019511984307384,0.2766029857879498,627,57,2014,2024,1.155826200965335,1.5347239049983645,-0.1494939874138373,physical_onset_farmdoc_targeted_capacity,air_km,excess_cutoff_250mi,1,current,soy_share_all_land
dose_100mgy,-0.12722782205936786,0.06644690078502258,-0.2603369593531697,0.00588131523443397,0.060640628044786565,627,57,2014,2024,1.155826200965335,1.5347239049983645,-0.1952595798953901,physical_onset_farmdoc_targeted_capacity,air_km,excess_cutoff_250mi,2,current,soy_share_all_land
dose_100mgy,-0.11200024444522531,0.049688072765683315,-0.21166189741005748,-0.012338591480393152,0.02835088186808413,594,54,2014,2024,1.1804846186457725,1.5745836333704875,-0.17635375183694563,physical_onset_farmdoc_targeted_capacity,air_km,excess_cutoff_250mi,3,current,soy_share_all_land
dose_100mgy,-0.055534386035841106,0.039493283563882244,-0.13494095466209255,0.02387218259041033,0.16611373261421739,539,49,2014,2024,1.2270738563056538,1.6482163884455436,-0.09153268518653467,physical_onset_farmdoc_targeted_capacity,air_km,excess_cutoff_250mi,4,current,soy_share_all_land
dose_100mgy,-0.017248892571312804,0.04880917632876019,-0.1158959176704895,0.08139813252786389,0.7256485326447639,451,41,2014,2024,1.3216333583672872,1.7857659887408213,-0.030802485697294615,physical_onset_farmdoc_targeted_capacity,air_km,excess_cutoff_250mi,5,current,soy_share_all_land
dose_100mgy,-0.006207891963623311,0.05751383983493979,-0.12322067892285944,0.11080489499561282,0.914698987814026,374,34,2014,2024,1.4119974452662907,1.9479768555887025,-0.012092829867133312,physical_onset_farmdoc_targeted_capacity,air_km,excess_cutoff_250mi,6,current,soy_share_all_land
dose_100mgy,-0.033288275688613644,0.02853630300397968,-0.09045335983156658,0.023876808454339295,0.2483465536263532,627,57,2014,2024,2.5694088942074598,4.785983435662247,-0.15931713604746317,physical_onset_farmdoc_targeted_capacity,air_km,excess_cutoff_500mi,1,current,soy_share_all_land
dose_100mgy,-0.031108094812419242,0.022904765681043143,-0.07699185408035417,0.014775664455515685,0.1798631032010437,627,57,2014,2024,2.5694088942074598,4.785983435662247,-0.14888282648724915,physical_onset_farmdoc_targeted_capacity,air_km,excess_cutoff_500mi,2,current,soy_share_all_land
dose_100mgy,-0.042593021186422476,0.024933638919410236,-0.0926035675977313,0.007417525224886354,0.0934403320734355,594,54,2014,2024,2.599524019364813,4.739521780350004,-0.2018705516039585,physical_onset_farmdoc_targeted_capacity,air_km,excess_cutoff_500mi,3,current,soy_share_all_land
dose_100mgy,-0.028811067137717052,0.019383864568016104,-0.06778493897525105,0.010162804699816941,0.1437278167396509,539,49,2014,2024,2.6449981324041776,4.6472238142807445,-0.13389147731724005,physical_onset_farmdoc_targeted_capacity,air_km,excess_cutoff_500mi,4,current,soy_share_all_land
dose_100mgy,-0.019621460161117637,0.015885819548541274,-0.05172789910552071,0.012484978783285434,0.22397857313722336,451,41,2014,2024,2.651677904453892,4.679529125843291,-0.09181919431552378,physical_onset_farmdoc_targeted_capacity,air_km,excess_cutoff_500mi,5,current,soy_share_all_land
dose_100mgy,-0.014786274590713164,0.0195395330447452,-0.054539753475264116,0.02496720429383779,0.454576951254488,374,34,2014,2024,2.6373563394987922,4.885013369405889,-0.07223114905934039,physical_onset_farmdoc_targeted_capacity,air_km,excess_cutoff_500mi,6,current,soy_share_all_land
dose_100mgy,-0.1583865325947406,0.07233186558637153,-0.30328467100759116,-0.013488394181890045,0.03272705566263517,627,57,2014,2024,0.4006050692445085,0.5843739262238278,-0.09255695991336683,physical_onset_farmdoc_targeted_capacity,air_km,exp150_sum1,1,current,soy_share_all_land
dose_100mgy,-0.23496692457451945,0.092700677135564,-0.4206686956772512,-0.049265153471787754,0.014076803611735257,627,57,2014,2024,0.4006050692445085,0.5843739262238278,-0.13730854424634995,physical_onset_farmdoc_targeted_capacity,air_km,exp150_sum1,2,current,soy_share_all_land
dose_100mgy,-0.22705682872953184,0.08124875025729715,-0.3900211841826873,-0.06409247327637643,0.007219017446621583,594,54,2014,2024,0.41114589520593864,0.59948473604545,-0.13611710303824034,physical_onset_farmdoc_targeted_capacity,air_km,exp150_sum1,3,current,soy_share_all_land
dose_100mgy,-0.19026120985415912,0.04186332258189873,-0.2744330613069601,-0.10608935840135814,3.725314065583898e-05,539,49,2014,2024,0.4307317154107293,0.6274585986016347,-0.11938103210334221,physical_onset_farmdoc_targeted_capacity,air_km,exp150_sum1,4,current,soy_share_all_land
dose_100mgy,-0.19809327161881607,0.046332954588484354,-0.2917356658977799,-0.10445087733985224,0.0001149609739861524,451,41,2014,2024,0.4673621715311925,0.6826817248211441,-0.13523465634419674,physical_onset_farmdoc_targeted_capacity,air_km,exp150_sum1,5,current,soy_share_all_land
dose_100mgy,-0.20691666148231738,0.04179466694434176,-0.2919485507323809,-0.12188477223225389,2.1323291844209788e-05,374,34,2014,2024,0.5064217656336095,0.7463224944407287,-0.15442655893883098,physical_onset_farmdoc_targeted_capacity,air_km,exp150_sum1,6,current,soy_share_all_land
dose_100mgy,-0.07691075584453544,0.04839879873779883,-0.17386520021941704,0.02004368853034616,0.11766723911564683,627,57,2014,2024,0.9632706009934676,1.3836514186600501,-0.10641767643450821,physical_onset_farmdoc_targeted_capacity,air_km,exp_150mi,1,current,soy_share_all_land
dose_100mgy,-0.10656369637373816,0.0376385859002055,-0.1819628442488832,-0.031164548498593125,0.00642945140625021,627,57,2014,2024,0.9632706009934676,1.3836514186600501,-0.14744700966518165,physical_onset_farmdoc_targeted_capacity,air_km,exp_150mi,2,current,soy_share_all_land
dose_100mgy,-0.10761784807507445,0.036303510820971045,-0.18043346952021605,-0.03480222662993286,0.004536747666881066,594,54,2014,2024,0.9888994438088894,1.4162743285760102,-0.15241639552532113,physical_onset_farmdoc_targeted_capacity,air_km,exp_150mi,3,current,soy_share_all_land
dose_100mgy,-0.06750720997071165,0.03124804355691332,-0.1303356124539975,-0.004678807487425801,0.0357665814028725,539,49,2014,2024,1.0359570003669907,1.4754153629313522,-0.09960117469942052,physical_onset_farmdoc_targeted_capacity,air_km,exp_150mi,4,current,soy_share_all_land
dose_100mgy,-0.05655909251451198,0.04273912596085538,-0.14293808819719672,0.029819903168172762,0.19323158019122472,451,41,2014,2024,1.1198229843666447,1.5958314607139348,-0.09025877922408823,physical_onset_farmdoc_targeted_capacity,air_km,exp_150mi,5,current,soy_share_all_land
dose_100mgy,-0.05818711988583529,0.043362474833039615,-0.14640873826891632,0.03003449849724575,0.1887965543444857,374,34,2014,2024,1.2025730790355942,1.7407740705857166,-0.10129062953932459,physical_onset_farmdoc_targeted_capacity,air_km,exp_150mi,6,current,soy_share_all_land
dose_100mgy,-0.03582301566692249,0.0527553727556279,-0.14150472650899396,0.06985869517514898,0.49990939189554306,627,57,2014,2024,1.0545983164346797,2.255185036546612,-0.08078752889601845,physical_onset_farmdoc_targeted_capacity,air_km,exp_300mi,1,current,soy_share_all_land
dose_100mgy,-0.06441262493168401,0.039070289923846035,-0.1426798206043241,0.013854570740956085,0.10482221748913921,627,57,2014,2024,1.0545983164346797,2.255185036546612,-0.14526238791062301,physical_onset_farmdoc_targeted_capacity,air_km,exp_300mi,2,current,soy_share_all_land
dose_100mgy,-0.07889157268838103,0.04209124306885834,-0.16331591491169464,0.005532769534932591,0.06640554635871304,594,54,2014,2024,1.0821990807892259,2.2700263808240724,-0.17908595122732482,physical_onset_farmdoc_targeted_capacity,air_km,exp_300mi,3,current,soy_share_all_land
dose_100mgy,-0.03875352573029101,0.03927849369683999,-0.11772823038428182,0.04022117892369979,0.3287692199168182,539,49,2014,2024,1.130242379693671,2.295414921145763,-0.08895542120831623,physical_onset_farmdoc_targeted_capacity,air_km,exp_300mi,4,current,soy_share_all_land
dose_100mgy,-0.033268684513583356,0.044095180908224056,-0.12238836947829801,0.05585100045113129,0.45498353759487736,451,41,2014,2024,1.2074509054928222,2.372754956281125,-0.07893843606855802,physical_onset_farmdoc_targeted_capacity,air_km,exp_300mi,5,current,soy_share_all_land
dose_100mgy,-0.03895800766777552,0.04627467782304356,-0.13310454758329726,0.05518853224774624,0.4059117087615068,374,34,2014,2024,1.2814665351438248,2.5278132456499898,-0.09847856780673682,physical_onset_farmdoc_targeted_capacity,air_km,exp_300mi,6,current,soy_share_all_land
dose_100mgy,-0.039833415596565884,0.035045262262430946,-0.11003751196337025,0.030370680770238474,0.2605345153792903,627,57,2014,2024,0.9310550969819696,1.2254885233796462,-0.04881539366060329,physical_onset_farmdoc_targeted_capacity,air_km,exp_50mi,1,current,soy_share_all_land
dose_100mgy,-0.06878607535741814,0.016775283369388858,-0.10239100607318943,-0.03518114464164685,0.00013468517686336673,627,57,2014,2024,0.9310550969819696,1.2254885233796462,-0.08429654591884342,physical_onset_farmdoc_targeted_capacity,air_km,exp_50mi,2,current,soy_share_all_land
dose_100mgy,-0.07381634448951149,0.01776654729767982,-0.1094515255824583,-0.038181163396564695,0.00011915442028511254,594,54,2014,2024,0.9551823833500558,1.2585698449612481,-0.09290302523977056,physical_onset_farmdoc_targeted_capacity,air_km,exp_50mi,3,current,soy_share_all_land
dose_100mgy,-0.0657540134924368,0.025661477993128883,-0.11734987307743106,-0.014158153907442551,0.01358924467176094,539,49,2014,2024,0.999973810598311,1.3202247073470892,-0.08681007321994892,physical_onset_farmdoc_targeted_capacity,air_km,exp_50mi,4,current,soy_share_all_land
dose_100mgy,-0.07318190450491176,0.036905685199476394,-0.14777107662396394,0.0014072676141404367,0.05426976166399266,451,41,2014,2024,1.087193306678137,1.440966853242205,-0.10545269864871425,physical_onset_farmdoc_targeted_capacity,air_km,exp_50mi,5,current,soy_share_all_land
dose_100mgy,-0.07910921329281134,0.03390147266083695,-0.14808227802734464,-0.010136148558278046,0.025862382161152036,374,34,2014,2024,1.1847061950976896,1.5790590773533784,-0.1249181213522983,physical_onset_farmdoc_targeted_capacity,air_km,exp_50mi,6,current,soy_share_all_land
dose_100mgy,-0.034346822776774415,0.06561806238993395,-0.1657955972481902,0.09710195169464136,0.6027365137094703,627,57,2014,2024,0.9150782687883343,3.714846456704128,-0.12759317289134506,physical_onset_farmdoc_targeted_capacity,air_km,inverse_1,1,current,soy_share_all_land
dose_100mgy,-0.03565312271525152,0.05208698986813156,-0.13999590174130921,0.06868965631080616,0.4964877977357769,627,57,2014,2024,0.9150782687883343,3.714846456704128,-0.13244587658918958,physical_onset_farmdoc_targeted_capacity,air_km,inverse_1,2,current,soy_share_all_land
dose_100mgy,-0.06105990706262666,0.04903327416561539,-0.15940820035763284,0.03728838623237952,0.2185083367148049,594,54,2014,2024,0.937973560271754,3.7115751476319563,-0.22662843357036205,physical_onset_farmdoc_targeted_capacity,air_km,inverse_1,3,current,soy_share_all_land
dose_100mgy,-0.0272559877117873,0.053776937321153545,-0.13538176704827837,0.08086979162470376,0.6145917111058231,539,49,2014,2024,0.978924743101161,3.7042327134110673,-0.10096252131833258,physical_onset_farmdoc_targeted_capacity,air_km,inverse_1,4,current,soy_share_all_land
dose_100mgy,-0.03286376839676575,0.05925320943242949,-0.15261897177731248,0.086891434983781,0.5822340906376485,451,41,2014,2024,1.0527852269599254,3.731537235795218,-0.1226323754810815,physical_onset_farmdoc_targeted_capacity,air_km,inverse_1,5,current,soy_share_all_land
dose_100mgy,-0.0249873952131557,0.0662822123153581,-0.1598395701175367,0.10986477969122528,0.7085982414083527,374,34,2014,2024,1.1353304082668072,3.833463736141575,-0.09578827341026995,physical_onset_farmdoc_targeted_capacity,air_km,inverse_1,6,current,soy_share_all_land
dose_100mgy,-0.04228804761367158,0.06101369039316412,-0.16451315661643517,0.079937061389092,0.49111698241490725,627,57,2014,2024,1.0087310984268887,2.406754944144692,-0.10177696767243022,physical_onset_farmdoc_targeted_capacity,air_km,inverse_2,1,current,soy_share_all_land
dose_100mgy,-0.04192905423768697,0.043074326448839885,-0.12821729891694889,0.04435919044157494,0.3345347765060168,627,57,2014,2024,1.0087310984268887,2.406754944144692,-0.10091295858986406,physical_onset_farmdoc_targeted_capacity,air_km,inverse_2,2,current,soy_share_all_land
dose_100mgy,-0.06668462192324898,0.04110620601181982,-0.1491332300141679,0.015763986167669927,0.11068377465098302,594,54,2014,2024,1.0344015168950778,2.413121581809937,-0.16091810033782816,physical_onset_farmdoc_targeted_capacity,air_km,inverse_2,3,current,soy_share_all_land
dose_100mgy,-0.030442366759986066,0.04511402975167822,-0.12115020303520399,0.06026546951523185,0.5030484606869767,539,49,2014,2024,1.0799636382791906,2.4227306912637654,-0.07375365626412611,physical_onset_farmdoc_targeted_capacity,air_km,inverse_2,4,current,soy_share_all_land
dose_100mgy,-0.030142448859412502,0.05169156728476354,-0.13461500338500892,0.07433010566618393,0.5630851304479277,451,41,2014,2024,1.1630908932948127,2.488386160247412,-0.07500605257772745,physical_onset_farmdoc_targeted_capacity,air_km,inverse_2,5,current,soy_share_all_land
dose_100mgy,-0.02094520551195422,0.05932683152000589,-0.14164655178860577,0.09975614076469734,0.726297915139729,374,34,2014,2024,1.251108865471092,2.6253794740533785,-0.05498911263091429,physical_onset_farmdoc_targeted_capacity,air_km,inverse_2,6,current,soy_share_all_land
dose_100mgy,-0.03467819689858364,0.03591427991573456,-0.10662314481388341,0.037266751016716136,0.3384047004360415,627,57,2014,2024,0.9295819662683735,1.2208021968283285,-0.04233521895583624,physical_onset_farmdoc_targeted_capacity,air_km,nearest_only,1,current,soy_share_all_land
dose_100mgy,-0.05974409160639649,0.017133846548790264,-0.09406731068342422,-0.025420872529368754,0.0009580536166915626,627,57,2014,2024,0.9295819662683735,1.2208021968283285,-0.07293571828060173,physical_onset_farmdoc_targeted_capacity,air_km,nearest_only,2,current,soy_share_all_land
dose_100mgy,-0.06656990434286471,0.01663938578852628,-0.09994428575275036,-0.03319552293297907,0.00019712255552830504,594,54,2014,2024,0.9538993210990745,1.2538118083193608,-0.08346613214377407,physical_onset_farmdoc_targeted_capacity,air_km,nearest_only,3,current,soy_share_all_land
dose_100mgy,-0.06311414416251088,0.02571565026884125,-0.11481892440795202,-0.011409363917069738,0.01779347125609483,539,49,2014,2024,0.9990299979134297,1.3153254316837102,-0.08301563891590254,physical_onset_farmdoc_targeted_capacity,air_km,nearest_only,4,current,soy_share_all_land
dose_100mgy,-0.07245390344048491,0.03688030200266469,-0.14699177420513365,0.0020839673241638407,0.056437668262069,451,41,2014,2024,1.0867090036080587,1.4358521240018043,-0.1040330911472419,physical_onset_farmdoc_targeted_capacity,air_km,nearest_only,5,current,soy_share_all_land
dose_100mgy,-0.07924025096712747,0.03384924988178716,-0.14810706765880866,-0.010373434275446292,0.025424742524025247,374,34,2014,2024,1.185758495279745,1.5738558646949392,-0.1247127337045124,physical_onset_farmdoc_targeted_capacity,air_km,nearest_only,6,current,soy_share_all_land
dose_100mgy,-0.05586343112119958,0.035083330119592415,-0.12614378656954908,0.014416924327149916,0.11694535880837915,627,57,2014,2024,0.9334615147327667,1.2275738665229894,-0.06857648813869167,physical_onset_farmdoc_targeted_capacity,legacy_road_km,excess_cutoff_100mi,1,current,soy_share_all_land
dose_100mgy,-0.08713867490636318,0.03163028471089425,-0.15050174918797782,-0.02377560062474854,0.007905035738741054,627,57,2014,2024,0.9334615147327667,1.2275738665229894,-0.10696916007849404,physical_onset_farmdoc_targeted_capacity,legacy_road_km,excess_cutoff_100mi,2,current,soy_share_all_land
dose_100mgy,-0.08150002994132814,0.021965555835559113,-0.12555735559343187,-0.03744270428922441,0.000497313922247591,594,54,2014,2024,0.9576485653677324,1.2606877763609348,-0.10274609152008259,physical_onset_farmdoc_targeted_capacity,legacy_road_km,excess_cutoff_100mi,3,current,soy_share_all_land
dose_100mgy,-0.06634404820153701,0.025135362259354428,-0.11688208120567137,-0.015806015197402656,0.011165891828067107,539,49,2014,2024,1.0024824354667123,1.3223780769142695,-0.0877319148754561,physical_onset_farmdoc_targeted_capacity,legacy_road_km,excess_cutoff_100mi,4,current,soy_share_all_land
dose_100mgy,-0.06875275542497893,0.03802903956241382,-0.14561231140155712,0.008106800551599277,0.07814542563963954,451,41,2014,2024,1.089360545323261,1.4431795701650603,-0.0992225720218846,physical_onset_farmdoc_targeted_capacity,legacy_road_km,excess_cutoff_100mi,5,current,soy_share_all_land
dose_100mgy,-0.06302826303367169,0.04065363164944081,-0.1457386985213296,0.019682172453986208,0.1305906476773169,374,34,2014,2024,1.1870960276037525,1.581370180663522,-0.0996710157004654,physical_onset_farmdoc_targeted_capacity,legacy_road_km,excess_cutoff_100mi,6,current,soy_share_all_land
dose_100mgy,-0.07933672727994126,0.05641861689472172,-0.1923567979445263,0.033683343384643766,0.16518505220083995,627,57,2014,2024,1.2908248822077046,1.6617738667588404,-0.13183970006797957,physical_onset_farmdoc_targeted_capacity,legacy_road_km,excess_cutoff_250mi,1,current,soy_share_all_land
dose_100mgy,-0.07722890888938204,0.037033210227002976,-0.15141534356576786,-0.003042474212996235,0.041603015027163834,627,57,2014,2024,1.2908248822077046,1.6617738667588404,-0.12833698255067458,physical_onset_farmdoc_targeted_capacity,legacy_road_km,excess_cutoff_250mi,2,current,soy_share_all_land
dose_100mgy,-0.05579127402615722,0.03501076487179874,-0.12601397546078305,0.014431427408468617,0.11698468987721079,594,54,2014,2024,1.3191333912884102,1.7055204791375342,-0.09515316040878513,physical_onset_farmdoc_targeted_capacity,legacy_road_km,excess_cutoff_250mi,3,current,soy_share_all_land
dose_100mgy,-0.03503522150035075,0.033526566958297914,-0.10244490233052066,0.03237445932981915,0.301257775013794,539,49,2014,2024,1.3103098939045292,1.7030099495244488,-0.05966533079889022,physical_onset_farmdoc_targeted_capacity,legacy_road_km,excess_cutoff_250mi,4,current,soy_share_all_land
dose_100mgy,-0.024703218630226582,0.039717213218338564,-0.10497470083735765,0.05556826357690449,0.5374859051345232,451,41,2014,2024,1.412722447595231,1.8537539503134006,-0.04579368912123812,physical_onset_farmdoc_targeted_capacity,legacy_road_km,excess_cutoff_250mi,5,current,soy_share_all_land
dose_100mgy,-0.033709803717737,0.037495265330397064,-0.10999449461435165,0.04257488717887765,0.3751440728206189,374,34,2014,2024,1.5143095667416193,2.0261046276063124,-0.06829958930820741,physical_onset_farmdoc_targeted_capacity,legacy_road_km,excess_cutoff_250mi,6,current,soy_share_all_land
dose_100mgy,-0.049882280626337115,0.02936512228719069,-0.10870768930598465,0.00894312805331042,0.09492737400805161,627,57,2014,2024,2.3824278703307074,4.148907731120141,-0.20695697973651447,physical_onset_farmdoc_targeted_capacity,legacy_road_km,excess_cutoff_500mi,1,current,soy_share_all_land
dose_100mgy,-0.03938668053532077,0.02265932087334541,-0.08477875477024581,0.006005393699604275,0.08766979293161174,627,57,2014,2024,2.3824278703307074,4.148907731120141,-0.1634117033761515,physical_onset_farmdoc_targeted_capacity,legacy_road_km,excess_cutoff_500mi,2,current,soy_share_all_land
dose_100mgy,-0.047504470716542825,0.023685415083828938,-0.09501139716837416,2.4557352885090644e-06,0.050011421634272864,594,54,2014,2024,2.4139381593852662,4.124270225258725,-0.19592127414291258,physical_onset_farmdoc_targeted_capacity,legacy_road_km,excess_cutoff_500mi,3,current,soy_share_all_land
dose_100mgy,-0.02355914563972569,0.019657887403767522,-0.06308397731520424,0.015965686035752862,0.2366226912139841,539,49,2014,2024,2.46863714402491,4.075153768373716,-0.09600714113339334,physical_onset_farmdoc_targeted_capacity,legacy_road_km,excess_cutoff_500mi,4,current,soy_share_all_land
dose_100mgy,-0.012922944854977041,0.016179497288191545,-0.045622928651668046,0.019777038941713967,0.4291679017100853,451,41,2014,2024,2.512335075155147,4.125859021606765,-0.05331824861563376,physical_onset_farmdoc_targeted_capacity,legacy_road_km,excess_cutoff_500mi,5,current,soy_share_all_land
dose_100mgy,-0.009731724247526493,0.020721353471040822,-0.05188963486821399,0.03242618637316101,0.641695776991699,374,34,2014,2024,2.5343610232148728,4.359048182168347,-0.04242105489054398,physical_onset_farmdoc_targeted_capacity,legacy_road_km,excess_cutoff_500mi,6,current,soy_share_all_land
dose_100mgy,-0.13012166268729927,0.057183611426215065,-0.2446742015470677,-0.015569123827530826,0.026722431571027806,627,57,2014,2024,0.4930610715147909,0.7083054438292733,-0.0921658820415305,physical_onset_farmdoc_targeted_capacity,legacy_road_km,exp150_sum1,1,current,soy_share_all_land
dose_100mgy,-0.17610238936044234,0.06753733388605856,-0.31139592664341903,-0.04080885207746565,0.011669680332567517,627,57,2014,2024,0.4930610715147909,0.7083054438292733,-0.12473428105534361,physical_onset_farmdoc_targeted_capacity,legacy_road_km,exp150_sum1,2,current,soy_share_all_land
dose_100mgy,-0.16685901842272874,0.0559685159421248,-0.27911764513752985,-0.05460039170792763,0.0043279953040940376,594,54,2014,2024,0.5060314938218933,0.7269879653668873,-0.12130449830625552,physical_onset_farmdoc_targeted_capacity,legacy_road_km,exp150_sum1,3,current,soy_share_all_land
dose_100mgy,-0.14686582093676173,0.029810615233359244,-0.20680408007111623,-0.08692756180240724,1.0345617608107312e-05,539,49,2014,2024,0.5300738929968118,0.7614680601484614,-0.11183363177082724,physical_onset_farmdoc_targeted_capacity,legacy_road_km,exp150_sum1,4,current,soy_share_all_land
dose_100mgy,-0.16102669819345306,0.0318621593825618,-0.2254225244035648,-0.09663087198334129,9.971276399586597e-06,451,41,2014,2024,0.5761433382751603,0.8295416448443149,-0.13357835208324612,physical_onset_farmdoc_targeted_capacity,legacy_road_km,exp150_sum1,5,current,soy_share_all_land
dose_100mgy,-0.16900781868702733,0.028674677323516237,-0.22734688835114475,-0.11066874902290989,1.3180603512980467e-06,374,34,2014,2024,0.6258197513401899,0.9078761238524882,-0.1534381633303425,physical_onset_farmdoc_targeted_capacity,legacy_road_km,exp150_sum1,6,current,soy_share_all_land
dose_100mgy,-0.07668804118865559,0.04599686780981277,-0.16883083972473545,0.015454757347424283,0.10104942119745809,627,57,2014,2024,0.9533607414709748,1.3342570548160633,-0.10232155997598856,physical_onset_farmdoc_targeted_capacity,legacy_road_km,exp_150mi,1,current,soy_share_all_land
dose_100mgy,-0.0957931691294493,0.0319931745525808,-0.1598831991183867,-0.0317031391405119,0.004091154818694868,627,57,2014,2024,0.9533607414709748,1.3342570548160633,-0.12781271171415604,physical_onset_farmdoc_targeted_capacity,legacy_road_km,exp_150mi,2,current,soy_share_all_land
dose_100mgy,-0.09283614233704723,0.02993504655616124,-0.1528782420867216,-0.032794042587372875,0.003085333913906792,594,54,2014,2024,0.9784124398407896,1.3668040973974822,-0.12688881973285204,physical_onset_farmdoc_targeted_capacity,legacy_road_km,exp_150mi,3,current,soy_share_all_land
dose_100mgy,-0.061356145200402515,0.031173257913382692,-0.1240341810694344,0.0013218906686293663,0.054832128718669805,539,49,2014,2024,1.0231616167732764,1.4241283974506698,-0.08737902873799984,physical_onset_farmdoc_targeted_capacity,legacy_road_km,exp_150mi,4,current,soy_share_all_land
dose_100mgy,-0.057786682079159525,0.04234014066832753,-0.14335929840602207,0.02778593424770303,0.1799380937948109,451,41,2014,2024,1.1083270743663622,1.542297209209722,-0.08912423850017719,physical_onset_farmdoc_targeted_capacity,legacy_road_km,exp_150mi,5,current,soy_share_all_land
dose_100mgy,-0.06328919448823887,0.04090624174550756,-0.14651356908063473,0.019935180104156985,0.13135821441275417,374,34,2014,2024,1.1936749507147848,1.6850326602614818,-0.10664435975432346,physical_onset_farmdoc_targeted_capacity,legacy_road_km,exp_150mi,6,current,soy_share_all_land
dose_100mgy,-0.040481562103773926,0.052068563928615176,-0.14478742953750937,0.0638243053299615,0.44015578904562835,627,57,2014,2024,1.035786640719944,2.011224339198601,-0.08141750299188985,physical_onset_farmdoc_targeted_capacity,legacy_road_km,exp_300mi,1,current,soy_share_all_land
dose_100mgy,-0.059825648128172586,0.03775991301129148,-0.13546784341254525,0.015816547156200074,0.11874126706113625,627,57,2014,2024,1.035786640719944,2.011224339198601,-0.12032279962371194,physical_onset_farmdoc_targeted_capacity,legacy_road_km,exp_300mi,2,current,soy_share_all_land
dose_100mgy,-0.06818082916389483,0.04046660813864729,-0.1493465663820841,0.012984908054294447,0.09789482111711093,594,54,2014,2024,1.0620385343300671,2.0284308164022455,-0.13830009496390122,physical_onset_farmdoc_targeted_capacity,legacy_road_km,exp_300mi,3,current,soy_share_all_land
dose_100mgy,-0.036373440247447514,0.04000706028619772,-0.1168130262092447,0.04406614571434968,0.3678001403278693,539,49,2014,2024,1.1045257090229572,2.054013552717799,-0.07471153922722824,physical_onset_farmdoc_targeted_capacity,legacy_road_km,exp_300mi,4,current,soy_share_all_land
dose_100mgy,-0.03682147385192924,0.045346935144478004,-0.12847104849824836,0.05482810079438988,0.4216007683943037,451,41,2014,2024,1.1785119262646158,2.126829756545473,-0.07831300626814416,physical_onset_farmdoc_targeted_capacity,legacy_road_km,exp_300mi,5,current,soy_share_all_land
dose_100mgy,-0.04666773489202909,0.045348842838501026,-0.1389306493685853,0.04559517958452712,0.31092457900466464,374,34,2014,2024,1.254614800493892,2.2804699217758615,-0.10642436573868222,physical_onset_farmdoc_targeted_capacity,legacy_road_km,exp_300mi,6,current,soy_share_all_land
dose_100mgy,-0.042889374385115815,0.03333936752032873,-0.10967615294247254,0.023897404172240906,0.20357975567395253,627,57,2014,2024,0.9288978476886501,1.2225171345052053,-0.052432995074012737,physical_onset_farmdoc_targeted_capacity,legacy_road_km,exp_50mi,1,current,soy_share_all_land
dose_100mgy,-0.06797863550001909,0.01577083632887392,-0.09957141700430461,-0.03638585399573357,6.658027391167703e-05,627,57,2014,2024,0.9288978476886501,1.2225171345052053,-0.08310504667905716,physical_onset_farmdoc_targeted_capacity,legacy_road_km,exp_50mi,2,current,soy_share_all_land
dose_100mgy,-0.07251048814381177,0.01698136788459588,-0.10657079877335943,-0.03845017751426411,8.134980780340216e-05,594,54,2014,2024,0.9530354521350957,1.2555286039134084,-0.09103899194827973,physical_onset_farmdoc_targeted_capacity,legacy_road_km,exp_50mi,3,current,soy_share_all_land
dose_100mgy,-0.06492307772238988,0.025796978338445038,-0.11679137901134687,-0.013054776433432884,0.015241565748495093,539,49,2014,2024,0.9979197132159966,1.3170651656073191,-0.08550792411217628,physical_onset_farmdoc_targeted_capacity,legacy_road_km,exp_50mi,4,current,soy_share_all_land
dose_100mgy,-0.07294463029746437,0.03691145358582105,-0.14754546076019953,0.0016562001652707797,0.05505622226438053,451,41,2014,2024,1.0850929408502228,1.437589490564675,-0.10486443390876037,physical_onset_farmdoc_targeted_capacity,legacy_road_km,exp_50mi,5,current,soy_share_all_land
dose_100mgy,-0.07799868213111297,0.03404196241246426,-0.14725757541446688,-0.008739788847759056,0.02846797209716124,374,34,2014,2024,1.1828372653706998,1.575435562719836,-0.12288189767463557,physical_onset_farmdoc_targeted_capacity,legacy_road_km,exp_50mi,6,current,soy_share_all_land
dose_100mgy,-0.024600778415198112,0.06545460971260321,-0.15572211782778025,0.10652056099738402,0.7084522880714873,627,57,2014,2024,0.8970034614328719,3.8476191109827407,-0.09465442517536796,physical_onset_farmdoc_targeted_capacity,legacy_road_km,inverse_1,1,current,soy_share_all_land
dose_100mgy,-0.02296482440363933,0.05551742437990386,-0.1341795895270203,0.08824994071974165,0.6807098017901668,627,57,2014,2024,0.8970034614328719,3.8476191109827407,-0.0883598972558055,physical_onset_farmdoc_targeted_capacity,legacy_road_km,inverse_1,2,current,soy_share_all_land
dose_100mgy,-0.04348299811427178,0.05181847983642735,-0.14741770652964567,0.06045171030110211,0.4051594168241283,594,54,2014,2024,0.9190891173124717,3.8436400343867785,-0.16713299236717982,physical_onset_farmdoc_targeted_capacity,legacy_road_km,inverse_1,3,current,soy_share_all_land
dose_100mgy,-0.019959329978576978,0.05851688110194735,-0.13761540502991687,0.09769674507276292,0.7345268803054444,539,49,2014,2024,0.9576341050503271,3.8344018798733392,-0.07653209239086786,physical_onset_farmdoc_targeted_capacity,legacy_road_km,inverse_1,4,current,soy_share_all_land
dose_100mgy,-0.03435297730222275,0.060927813506023734,-0.15749268176441747,0.08878672715997196,0.5760170419043363,451,41,2014,2024,1.0276349864258327,3.848240893041673,-0.132198532052146,physical_onset_farmdoc_targeted_capacity,legacy_road_km,inverse_1,5,current,soy_share_all_land
dose_100mgy,-0.030870381952288545,0.06535940496576567,-0.16384509118732507,0.10210432728274797,0.6398089273607379,374,34,2014,2024,1.1116097040207806,3.9424022983873197,-0.1217034647607968,physical_onset_farmdoc_targeted_capacity,legacy_road_km,inverse_1,6,current,soy_share_all_land
dose_100mgy,-0.03235211823500634,0.05990096271337689,-0.15234816584063102,0.08764392937061835,0.5912740729032591,627,57,2014,2024,1.002574989133008,2.5528823838291603,-0.08259115272170583,physical_onset_farmdoc_targeted_capacity,legacy_road_km,inverse_2,1,current,soy_share_all_land
dose_100mgy,-0.02737682616577125,0.04616846456546369,-0.11986337430999323,0.06510972197845073,0.555583972780257,627,57,2014,2024,1.002574989133008,2.5528823838291603,-0.06988981724375064,physical_onset_farmdoc_targeted_capacity,legacy_road_km,inverse_2,2,current,soy_share_all_land
dose_100mgy,-0.047540744627641005,0.043208345721181395,-0.13420571102221057,0.03912422176692855,0.2761879037819109,594,54,2014,2024,1.027264075571201,2.556225250457231,-0.12152485184271489,physical_onset_farmdoc_targeted_capacity,legacy_road_km,inverse_2,3,current,soy_share_all_land
dose_100mgy,-0.020836817649316032,0.04914445206174444,-0.11964836110905724,0.0779747258104252,0.6734663536558841,539,49,2014,2024,1.0696028558394233,2.5593127296576337,-0.05332793265544937,physical_onset_farmdoc_targeted_capacity,legacy_road_km,inverse_2,4,current,soy_share_all_land
dose_100mgy,-0.0295000367957185,0.05319804092414498,-0.1370172881200139,0.07801721452857689,0.5823020795255999,451,41,2014,2024,1.148159377284196,2.6039150924070316,-0.07681559103893416,physical_onset_farmdoc_targeted_capacity,legacy_road_km,inverse_2,5,current,soy_share_all_land
dose_100mgy,-0.025437813550519193,0.05820830937128814,-0.1438635094050686,0.09298788230403021,0.6649480838111774,374,34,2014,2024,1.2390045958937201,2.734337655097944,-0.06955557145454536,physical_onset_farmdoc_targeted_capacity,legacy_road_km,inverse_2,6,current,soy_share_all_land
dose_100mgy,-0.03519062993303073,0.03571770137829795,-0.10674178371768595,0.03636052385162448,0.328742332946948,627,57,2014,2024,0.9295819662683735,1.2208021968283285,-0.04296079833001665,physical_onset_farmdoc_targeted_capacity,legacy_road_km,nearest_only,1,current,soy_share_all_land
dose_100mgy,-0.05873569598325009,0.017287079372113677,-0.09336587729142332,-0.02410551467507687,0.0012572795258043604,627,57,2014,2024,0.9295819662683735,1.2208021968283285,-0.07170466668859254,physical_onset_farmdoc_targeted_capacity,legacy_road_km,nearest_only,2,current,soy_share_all_land
dose_100mgy,-0.06657641443705253,0.016893124905762776,-0.10045973206519077,-0.032693096808914295,0.00023905375571110844,594,54,2014,2024,0.9538993210990745,1.2538118083193608,-0.08347429457674004,physical_onset_farmdoc_targeted_capacity,legacy_road_km,nearest_only,3,current,soy_share_all_land
dose_100mgy,-0.06442577601219154,0.025413649564023037,-0.11552334314369817,-0.013328208880684922,0.014555331788461393,539,49,2014,2024,0.9990299979134297,1.3153254316837102,-0.08474086164479386,physical_onset_farmdoc_targeted_capacity,legacy_road_km,nearest_only,4,current,soy_share_all_land
dose_100mgy,-0.07454549098962164,0.036315148869242156,-0.14794114466455563,-0.0011498373146876517,0.04667967989846193,451,41,2014,2024,1.0867090036080587,1.4358521240018043,-0.1070363015722056,physical_onset_farmdoc_targeted_capacity,legacy_road_km,nearest_only,5,current,soy_share_all_land
dose_100mgy,-0.07985564773596435,0.03371929169809291,-0.14845806251489085,-0.011253232957037854,0.023883514593169505,374,34,2014,2024,1.185758495279745,1.5738558646949392,-0.12568127951826064,physical_onset_farmdoc_targeted_capacity,legacy_road_km,nearest_only,6,current,soy_share_all_land
dose_100mgy,-0.05586343112119958,0.035083330119592415,-0.12614378656954908,0.014416924327149916,0.11694535880837915,627,57,2014,2024,0.9334615147327667,1.2275738665229894,-0.06857648813869167,physical_onset_farmdoc_targeted_capacity,road_km,excess_cutoff_100mi,1,current,soy_share_all_land
dose_100mgy,-0.08713867490636318,0.03163028471089425,-0.15050174918797782,-0.02377560062474854,0.007905035738741054,627,57,2014,2024,0.9334615147327667,1.2275738665229894,-0.10696916007849404,physical_onset_farmdoc_targeted_capacity,road_km,excess_cutoff_100mi,2,current,soy_share_all_land
dose_100mgy,-0.08150002994132814,0.021965555835559113,-0.12555735559343187,-0.03744270428922441,0.000497313922247591,594,54,2014,2024,0.9576485653677324,1.2606877763609348,-0.10274609152008259,physical_onset_farmdoc_targeted_capacity,road_km,excess_cutoff_100mi,3,current,soy_share_all_land
dose_100mgy,-0.06634404820153701,0.025135362259354428,-0.11688208120567137,-0.015806015197402656,0.011165891828067107,539,49,2014,2024,1.0024824354667123,1.3223780769142695,-0.0877319148754561,physical_onset_farmdoc_targeted_capacity,road_km,excess_cutoff_100mi,4,current,soy_share_all_land
dose_100mgy,-0.06875275542497893,0.03802903956241382,-0.14561231140155712,0.008106800551599277,0.07814542563963954,451,41,2014,2024,1.089360545323261,1.4431795701650603,-0.0992225720218846,physical_onset_farmdoc_targeted_capacity,road_km,excess_cutoff_100mi,5,current,soy_share_all_land
dose_100mgy,-0.06302826303367169,0.04065363164944081,-0.1457386985213296,0.019682172453986208,0.1305906476773169,374,34,2014,2024,1.1870960276037525,1.581370180663522,-0.0996710157004654,physical_onset_farmdoc_targeted_capacity,road_km,excess_cutoff_100mi,6,current,soy_share_all_land
dose_100mgy,-0.07933672727994126,0.05641861689472172,-0.1923567979445263,0.033683343384643766,0.16518505220083995,627,57,2014,2024,1.2908248822077046,1.6617738667588404,-0.13183970006797957,physical_onset_farmdoc_targeted_capacity,road_km,excess_cutoff_250mi,1,current,soy_share_all_land
dose_100mgy,-0.07722890888938204,0.037033210227002976,-0.15141534356576786,-0.003042474212996235,0.041603015027163834,627,57,2014,2024,1.2908248822077046,1.6617738667588404,-0.12833698255067458,physical_onset_farmdoc_targeted_capacity,road_km,excess_cutoff_250mi,2,current,soy_share_all_land
dose_100mgy,-0.05579127402615722,0.03501076487179874,-0.12601397546078305,0.014431427408468617,0.11698468987721079,594,54,2014,2024,1.3191333912884102,1.7055204791375342,-0.09515316040878513,physical_onset_farmdoc_targeted_capacity,road_km,excess_cutoff_250mi,3,current,soy_share_all_land
dose_100mgy,-0.03503522150035075,0.033526566958297914,-0.10244490233052066,0.03237445932981915,0.301257775013794,539,49,2014,2024,1.3103098939045292,1.7030099495244488,-0.05966533079889022,physical_onset_farmdoc_targeted_capacity,road_km,excess_cutoff_250mi,4,current,soy_share_all_land
dose_100mgy,-0.024703218630226582,0.039717213218338564,-0.10497470083735765,0.05556826357690449,0.5374859051345232,451,41,2014,2024,1.412722447595231,1.8537539503134006,-0.04579368912123812,physical_onset_farmdoc_targeted_capacity,road_km,excess_cutoff_250mi,5,current,soy_share_all_land
dose_100mgy,-0.033709803717737,0.037495265330397064,-0.10999449461435165,0.04257488717887765,0.3751440728206189,374,34,2014,2024,1.5143095667416193,2.0261046276063124,-0.06829958930820741,physical_onset_farmdoc_targeted_capacity,road_km,excess_cutoff_250mi,6,current,soy_share_all_land
dose_100mgy,-0.056442748103459645,0.030362643852766553,-0.11726643260119762,0.004380936394278341,0.0682912361011528,627,57,2014,2024,2.3887707358030204,4.155960794056155,-0.2345738482267657,physical_onset_farmdoc_targeted_capacity,road_km,excess_cutoff_500mi,1,current,soy_share_all_land
dose_100mgy,-0.04428631940091537,0.02331337683368786,-0.09098862516800355,0.002415986366172816,0.06263884966076945,627,57,2014,2024,2.3887707358030204,4.155960794056155,-0.18405220714325274,physical_onset_farmdoc_targeted_capacity,road_km,excess_cutoff_500mi,2,current,soy_share_all_land
dose_100mgy,-0.050656377767422225,0.023893812453570442,-0.09858129640904736,-0.0027314591257970935,0.03870011431042402,594,54,2014,2024,2.420545762829823,4.131759829939868,-0.20929998678969414,physical_onset_farmdoc_targeted_capacity,road_km,excess_cutoff_500mi,3,current,soy_share_all_land
dose_100mgy,-0.023707351471333484,0.01954570773072314,-0.06300663079709008,0.01559192785442311,0.23109659102841734,539,49,2014,2024,2.4757571224364097,4.083507560660601,-0.09680914897642849,physical_onset_farmdoc_targeted_capacity,road_km,excess_cutoff_500mi,4,current,soy_share_all_land
dose_100mgy,-0.012922178276870647,0.016071203627001634,-0.04540329242000456,0.019558935866263265,0.4261164819416083,451,41,2014,2024,2.52069446376255,4.135722024770757,-0.05344253730766817,physical_onset_farmdoc_targeted_capacity,road_km,excess_cutoff_500mi,5,current,soy_share_all_land
dose_100mgy,-0.009595938649178114,0.020580044374005783,-0.051466353750279074,0.03227447645192285,0.6440828086750362,374,34,2014,2024,2.544350790332363,4.370309616983556,-0.0419372229624873,physical_onset_farmdoc_targeted_capacity,road_km,excess_cutoff_500mi,6,current,soy_share_all_land
dose_100mgy,-0.13098605631281365,0.05816517238827942,-0.2475048980598209,-0.014467214565806408,0.028264306249841217,627,57,2014,2024,0.49327615100806804,0.7085920281039595,-0.09281567529603607,physical_onset_farmdoc_targeted_capacity,road_km,exp150_sum1,1,current,soy_share_all_land
dose_100mgy,-0.17717838503848451,0.06846678178170412,-0.31433383019206584,-0.040022939884903186,0.012280488403241552,627,57,2014,2024,0.49327615100806804,0.7085920281039595,-0.12554719119060398,physical_onset_farmdoc_targeted_capacity,road_km,exp150_sum1,2,current,soy_share_all_land
dose_100mgy,-0.16772335484816686,0.05660558283997297,-0.2812597759420765,-0.05418693375425722,0.004554121265145547,594,54,2014,2024,0.5062459514546053,0.7272811518528915,-0.12198203470660605,physical_onset_farmdoc_targeted_capacity,road_km,exp150_sum1,3,current,soy_share_all_land
dose_100mgy,-0.14694529202946105,0.030035634277367752,-0.2073359822748264,-0.08655460178409567,1.1619903551643209e-05,539,49,2014,2024,0.5302929828462732,0.7617804388965583,-0.11194004905598577,physical_onset_farmdoc_targeted_capacity,road_km,exp150_sum1,4,current,soy_share_all_land
dose_100mgy,-0.16068161418509466,0.032192594541615965,-0.22574527476326273,-0.09561795360692658,1.2174441228982415e-05,451,41,2014,2024,0.5763605501723646,0.8298743495573988,-0.13334555005768833,physical_onset_farmdoc_targeted_capacity,road_km,exp150_sum1,5,current,soy_share_all_land
dose_100mgy,-0.1685019879653867,0.02904728258168601,-0.2275991287271606,-0.10940484720361282,1.733817730923572e-06,374,34,2014,2024,0.6260385240620205,0.9082253687682821,-0.15303778015805197,physical_onset_farmdoc_targeted_capacity,road_km,exp150_sum1,6,current,soy_share_all_land
dose_100mgy,-0.077584652710531,0.04734396793088394,-0.17242601706150554,0.01725671164044354,0.10687348323405928,627,57,2014,2024,0.9537863409985721,1.3344258358435925,-0.10353096504188518,physical_onset_farmdoc_targeted_capacity,road_km,exp_150mi,1,current,soy_share_all_land
dose_100mgy,-0.09708159820530142,0.033042820179401605,-0.16327432105424686,-0.030888875356355983,0.004788362152065791,627,57,2014,2024,0.9537863409985721,1.3344258358435925,-0.12954819283014116,physical_onset_farmdoc_targeted_capacity,road_km,exp_150mi,2,current,soy_share_all_land
dose_100mgy,-0.09386674729702295,0.030415395924895675,-0.15487230586938988,-0.03286118872465602,0.003220879443474686,594,54,2014,2024,0.9788334345603837,1.3670273639017867,-0.12831841211548445,physical_onset_farmdoc_targeted_capacity,road_km,exp_150mi,3,current,soy_share_all_land
dose_100mgy,-0.06158288457042473,0.031284265284605164,-0.12448411571838902,0.001318346577539549,0.054800873300500985,539,49,2014,2024,1.0236448655825399,1.424550636570402,-0.08772793741664013,physical_onset_farmdoc_targeted_capacity,road_km,exp_150mi,4,current,soy_share_all_land
dose_100mgy,-0.057709069960005986,0.04240703619274411,-0.14341688718498852,0.027998747264976552,0.1811836681333088,451,41,2014,2024,1.1088270339847792,1.5428864086527199,-0.08903853969728219,physical_onset_farmdoc_targeted_capacity,road_km,exp_150mi,5,current,soy_share_all_land
dose_100mgy,-0.06298580605035681,0.04114398568904818,-0.146693874332762,0.020722262232048372,0.1353342715218471,374,34,2014,2024,1.1942128721599345,1.685680037321593,-0.10617391589369608,physical_onset_farmdoc_targeted_capacity,road_km,exp_150mi,6,current,soy_share_all_land
dose_100mgy,-0.04355780609764624,0.05278801205034944,-0.14930490130393836,0.06218928910864589,0.41279005741857583,627,57,2014,2024,1.0361126373923175,2.010288765084779,-0.08756376822983952,physical_onset_farmdoc_targeted_capacity,road_km,exp_300mi,1,current,soy_share_all_land
dose_100mgy,-0.06269792739709339,0.038102167957905136,-0.1390257417267496,0.01362988693256284,0.10546440843539447,627,57,2014,2024,1.0361126373923175,2.010288765084779,-0.126040939040478,physical_onset_farmdoc_targeted_capacity,road_km,exp_300mi,2,current,soy_share_all_land
dose_100mgy,-0.0701860443433459,0.04047568111948705,-0.1513699796565201,0.010997890969828325,0.08872655371919701,594,54,2014,2024,1.0623951417590929,2.027729522270015,-0.14231831416635488,physical_onset_farmdoc_targeted_capacity,road_km,exp_300mi,3,current,soy_share_all_land
dose_100mgy,-0.0368676346396863,0.03992127659188764,-0.11713474092406623,0.04339947164469363,0.360361609633967,539,49,2014,2024,1.105037034609852,2.053792632712945,-0.0757184764085403,physical_onset_farmdoc_targeted_capacity,road_km,exp_300mi,4,current,soy_share_all_land
dose_100mgy,-0.036565675186536514,0.04545216567967496,-0.12842792867785097,0.055296578304777924,0.4258716137250521,451,41,2014,2024,1.1792106814313486,2.12737138585939,-0.0777887710964665,physical_onset_farmdoc_targeted_capacity,road_km,exp_300mi,5,current,soy_share_all_land
dose_100mgy,-0.04610919648664014,0.04565128353692676,-0.13898743119071477,0.04676903821743449,0.3198294759501038,374,34,2014,2024,1.2552132804347085,2.2811753408704964,-0.10518316201267602,physical_onset_farmdoc_targeted_capacity,road_km,exp_300mi,6,current,soy_share_all_land
dose_100mgy,-0.04290871151794899,0.03334929076333738,-0.10971536871976366,0.023897945683865676,0.20351151652633184,627,57,2014,2024,0.9289417422251091,1.2225561646742498,-0.052458309784497524,physical_onset_farmdoc_targeted_capacity,road_km,exp_50mi,1,current,soy_share_all_land
dose_100mgy,-0.06805669654312674,0.015771288550105622,-0.09965038395539753,-0.03646300913085594,6.549925919184887e-05,627,57,2014,2024,0.9289417422251091,1.2225561646742498,-0.0832031339061643,physical_onset_farmdoc_targeted_capacity,road_km,exp_50mi,2,current,soy_share_all_land
dose_100mgy,-0.07260897826061662,0.016990424871642765,-0.1066874549056632,-0.03853050161557003,8.040115937281953e-05,594,54,2014,2024,0.9530810910787884,1.2555691761260175,-0.09116559501403432,physical_onset_farmdoc_targeted_capacity,road_km,exp_50mi,3,current,soy_share_all_land
dose_100mgy,-0.06498812329993699,0.02578163486889228,-0.11682557447570865,-0.013150672124165319,0.015089088860549878,539,49,2014,2024,0.9979640331076176,1.3171053622469275,-0.0855962056807115,physical_onset_farmdoc_targeted_capacity,road_km,exp_50mi,4,current,soy_share_all_land
dose_100mgy,-0.07304163981927946,0.036886277136477796,-0.14759158677983167,0.0015083071412727578,0.05459063753421921,451,41,2014,2024,1.085144917165277,1.4376365189199625,-0.10500732880599463,physical_onset_farmdoc_targeted_capacity,road_km,exp_50mi,5,current,soy_share_all_land
dose_100mgy,-0.078046976173808,0.03402276321066445,-0.1472668083874014,-0.008827143960214612,0.028293853943340278,374,34,2014,2024,1.1829056770799753,1.5754966547422409,-0.12296274987458188,physical_onset_farmdoc_targeted_capacity,road_km,exp_50mi,6,current,soy_share_all_land
dose_100mgy,-0.026640882611298867,0.06670344825959712,-0.16026394625248602,0.10698218102988828,0.6911229030717186,627,57,2014,2024,0.8979961203876832,3.8679225409363656,-0.10304487036268255,physical_onset_farmdoc_targeted_capacity,road_km,inverse_1,1,current,soy_share_all_land
dose_100mgy,-0.024490962977579748,0.05589787755166984,-0.13646786738625716,0.08748594143109767,0.6629720062764484,627,57,2014,2024,0.8979961203876832,3.8679225409363656,-0.09472914775021872,physical_onset_farmdoc_targeted_capacity,road_km,inverse_1,2,current,soy_share_all_land
dose_100mgy,-0.04435118154536886,0.052064547231403996,-0.14877943865279544,0.060077075562057734,0.3981302050682728,594,54,2014,2024,0.9201080198920141,3.8638862962410183,-0.17136792259524827,physical_onset_farmdoc_targeted_capacity,road_km,inverse_1,3,current,soy_share_all_land
dose_100mgy,-0.019263719613310696,0.05883215757199897,-0.13755370049359747,0.09902626126697607,0.7447625645224063,539,49,2014,2024,0.9587337543167561,3.8545299224115563,-0.07425258366645246,physical_onset_farmdoc_targeted_capacity,road_km,inverse_1,4,current,soy_share_all_land
dose_100mgy,-0.03319731335311043,0.06147345500766801,-0.15743980042620814,0.0910451737199873,0.5921726494727819,451,41,2014,2024,1.0288123488923724,3.8682960158252455,-0.12841703497993928,physical_onset_farmdoc_targeted_capacity,road_km,inverse_1,5,current,soy_share_all_land
dose_100mgy,-0.029130648068554615,0.0663321272501547,-0.16408437567135045,0.10582307953424122,0.6634053756745081,374,34,2014,2024,1.112839479131657,3.9624547847210794,-0.11542887582127011,physical_onset_farmdoc_targeted_capacity,road_km,inverse_1,6,current,soy_share_all_land
dose_100mgy,-0.032488623427987695,0.06152248563336507,-0.1557329717734778,0.09075572491750242,0.5995321944667559,627,57,2014,2024,1.0053156454883643,2.5685481374968067,-0.08344859319579291,physical_onset_farmdoc_targeted_capacity,road_km,inverse_2,1,current,soy_share_all_land
dose_100mgy,-0.026845736815826342,0.04704641014363138,-0.12109102129116628,0.06739954765951359,0.570538314420933,627,57,2014,2024,1.0053156454883643,2.5685481374968067,-0.0689545672980202,physical_onset_farmdoc_targeted_capacity,road_km,inverse_2,2,current,soy_share_all_land
dose_100mgy,-0.046932024076175846,0.04390815664508156,-0.13500063342883784,0.04113658527648616,0.28997329158473834,594,54,2014,2024,1.0300234251538731,2.571652811672478,-0.12069287167297804,physical_onset_farmdoc_targeted_capacity,road_km,inverse_2,3,current,soy_share_all_land
dose_100mgy,-0.01925581541422441,0.04976752879259135,-0.11932013860567331,0.08080850777722448,0.7005290814792632,539,49,2014,2024,1.0723663539173622,2.5742460392599327,-0.04956920656278755,physical_onset_farmdoc_targeted_capacity,road_km,inverse_2,4,current,soy_share_all_land
dose_100mgy,-0.02751875782049603,0.05394099422793512,-0.13653757378322842,0.08150005814223635,0.6127402926995746,451,41,2014,2024,1.150904576126693,2.6183348693008903,-0.07205332316125132,physical_onset_farmdoc_targeted_capacity,road_km,inverse_2,5,current,soy_share_all_land
dose_100mgy,-0.022889442739417447,0.0593052296968331,-0.14354683977637117,0.09776795429753629,0.7020034895434549,374,34,2014,2024,1.2418103737758888,2.748931267329385,-0.0629215048381302,physical_onset_farmdoc_targeted_capacity,road_km,inverse_2,6,current,soy_share_all_land
dose_100mgy,-0.03519062993303073,0.03571770137829795,-0.10674178371768595,0.03636052385162448,0.328742332946948,627,57,2014,2024,0.9295819662683735,1.2208021968283285,-0.04296079833001665,physical_onset_farmdoc_targeted_capacity,road_km,nearest_only,1,current,soy_share_all_land
dose_100mgy,-0.05873569598325009,0.017287079372113677,-0.09336587729142332,-0.02410551467507687,0.0012572795258043604,627,57,2014,2024,0.9295819662683735,1.2208021968283285,-0.07170466668859254,physical_onset_farmdoc_targeted_capacity,road_km,nearest_only,2,current,soy_share_all_land
dose_100mgy,-0.06657641443705253,0.016893124905762776,-0.10045973206519077,-0.032693096808914295,0.00023905375571110844,594,54,2014,2024,0.9538993210990745,1.2538118083193608,-0.08347429457674004,physical_onset_farmdoc_targeted_capacity,road_km,nearest_only,3,current,soy_share_all_land
dose_100mgy,-0.06442577601219154,0.025413649564023037,-0.11552334314369817,-0.013328208880684922,0.014555331788461393,539,49,2014,2024,0.9990299979134297,1.3153254316837102,-0.08474086164479386,physical_onset_farmdoc_targeted_capacity,road_km,nearest_only,4,current,soy_share_all_land
dose_100mgy,-0.07454549098962164,0.036315148869242156,-0.14794114466455563,-0.0011498373146876517,0.04667967989846193,451,41,2014,2024,1.0867090036080587,1.4358521240018043,-0.1070363015722056,physical_onset_farmdoc_targeted_capacity,road_km,nearest_only,5,current,soy_share_all_land
dose_100mgy,-0.07985564773596435,0.03371929169809291,-0.14845806251489085,-0.011253232957037854,0.023883514593169505,374,34,2014,2024,1.185758495279745,1.5738558646949392,-0.12568127951826064,physical_onset_farmdoc_targeted_capacity,road_km,nearest_only,6,current,soy_share_all_land
dose_100mgy,-0.039216090045978674,0.03477045285604135,-0.10886967701998099,0.03043749692802364,0.26418957736046017,627,57,2014,2024,0.937090754182183,1.2331875281087248,-0.04836079314588961,physical_onset_snapshot_capacity,air_km,excess_cutoff_100mi,1,current,soy_share_all_land
dose_100mgy,-0.06811940600170698,0.017808753491579267,-0.10379462614796278,-0.032444185855451176,0.0003311727920128551,627,57,2014,2024,0.937090754182183,1.2331875281087248,-0.08400400190347966,physical_onset_snapshot_capacity,air_km,excess_cutoff_100mi,2,current,soy_share_all_land
dose_100mgy,-0.07152868671572982,0.017795431246857247,-0.10722180167406821,-0.035835571757391424,0.00018548642259424124,594,54,2014,2024,0.961358695809314,1.2664743980348776,-0.09058925045052926,physical_onset_snapshot_capacity,air_km,excess_cutoff_100mi,3,current,soy_share_all_land
dose_100mgy,-0.06732928689944703,0.024715149476155978,-0.11702242547608457,-0.0176361483228095,0.008963908616852083,539,49,2014,2024,1.0063393498730067,1.3284917645087952,-0.0894464031561653,physical_onset_snapshot_capacity,air_km,excess_cutoff_100mi,4,current,soy_share_all_land
dose_100mgy,-0.07390602330786644,0.036760191030501765,-0.14820114074257096,0.00038909412683806044,0.05115489633469458,451,41,2014,2024,1.0941816865844618,1.4492299027967868,-0.10710681897455634,physical_onset_snapshot_capacity,air_km,excess_cutoff_100mi,5,current,soy_share_all_land
dose_100mgy,-0.08152921496630684,0.03360622930216224,-0.14990160257114613,-0.01315682736146756,0.020895424359458008,374,34,2014,2024,1.1927378184977129,1.5882280380388991,-0.12948698512878917,physical_onset_snapshot_capacity,air_km,excess_cutoff_100mi,6,current,soy_share_all_land
dose_100mgy,-0.09340407656746169,0.08852337941781652,-0.27073771478725134,0.08392956165232796,0.2958948325791688,627,57,2014,2024,1.1778963081121745,1.5686942347156292,-0.14652243641031434,physical_onset_snapshot_capacity,air_km,excess_cutoff_250mi,1,current,soy_share_all_land
dose_100mgy,-0.12245838502151474,0.0654862608073464,-0.25364312919588256,0.00872635915285308,0.06671639163356273,627,57,2014,2024,1.1778963081121745,1.5686942347156292,-0.19209976257583694,physical_onset_snapshot_capacity,air_km,excess_cutoff_250mi,2,current,soy_share_all_land
dose_100mgy,-0.10728793805776314,0.04884881619536566,-0.20526625551763644,-0.009309620597889826,0.032465112265842776,594,54,2014,2024,1.2028351581439294,1.6092955645922729,-0.17265800285060873,physical_onset_snapshot_capacity,air_km,excess_cutoff_250mi,3,current,soy_share_all_land
dose_100mgy,-0.050791564128536325,0.040141479883597654,-0.13150141880497168,0.029918290547899025,0.21186690251903412,539,49,2014,2024,1.2498941089179934,1.6843039948391725,-0.08554843436582374,physical_onset_snapshot_capacity,air_km,excess_cutoff_250mi,4,current,soy_share_all_land
dose_100mgy,-0.00970798831952405,0.05004900935630979,-0.11086080943877016,0.09144483279972207,0.8471813716970102,451,41,2014,2024,1.3453311393680079,1.824684856981436,-0.017714019278388192,physical_onset_snapshot_capacity,air_km,excess_cutoff_250mi,5,current,soy_share_all_land
dose_100mgy,0.0006306032710800481,0.05903030492736308,-0.11946745511673919,0.1207286616588993,0.9915409199108495,374,34,2014,2024,1.4358072161004665,1.989508060834232,0.00125459029100219,physical_onset_snapshot_capacity,air_km,excess_cutoff_250mi,6,current,soy_share_all_land
dose_100mgy,-0.03256484781667322,0.028518788351856002,-0.08969484589531555,0.024565150261969107,0.25836571905252786,627,57,2014,2024,2.599681630903736,4.856730758280432,-0.15815869802995822,physical_onset_snapshot_capacity,air_km,excess_cutoff_500mi,1,current,soy_share_all_land
dose_100mgy,-0.029434537353152504,0.02278180505503672,-0.07507197688825634,0.016202902181951334,0.2016569940957906,627,57,2014,2024,2.599681630903736,4.856730758280432,-0.14295562291881006,physical_onset_snapshot_capacity,air_km,excess_cutoff_500mi,2,current,soy_share_all_land
dose_100mgy,-0.041078271728102675,0.024958835462819358,-0.0911393560054502,0.008982812549244858,0.10571476792092267,594,54,2014,2024,2.629100210871863,4.807245598006329,-0.19747334093862942,physical_onset_snapshot_capacity,air_km,excess_cutoff_500mi,3,current,soy_share_all_land
dose_100mgy,-0.026806394156641745,0.01928470527849356,-0.0655808928801204,0.011968104566836897,0.17093155879238195,539,49,2014,2024,2.672813584060987,4.708779239937316,-0.12622539230237162,physical_onset_snapshot_capacity,air_km,excess_cutoff_500mi,4,current,soy_share_all_land
dose_100mgy,-0.01761359930997684,0.015721707793684512,-0.04938835602537893,0.014161157405425253,0.2692522668828085,451,41,2014,2024,2.6776141511962877,4.736727790481888,-0.0834308253419799,physical_onset_snapshot_capacity,air_km,excess_cutoff_500mi,5,current,soy_share_all_land
dose_100mgy,-0.012737307000141144,0.01953053005941286,-0.05247246917331075,0.026997855173028457,0.5188060037386433,374,34,2014,2024,2.6572423304238906,4.9395318066779605,-0.06291633305861902,physical_onset_snapshot_capacity,air_km,excess_cutoff_500mi,6,current,soy_share_all_land
dose_100mgy,-0.15893763942416564,0.07324244313355331,-0.30565988385719933,-0.012215394991131917,0.0342630342918689,627,57,2014,2024,0.4012436823813202,0.5857052297367229,-0.09309060661274336,physical_onset_snapshot_capacity,air_km,exp150_sum1,1,current,soy_share_all_land
dose_100mgy,-0.23479665149682324,0.0922597764605309,-0.4196151924143611,-0.04997811057928536,0.013712030744737588,627,57,2014,2024,0.4012436823813202,0.5857052297367229,-0.13752162670636012,physical_onset_snapshot_capacity,air_km,exp150_sum1,2,current,soy_share_all_land
dose_100mgy,-0.2270100077956204,0.08109214992488742,-0.38966026275917953,-0.06435975283206125,0.0071260219089814125,594,54,2014,2024,0.41181077621802087,0.600829925661062,-0.1363944061081597,physical_onset_snapshot_capacity,air_km,exp150_sum1,3,current,soy_share_all_land
dose_100mgy,-0.188690326530068,0.042190004669744124,-0.2735190163433842,-0.10386163671675182,4.73304244404882e-05,539,49,2014,2024,0.4314441713899231,0.6288205762904423,-0.1186523598690691,physical_onset_snapshot_capacity,air_km,exp150_sum1,4,current,soy_share_all_land
dose_100mgy,-0.19523892060366616,0.04828163742823738,-0.29281974981356695,-0.09765809139376534,0.00023302556332188256,451,41,2014,2024,0.4680970640104092,0.6841040896680917,-0.13356374404735186,physical_onset_snapshot_capacity,air_km,exp150_sum1,5,current,soy_share_all_land
dose_100mgy,-0.20447086662013175,0.043257429037593616,-0.2924787677254452,-0.11646296551481833,4.116351407810667e-05,374,34,2014,2024,0.5071141386714727,0.7478093492043627,-0.15290522569845277,physical_onset_snapshot_capacity,air_km,exp150_sum1,6,current,soy_share_all_land
dose_100mgy,-0.0765271332130387,0.04874377727734051,-0.17417265264545884,0.02111838621938146,0.12205163882636995,627,57,2014,2024,0.971624623086636,1.3977334280723521,-0.10696453224641013,physical_onset_snapshot_capacity,air_km,exp_150mi,1,current,soy_share_all_land
dose_100mgy,-0.10524964026129245,0.03700673914705548,-0.17938304699245555,-0.03111623353012935,0.0062079274675565675,627,57,2014,2024,0.971624623086636,1.3977334280723521,-0.14711094048579815,physical_onset_snapshot_capacity,air_km,exp_150mi,2,current,soy_share_all_land
dose_100mgy,-0.1063735129392143,0.035857118756510334,-0.17829378528872214,-0.03445324058970646,0.004509045291177515,594,54,2014,2024,0.9975135884562907,1.4305339283327576,-0.15217091933548965,physical_onset_snapshot_capacity,air_km,exp_150mi,3,current,soy_share_all_land
dose_100mgy,-0.06550907299918945,0.031590422143991354,-0.1290258737699207,-0.001992272228458228,0.04349589134285785,539,49,2014,2024,1.0450073445911319,1.4898999524640066,-0.09760196474745352,physical_onset_snapshot_capacity,air_km,exp_150mi,4,current,soy_share_all_land
dose_100mgy,-0.05360560471146862,0.04342101490348161,-0.1413627493550172,0.03415153993207996,0.224199991888993,451,41,2014,2024,1.1294899300568677,1.6112444221621167,-0.0863717315879811,physical_onset_snapshot_capacity,air_km,exp_150mi,5,current,soy_share_all_land
dose_100mgy,-0.055521914450884446,0.044028627961483754,-0.14509883156422881,0.034055002662459935,0.21613660810530122,374,34,2014,2024,1.2126011440348616,1.7572680691714078,-0.0975668874038058,physical_onset_snapshot_capacity,air_km,exp_150mi,6,current,soy_share_all_land
dose_100mgy,-0.03505147270261419,0.05306591727010627,-0.14135527896110356,0.07125233355587518,0.5116237493173541,627,57,2014,2024,1.0659080483962307,2.2858031439784137,-0.08012076650470906,physical_onset_snapshot_capacity,air_km,exp_300mi,1,current,soy_share_all_land
dose_100mgy,-0.06209308446669357,0.03913218229532928,-0.14048426545807496,0.016298096524687826,0.11819977316842455,627,57,2014,2024,1.0659080483962307,2.2858031439784137,-0.14193256769328536,physical_onset_snapshot_capacity,air_km,exp_300mi,2,current,soy_share_all_land
dose_100mgy,-0.07676357921196196,0.042256396799204746,-0.16151917786852968,0.007992019444605758,0.07493289111655779,594,54,2014,2024,1.0937590764723197,2.3001909578625837,-0.1765708907965231,physical_onset_snapshot_capacity,air_km,exp_300mi,3,current,soy_share_all_land
dose_100mgy,-0.0354350721339217,0.03952144174406175,-0.11489825657595348,0.044028112308110094,0.37440531323178095,539,49,2014,2024,1.1421307828409724,2.3245391298603475,-0.08237021174472499,physical_onset_snapshot_capacity,air_km,exp_300mi,4,current,soy_share_all_land
dose_100mgy,-0.029193235295660893,0.044393220575247194,-0.11891528089673108,0.060528810305409284,0.5145582117731292,451,41,2014,2024,1.2198445123668282,2.4019398290950287,-0.07012039459679069,physical_onset_snapshot_capacity,air_km,exp_300mi,5,current,soy_share_all_land
dose_100mgy,-0.0349086523253588,0.04669125277162703,-0.12990272034630782,0.06008541569559021,0.4599669934922721,374,34,2014,2024,1.2941084958544093,2.558349737028802,-0.08930854149661158,physical_onset_snapshot_capacity,air_km,exp_300mi,6,current,soy_share_all_land
dose_100mgy,-0.0405961910952107,0.03462873672011683,-0.10996588653521122,0.028773504344789834,0.24602908553858607,627,57,2014,2024,0.938713679326654,1.23540627311833,-0.05015278914373378,physical_onset_snapshot_capacity,air_km,exp_50mi,1,current,soy_share_all_land
dose_100mgy,-0.06910895064422086,0.01664914419462179,-0.10246119422885688,-0.035756707059584836,0.00011386574293768699,627,57,2014,2024,0.938713679326654,1.23540627311833,-0.0853776311544955,physical_onset_snapshot_capacity,air_km,exp_50mi,2,current,soy_share_all_land
dose_100mgy,-0.07383245252742794,0.01764774256651089,-0.10922934150660785,-0.038435563548248036,0.00010832567342779542,594,54,2014,2024,0.9630334244777725,1.2687474354229895,-0.09367473479516382,physical_onset_snapshot_capacity,air_km,exp_50mi,3,current,soy_share_all_land
dose_100mgy,-0.06542821894595494,0.025537397266710803,-0.11677459750966174,-0.014081840382248141,0.013599804641562626,539,49,2014,2024,1.0081835037776263,1.3308864785276027,-0.08707753190931494,physical_onset_snapshot_capacity,air_km,exp_50mi,4,current,soy_share_all_land
dose_100mgy,-0.07199764042469425,0.03735303574607889,-0.1474909417243248,0.0034956608749363016,0.061040806013497526,451,41,2014,2024,1.0960768105868162,1.4525627435397606,-0.10458109010368305,physical_onset_snapshot_capacity,air_km,exp_50mi,5,current,soy_share_all_land
dose_100mgy,-0.07804745226862514,0.034296414926302976,-0.14782403308385839,-0.008270871453391906,0.029486734166630363,374,34,2014,2024,1.1943307647949242,1.5917061828150552,-0.12422861232893354,physical_onset_snapshot_capacity,air_km,exp_50mi,6,current,soy_share_all_land
dose_100mgy,-0.03318796017024585,0.06647669371523314,-0.16635677987497927,0.09998085953448758,0.6195646150222651,627,57,2014,2024,0.9240582180796139,3.7583883870199233,-0.12473324409273175,physical_onset_snapshot_capacity,air_km,inverse_1,1,current,soy_share_all_land
dose_100mgy,-0.03357584274895239,0.05262312507588392,-0.13899262965398756,0.07184094415608278,0.5260459637377561,627,57,2014,2024,0.9240582180796139,3.7583883870199233,-0.12619105747206974,physical_onset_snapshot_capacity,air_km,inverse_1,2,current,soy_share_all_land
dose_100mgy,-0.05901554619072063,0.049631128493814076,-0.1585629834102948,0.040531891028853524,0.2397071433451856,594,54,2014,2024,0.9470643629910095,3.754631935769124,-0.22158165443453753,physical_onset_snapshot_capacity,air_km,inverse_1,3,current,soy_share_all_land
dose_100mgy,-0.023792161096592428,0.054629131620317906,-0.13363139191123258,0.08604706971804774,0.6651362028164893,539,49,2014,2024,0.9881090031777761,3.7462367515599455,-0.08913106829908933,physical_onset_snapshot_capacity,air_km,inverse_1,4,current,soy_share_all_land
dose_100mgy,-0.02867957122321306,0.06035731253748821,-0.15066625021775473,0.09330710777132861,0.637255127854806,451,41,2014,2024,1.0623795193970207,3.773399914097352,-0.10821949159002105,physical_onset_snapshot_capacity,air_km,inverse_1,5,current,soy_share_all_land
dose_100mgy,-0.02112252991774668,0.06728409614897166,-0.15801305280788164,0.11576799297238827,0.7555498081497048,374,34,2014,2024,1.145202664367269,3.876310357245911,-0.08187748149139809,physical_onset_snapshot_capacity,air_km,inverse_1,6,current,soy_share_all_land
dose_100mgy,-0.04182510928973761,0.06146829098654288,-0.16496089271196993,0.08131067413249471,0.49903342575389226,627,57,2014,2024,1.017902941765365,2.429470041713647,-0.10161285001081667,physical_onset_snapshot_capacity,air_km,inverse_2,1,current,soy_share_all_land
dose_100mgy,-0.04087135641993624,0.043344677705081706,-0.12770117974409345,0.04595846690422096,0.3497628342870689,627,57,2014,2024,1.017902941765365,2.429470041713647,-0.09929573598643583,physical_onset_snapshot_capacity,air_km,inverse_2,2,current,soy_share_all_land
dose_100mgy,-0.06545604681530137,0.04136739032170728,-0.1484285242898169,0.01751643065921417,0.11952858803746938,594,54,2014,2024,1.0437555846213196,2.435660678768716,-0.15942871941567377,physical_onset_snapshot_capacity,air_km,inverse_2,3,current,soy_share_all_land
dose_100mgy,-0.028291797259406646,0.04544665361032287,-0.11966841862603059,0.0630848241072173,0.5365413501986729,539,49,2014,2024,1.0895590743390842,2.4447962187295786,-0.06916767896086122,physical_onset_snapshot_capacity,air_km,inverse_2,4,current,soy_share_all_land
dose_100mgy,-0.027175924130586157,0.05217120127478776,-0.13261785510977495,0.07826600684860263,0.6053090345581391,451,41,2014,2024,1.1732800746728964,2.510985721013003,-0.06823835744723454,physical_onset_snapshot_capacity,air_km,inverse_2,5,current,soy_share_all_land
dose_100mgy,-0.018354803134337776,0.059634531928129605,-0.13968217059834845,0.10297256432967289,0.7601778293284593,374,34,2014,2024,1.2616751871084002,2.649184839932555,-0.04862526620343418,physical_onset_snapshot_capacity,air_km,inverse_2,6,current,soy_share_all_land
dose_100mgy,-0.03559479521873101,0.035356335055076654,-0.10642204527028898,0.03523245483282695,0.3183879672861301,627,57,2014,2024,0.9372635504743331,1.230697658045984,-0.043806431114318645,physical_onset_snapshot_capacity,air_km,nearest_only,1,current,soy_share_all_land
dose_100mgy,-0.0602693397111903,0.016942792083234227,-0.09420983070329847,-0.026328848719082136,0.0007713402366832133,627,57,2014,2024,0.9372635504743331,1.230697658045984,-0.07417333523453973,physical_onset_snapshot_capacity,air_km,nearest_only,2,current,soy_share_all_land
dose_100mgy,-0.0667468499730451,0.01650635445413102,-0.09985440431671566,-0.033639295629374545,0.0001714440850034709,594,54,2014,2024,0.961774554526267,1.2639671921748048,-0.08436582854694276,physical_onset_snapshot_capacity,air_km,nearest_only,3,current,soy_share_all_land
dose_100mgy,-0.06290990739218427,0.025517262793529304,-0.1142158028842859,-0.011604011900082652,0.017313872796369388,539,49,2014,2024,1.0072629002696893,1.3259634691282831,-0.08341623904827968,physical_onset_snapshot_capacity,air_km,nearest_only,4,current,soy_share_all_land
dose_100mgy,-0.07139951814576787,0.03729247531192606,-0.14677042224230585,0.003971385950770137,0.06271741459795574,451,41,2014,2024,1.0956297457629967,1.447428932592253,-0.10334572833732997,physical_onset_snapshot_capacity,air_km,nearest_only,5,current,soy_share_all_land
dose_100mgy,-0.07827476173681809,0.034226089520448685,-0.14790826443804145,-0.008641259035594748,0.028743379558458695,374,34,2014,2024,1.1954434638879645,1.5864951939647065,-0.1241825333041944,physical_onset_snapshot_capacity,air_km,nearest_only,6,current,soy_share_all_land
dose_100mgy,-0.05643563884668077,0.034635142310581485,-0.12581816622632835,0.01294688853296682,0.10883442484692138,627,57,2014,2024,0.9410605525072593,1.2373930289397743,-0.06983306609264552,physical_onset_snapshot_capacity,legacy_road_km,excess_cutoff_100mi,1,current,soy_share_all_land
dose_100mgy,-0.08722551892573494,0.03117086384754282,-0.14966826262679575,-0.024782775224674113,0.007031845558148359,627,57,2014,2024,0.9410605525072593,1.2373930289397743,-0.10793224906435876,physical_onset_snapshot_capacity,legacy_road_km,excess_cutoff_100mi,2,current,soy_share_all_land
dose_100mgy,-0.08144330818499637,0.0217545988104769,-0.12507750762885728,-0.03780910874113546,0.0004478827611622908,594,54,2014,2024,0.96543795776538,1.2707641816982163,-0.10349523888050255,physical_onset_snapshot_capacity,legacy_road_km,excess_cutoff_100mi,3,current,soy_share_all_land
dose_100mgy,-0.0660973504469078,0.024992460230337195,-0.11634805966456507,-0.015846641229250523,0.011017051133647971,539,49,2014,2024,1.0106231029993655,1.332932000928707,-0.08810327358728277,physical_onset_snapshot_capacity,legacy_road_km,excess_cutoff_100mi,4,current,soy_share_all_land
dose_100mgy,-0.06777355214902678,0.03833179297510126,-0.1452449955973188,0.009697891299265252,0.08467505721435777,451,41,2014,2024,1.098175478942114,1.4546616308309899,-0.09858758589631243,physical_onset_snapshot_capacity,legacy_road_km,excess_cutoff_100mi,5,current,soy_share_all_land
dose_100mgy,-0.06233766939637611,0.04054765331060879,-0.14483249033248202,0.020157151539729787,0.13373130424735105,374,34,2014,2024,1.1966577148790467,1.5939015492766162,-0.09936010782917738,physical_onset_snapshot_capacity,legacy_road_km,excess_cutoff_100mi,6,current,soy_share_all_land
dose_100mgy,-0.07765361847118438,0.054575578259715325,-0.1869816390957148,0.031674402153346035,0.16032271370502651,627,57,2014,2024,1.3093388111649786,1.688029522572649,-0.13108160051395198,physical_onset_snapshot_capacity,legacy_road_km,excess_cutoff_250mi,1,current,soy_share_all_land
dose_100mgy,-0.07391423068045162,0.03654084674906567,-0.14711434278935986,-0.0007141185715433818,0.04788020749974731,627,57,2014,2024,1.3093388111649786,1.688029522572649,-0.1247694035268474,physical_onset_snapshot_capacity,legacy_road_km,excess_cutoff_250mi,2,current,soy_share_all_land
dose_100mgy,-0.052713439628933614,0.0354121462373208,-0.12374121013005054,0.018314330872183315,0.14252726267779092,594,54,2014,2024,1.3380559069270854,1.7324218670913174,-0.09132191550276261,physical_onset_snapshot_capacity,legacy_road_km,excess_cutoff_250mi,3,current,soy_share_all_land
dose_100mgy,-0.03339986576492107,0.033341000984746676,-0.10043644119883648,0.03363670966899433,0.32148037168830274,539,49,2014,2024,1.3263799859991725,1.7256415481640939,-0.05763619606705132,physical_onset_snapshot_capacity,legacy_road_km,excess_cutoff_250mi,4,current,soy_share_all_land
dose_100mgy,-0.022268689780604308,0.03985361858580881,-0.10281585751903519,0.05827847795782656,0.5794390168696324,451,41,2014,2024,1.4299548896299719,1.8783026212853378,-0.04182733838749909,physical_onset_snapshot_capacity,legacy_road_km,excess_cutoff_250mi,5,current,soy_share_all_land
dose_100mgy,-0.032245738739512385,0.03696187376590639,-0.10744523633864034,0.04295375885961556,0.3892908908316999,374,34,2014,2024,1.5327582260297314,2.0527247365467463,-0.06619162555882077,physical_onset_snapshot_capacity,legacy_road_km,excess_cutoff_250mi,6,current,soy_share_all_land
dose_100mgy,-0.04614083556227132,0.02909109494141711,-0.10441730150478742,0.012135630380244782,0.11835211159253323,627,57,2014,2024,2.414887509727496,4.217623952908041,-0.19460469327462668,physical_onset_snapshot_capacity,legacy_road_km,excess_cutoff_500mi,1,current,soy_share_all_land
dose_100mgy,-0.035903482502710124,0.022533022657058317,-0.08104255100805101,0.00923558600263076,0.11670611752561641,627,57,2014,2024,2.414887509727496,4.217623952908041,-0.15142738779624496,physical_onset_snapshot_capacity,legacy_road_km,excess_cutoff_500mi,2,current,soy_share_all_land
dose_100mgy,-0.0449092759624553,0.023694569205933685,-0.09243456325803888,0.0026160113331282764,0.063506679503459,594,54,2014,2024,2.4459839668106245,4.190192699722284,-0.18817852028769366,physical_onset_snapshot_capacity,legacy_road_km,excess_cutoff_500mi,3,current,soy_share_all_land
dose_100mgy,-0.02129222525274271,0.01963627777054439,-0.060773607848563324,0.0181891573430779,0.2836345191166053,539,49,2014,2024,2.499010412670822,4.134785348845464,-0.08803878101935796,physical_onset_snapshot_capacity,legacy_road_km,excess_cutoff_500mi,4,current,soy_share_all_land
dose_100mgy,-0.010695218955461131,0.016124770112047694,-0.04328459500326685,0.02189415709234458,0.510956652099254,451,41,2014,2024,2.5402593841674603,4.179751177214319,-0.044703354019653564,physical_onset_snapshot_capacity,legacy_road_km,excess_cutoff_500mi,5,current,soy_share_all_land
dose_100mgy,-0.0073666969488274964,0.020788410997665423,-0.04966103713324186,0.03492764323558687,0.7253194161291684,374,34,2014,2024,2.5581882206869233,4.4100476463095655,-0.032487484540252555,physical_onset_snapshot_capacity,legacy_road_km,excess_cutoff_500mi,6,current,soy_share_all_land
dose_100mgy,-0.13011192620651918,0.05740201081042838,-0.24510197160571504,-0.015121880807323324,0.027291682442386476,627,57,2014,2024,0.4937347810955201,0.7095854333196006,-0.0923255275373008,physical_onset_snapshot_capacity,legacy_road_km,exp150_sum1,1,current,soy_share_all_land
dose_100mgy,-0.17506276294996534,0.0665338070265844,-0.30834599436558585,-0.04177953153434483,0.010970860463203544,627,57,2014,2024,0.4937347810955201,0.7095854333196006,-0.12422198650597767,physical_onset_snapshot_capacity,legacy_road_km,exp150_sum1,2,current,soy_share_all_land
dose_100mgy,-0.16605474562095315,0.055385349985332594,-0.2771436895533126,-0.05496580168859373,0.0041286847684409884,594,54,2014,2024,0.5067306537391938,0.7282856161597367,-0.12093528273080421,physical_onset_snapshot_capacity,legacy_road_km,exp150_sum1,3,current,soy_share_all_land
dose_100mgy,-0.1457970329801791,0.03001424187125649,-0.20614471091026795,-0.08544935505009024,1.3070703682489953e-05,539,49,2014,2024,0.5308090106586619,0.7627755646942838,-0.11121041416220723,physical_onset_snapshot_capacity,legacy_road_km,exp150_sum1,4,current,soy_share_all_land
dose_100mgy,-0.15909395014618874,0.033270837350011725,-0.2263368207291802,-0.09185107956319727,2.3669927323661273e-05,451,41,2014,2024,0.5769334951448799,0.8309115704848234,-0.1321930039706039,physical_onset_snapshot_capacity,legacy_road_km,exp150_sum1,5,current,soy_share_all_land
dose_100mgy,-0.16787651067942927,0.029387939942594973,-0.22766672405316118,-0.10808629730569737,2.251266122398066e-06,374,34,2014,2024,0.6265851047041506,0.9093170704390611,-0.15265297688655038,physical_onset_snapshot_capacity,legacy_road_km,exp150_sum1,6,current,soy_share_all_land
dose_100mgy,-0.07582195827532971,0.04532219406289577,-0.16661322288964778,0.014969306338988353,0.09991449906655069,627,57,2014,2024,0.9611530240745982,1.3465426375566514,-0.10209749968077284,physical_onset_snapshot_capacity,legacy_road_km,exp_150mi,1,current,soy_share_all_land
dose_100mgy,-0.09364277785508558,0.030817642566215272,-0.15537793430262745,-0.031907621407543725,0.003607530732169013,627,57,2014,2024,0.9611530240745982,1.3465426375566514,-0.12609399308111852,physical_onset_snapshot_capacity,legacy_road_km,exp_150mi,2,current,soy_share_all_land
dose_100mgy,-0.09096184613226023,0.02934222756304408,-0.14981490156054147,-0.032108790703978984,0.0030960931884757782,594,54,2014,2024,0.9864301378301144,1.3792735882816511,-0.125461271911566,physical_onset_snapshot_capacity,legacy_road_km,exp_150mi,3,current,soy_share_all_land
dose_100mgy,-0.05965461063338112,0.03139056146858603,-0.12276956458346014,0.0034603433166978947,0.06339569157418122,539,49,2014,2024,1.0314702273667247,1.4367339882302892,-0.08570780665162268,physical_onset_snapshot_capacity,legacy_road_km,exp_150mi,4,current,soy_share_all_land
dose_100mgy,-0.05523592219317353,0.04301687316077314,-0.14217626590633853,0.03170442151999147,0.2065115859735092,451,41,2014,2024,1.1172995813541324,1.5556389692558072,-0.08592715306648244,physical_onset_snapshot_capacity,legacy_road_km,exp_150mi,5,current,soy_share_all_land
dose_100mgy,-0.061500658476883914,0.04121790770668985,-0.1453591222349994,0.022357805281231567,0.1451757193238615,374,34,2014,2024,1.2031375465386365,1.6994090732595155,-0.10451477702705125,physical_onset_snapshot_capacity,legacy_road_km,exp_150mi,6,current,soy_share_all_land
dose_100mgy,-0.03807616852839799,0.05207534789060358,-0.1423956258710237,0.06624328881422772,0.4677210601440822,627,57,2014,2024,1.0457182804012486,2.0367541664138105,-0.07755179489128902,physical_onset_snapshot_capacity,legacy_road_km,exp_300mi,1,current,soy_share_all_land
dose_100mgy,-0.05579564779942639,0.03784975364576413,-0.13161781550098178,0.020026519902129003,0.14604494802256732,627,57,2014,2024,1.0457182804012486,2.0367541664138105,-0.11364201812323925,physical_onset_snapshot_capacity,legacy_road_km,exp_300mi,2,current,soy_share_all_land
dose_100mgy,-0.06496305285437598,0.04077034357058265,-0.14673800619880575,0.016811900490053794,0.11701979672121572,594,54,2014,2024,1.072172103270823,2.053550114997131,-0.1334048846596685,physical_onset_snapshot_capacity,legacy_road_km,exp_300mi,3,current,soy_share_all_land
dose_100mgy,-0.033169235248630816,0.040380122317127176,-0.11435891269656465,0.048020442199303015,0.4154656958001002,539,49,2014,2024,1.114734442363952,2.0780505112431915,-0.06892734626596296,physical_onset_snapshot_capacity,legacy_road_km,exp_300mi,4,current,soy_share_all_land
dose_100mgy,-0.03302607013655146,0.04589963946149416,-0.12579270187610797,0.05974056160300505,0.4759989102766757,451,41,2014,2024,1.1889465387568758,2.149950389760563,-0.07100441236233851,physical_onset_snapshot_capacity,legacy_road_km,exp_300mi,5,current,soy_share_all_land
dose_100mgy,-0.04351194636886636,0.0456481268850396,-0.13638375881638784,0.04935986607865512,0.34741739473487815,374,34,2014,2024,1.2654643942663881,2.3047054640798676,-0.10028222054907644,physical_onset_snapshot_capacity,legacy_road_km,exp_300mi,6,current,soy_share_all_land
dose_100mgy,-0.04365160447274858,0.032880199121002006,-0.10951855819576581,0.02221534925026864,0.18969845635121974,627,57,2014,2024,0.9365200702084548,1.2323790087120499,-0.053795321048816375,physical_onset_snapshot_capacity,legacy_road_km,exp_50mi,1,current,soy_share_all_land
dose_100mgy,-0.06826517018339229,0.015643848819072343,-0.0996035651372582,-0.03692677522952638,5.5544146040448596e-05,627,57,2014,2024,0.9365200702084548,1.2323790087120499,-0.08412856276016838,physical_onset_snapshot_capacity,legacy_road_km,exp_50mi,2,current,soy_share_all_land
dose_100mgy,-0.07248064533875387,0.016861904599550913,-0.10630134296273507,-0.03865994771477267,7.397676674626451e-05,594,54,2014,2024,0.960848594771048,1.2656486549410302,-0.09173503128225169,physical_onset_snapshot_capacity,legacy_road_km,exp_50mi,3,current,soy_share_all_land
dose_100mgy,-0.06459410162848944,0.02565017304972298,-0.11616723110133881,-0.013020972155640076,0.01518153991018075,539,49,2014,2024,1.006090706916633,1.327667053870023,-0.08575946060647743,physical_onset_snapshot_capacity,legacy_road_km,exp_50mi,4,current,soy_share_all_land
dose_100mgy,-0.07174348202317746,0.03736340724220967,-0.1472577448983986,0.003770780852043673,0.06198902145206836,451,41,2014,2024,1.093939423714819,1.4491229995178923,-0.1039651298652849,physical_onset_snapshot_capacity,legacy_road_km,exp_50mi,5,current,soy_share_all_land
dose_100mgy,-0.07699599719961936,0.03441625181653273,-0.1470163880012238,-0.006975606398014936,0.03214488011323117,374,34,2014,2024,1.1924245199025303,1.588017073907738,-0.12227095817554792,physical_onset_snapshot_capacity,legacy_road_km,exp_50mi,6,current,soy_share_all_land
dose_100mgy,-0.022011907244303946,0.06583663038306102,-0.15389852601938872,0.10987471153078084,0.7393709608717064,627,57,2014,2024,0.9046375303542878,3.8848630410334777,-0.08551324491605347,physical_onset_snapshot_capacity,legacy_road_km,inverse_1,1,current,soy_share_all_land
dose_100mgy,-0.01927183632328635,0.05621521875689847,-0.131884451556046,0.09334077890947332,0.7330156246843544,627,57,2014,2024,0.9046375303542878,3.8848630410334777,-0.07486844466518164,physical_onset_snapshot_capacity,legacy_road_km,inverse_1,2,current,soy_share_all_land
dose_100mgy,-0.04043770613840936,0.052620020186462745,-0.14598010090095243,0.0651046886241337,0.4456098647311073,594,54,2014,2024,0.9267887856210514,3.880410774962707,-0.15691491061425927,physical_onset_snapshot_capacity,legacy_road_km,inverse_1,3,current,soy_share_all_land
dose_100mgy,-0.016609641769997976,0.059391426404507994,-0.1360241080037833,0.10280482446378736,0.7809369461184026,539,49,2014,2024,0.9652913675577862,3.8701507209397343,-0.06428181707070839,physical_onset_snapshot_capacity,legacy_road_km,inverse_1,4,current,soy_share_all_land
dose_100mgy,-0.03040018171452492,0.0621886327272593,-0.15608809687638395,0.09528773344733411,0.6276258650759688,451,41,2014,2024,1.0353754686052286,3.8830701302851613,-0.11804603757091287,physical_onset_snapshot_capacity,legacy_road_km,inverse_1,5,current,soy_share_all_land
dose_100mgy,-0.027734451253124924,0.06613264334152864,-0.1622823257922261,0.10681342328597623,0.6776588409882461,374,34,2014,2024,1.1196992043259897,3.977940211319454,-0.11032598887868486,physical_onset_snapshot_capacity,legacy_road_km,inverse_1,6,current,soy_share_all_land
dose_100mgy,-0.03136529730821255,0.059677877053083,-0.15091445063534548,0.08818385601892036,0.6012574437263044,627,57,2014,2024,1.010174365011467,2.5704646866811385,-0.08062338911801534,physical_onset_snapshot_capacity,legacy_road_km,inverse_2,1,current,soy_share_all_land
dose_100mgy,-0.025604713041775026,0.04629502799372894,-0.11834479819901494,0.06713537211546489,0.582412028530664,627,57,2014,2024,1.010174365011467,2.5704646866811385,-0.0658160106864867,physical_onset_snapshot_capacity,legacy_road_km,inverse_2,2,current,soy_share_all_land
dose_100mgy,-0.045934042300187126,0.04345141444437775,-0.13308654281289478,0.041218458212520535,0.29524440647769695,594,54,2014,2024,1.0349970646565805,2.5736646197872437,-0.11821881951180227,physical_onset_snapshot_capacity,legacy_road_km,inverse_2,3,current,soy_share_all_land
dose_100mgy,-0.019168022281690258,0.049279014888219376,-0.11825012243742614,0.07991407787404561,0.6990190887409614,539,49,2014,2024,1.0774332889250644,2.576317073363892,-0.049382903066938114,physical_onset_snapshot_capacity,legacy_road_km,inverse_2,4,current,soy_share_all_land
dose_100mgy,-0.027075802950745662,0.05362178749361169,-0.13544947803831692,0.0812978721368256,0.6163715300435691,451,41,2014,2024,1.156341357452262,2.620864642957142,-0.07096201463328396,physical_onset_snapshot_capacity,legacy_road_km,inverse_2,5,current,soy_share_all_land
dose_100mgy,-0.023756536176438067,0.05817509585222288,-0.14211465861836708,0.09460158626549094,0.6856452238844946,374,34,2014,2024,1.2476111957990308,2.75231054692188,-0.06538536507674168,physical_onset_snapshot_capacity,legacy_road_km,inverse_2,6,current,soy_share_all_land
dose_100mgy,-0.0360988631203756,0.035166665914938125,-0.10654616022729921,0.034348433986548,0.30906589585983274,627,57,2014,2024,0.9372635504743331,1.230697658045984,-0.044426786300368795,physical_onset_snapshot_capacity,legacy_road_km,nearest_only,1,current,soy_share_all_land
dose_100mgy,-0.05927740548443717,0.017086883051824823,-0.09350654537204425,-0.025048265596830092,0.0010115073878999654,627,57,2014,2024,0.9372635504743331,1.230697658045984,-0.07295256410473899,physical_onset_snapshot_capacity,legacy_road_km,nearest_only,2,current,soy_share_all_land
dose_100mgy,-0.06675325389138981,0.01676017151152166,-0.10036990078146502,-0.03313660700131461,0.00020887935211046874,594,54,2014,2024,0.961774554526267,1.2639671921748048,-0.08437392288963183,physical_onset_snapshot_capacity,legacy_road_km,nearest_only,3,current,soy_share_all_land
dose_100mgy,-0.06420018552018462,0.0252392194027083,-0.11494703730657384,-0.013453333733795411,0.014244843707504827,539,49,2014,2024,1.0072629002696891,1.3259634691282831,-0.08512710071102338,physical_onset_snapshot_capacity,legacy_road_km,nearest_only,4,current,soy_share_all_land
dose_100mgy,-0.07345718446663836,0.03677277970238482,-0.14777774455628234,0.0008633756230056328,0.05259302013645375,451,41,2014,2024,1.095629745762997,1.447428932592253,-0.10632405410377858,physical_onset_snapshot_capacity,legacy_road_km,nearest_only,5,current,soy_share_all_land
dose_100mgy,-0.07888022753779131,0.034108516907105264,-0.14827452695860638,-0.009485928116976253,0.027121672934369945,374,34,2014,2024,1.1954434638879645,1.5864951939647065,-0.1251431018875484,physical_onset_snapshot_capacity,legacy_road_km,nearest_only,6,current,soy_share_all_land
dose_100mgy,-0.05643563884668077,0.034635142310581485,-0.12581816622632835,0.01294688853296682,0.10883442484692138,627,57,2014,2024,0.9410605525072593,1.2373930289397743,-0.06983306609264552,physical_onset_snapshot_capacity,road_km,excess_cutoff_100mi,1,current,soy_share_all_land
dose_lag2,-0.009008826196511865,0.05441633285902611,-0.11801783995009239,0.10000018755706867,0.8691043999259865,513,57,2016,2024,0.4462278469637486,0.631874094390869,-0.005692443894445671,physical_onset_snapshot_capacity,road_km,excess_cutoff_100mi,1,lag2,soy_share_all_land
dose_lag3,-0.054851438430200336,0.053299635751769894,-0.1616234390679056,0.05192056220750492,0.3078503242596875,456,57,2017,2024,0.2566626831423315,0.4045705612382449,-0.022191277230431187,physical_onset_snapshot_capacity,road_km,excess_cutoff_100mi,1,lag3,soy_share_all_land
dose_lag1,0.13198842320344575,0.06575783630909206,0.0002596479257394868,0.26371719848115205,0.04956531009329735,456,57,2017,2024,0.5195169875138653,0.8662367224836507,0.11433321912153788,physical_onset_snapshot_capacity,road_km,excess_cutoff_100mi,1,distributed_1_3,soy_share_all_land
dose_lag2,0.025427104927078,0.12597225616347582,-0.22692564806473153,0.27777985791888754,0.8407679016855767,456,57,2017,2024,0.4439517264160729,0.6696738845327753,0.017027868128938795,physical_onset_snapshot_capacity,road_km,excess_cutoff_100mi,1,distributed_1_3,soy_share_all_land
dose_lag3,-0.2670059156121864,0.14889172273236964,-0.5652718772890766,0.031260046064703784,0.0783272379390718,456,57,2017,2024,0.2566626831423315,0.4045705612382449,-0.1080227331331537,physical_onset_snapshot_capacity,road_km,excess_cutoff_100mi,1,distributed_1_3,soy_share_all_land
dose_100mgy,-0.14049584505002907,0.06342525361836276,-0.26755189570158666,-0.013439794398471455,0.0308346456657603,570,57,2014,2023,0.5389782389048069,0.7762655924179187,-0.10906209039001694,physical_onset_snapshot_capacity,road_km,excess_cutoff_100mi,1,exclude_2024,soy_share_all_land
dose_lag1,-0.02162203043010382,0.051977477759070544,-0.12574543034008356,0.08250136947987594,0.6790083684263966,570,57,2015,2024,0.5389782389048069,0.7762655924179187,-0.016784438261102808,physical_onset_snapshot_capacity,road_km,excess_cutoff_100mi,1,lag1,soy_share_all_land
dose_100mgy,-0.12618003690751345,0.06494655187559259,-0.2562836141734661,0.003923540358439254,0.05707082323824154,513,57,2016,2024,0.9593440359801433,1.3656790149946774,-0.172321428515845,physical_onset_snapshot_capacity,road_km,excess_cutoff_100mi,1,distributed_0_2,soy_share_all_land
dose_lag1,0.1460697125876567,0.09650160527054367,-0.04724623252448079,0.3393856576997942,0.13573835803541479,513,57,2016,2024,0.534739003035296,0.8175629987804625,0.11942119225416487,physical_onset_snapshot_capacity,road_km,excess_cutoff_100mi,1,distributed_0_2,soy_share_all_land
dose_lag2,0.06688283147416738,0.08313666858063791,-0.09965992825592698,0.23342559120426173,0.42451484414585594,513,57,2016,2024,0.4462278469637487,0.631874094390869,0.04226152856803662,physical_onset_snapshot_capacity,road_km,excess_cutoff_100mi,1,distributed_0_2,soy_share_all_land
dose_100mgy,-0.048039156425380564,0.03675735767277776,-0.12167299203274422,0.02559467918198309,0.19657921300183187,570,57,2014,2024,0.9793243925931682,1.2878776852870586,-0.06186855758026205,physical_onset_snapshot_capacity,road_km,excess_cutoff_100mi,1,exclude_2019,soy_share_all_land
dose_100mgy,-0.04373575291144444,0.0422880214822458,-0.12844883946419278,0.04097733364130389,0.3054720694485762,513,57,2014,2024,1.0290906723485436,1.3424098580439896,-0.05871130585729913,physical_onset_snapshot_capacity,road_km,excess_cutoff_100mi,1,exclude_2019_2021,soy_share_all_land
dose_100mgy,-0.18770497640469436,0.06255678828334972,-0.31302128193424594,-0.06238867087514274,0.0040182029990862836,627,57,2014,2024,0.9410605525072593,1.2373930289397743,-0.23226482930047362,physical_onset_snapshot_capacity,road_km,excess_cutoff_100mi,1,cropland_denominator,soy_share_cropland
dose_100mgy,-0.01834233073692834,0.06440170645529066,-0.14735445147145443,0.11066978999759775,0.7768393927777685,627,57,2014,2024,0.5366970962401812,1.2373930289397743,-0.022696672188382883,physical_onset_snapshot_capacity,road_km,excess_cutoff_100mi,1,hub_trends,soy_share_all_land
dose_100mgy,-0.2888119302334183,0.1457629385519171,-0.5808101840395389,0.003186323572702321,0.05246632482801497,570,57,2014,2023,0.5389782389048069,0.7762655924179187,-0.22419476412000705,physical_onset_snapshot_capacity,road_km,excess_cutoff_100mi,1,lead_diagnostic,soy_share_all_land
dose_lead1,0.10199800449539559,0.0879849532857406,-0.07425703657252783,0.278253045563319,0.25126688584764667,570,57,2014,2023,0.9531647546745047,1.2968030600475067,0.13227132434836833,physical_onset_snapshot_capacity,road_km,excess_cutoff_100mi,1,lead_diagnostic,soy_share_all_land
dose_100mgy,-0.08722551892573494,0.03117086384754282,-0.14966826262679575,-0.024782775224674113,0.007031845558148359,627,57,2014,2024,0.9410605525072593,1.2373930289397743,-0.10793224906435876,physical_onset_snapshot_capacity,road_km,excess_cutoff_100mi,2,current,soy_share_all_land
dose_lag2,-0.01594344733473864,0.036211969272692025,-0.08848473869146325,0.05659784402198598,0.661428292580178,513,57,2016,2024,0.4462278469637486,0.631874094390869,-0.01007425134610649,physical_onset_snapshot_capacity,road_km,excess_cutoff_100mi,2,lag2,soy_share_all_land
dose_lag3,-0.07237484683979366,0.04876398123354868,-0.17006083965997185,0.02531114598038453,0.1433666402253594,456,57,2017,2024,0.2566626831423315,0.4045705612382449,-0.029280732405507336,physical_onset_snapshot_capacity,road_km,excess_cutoff_100mi,2,lag3,soy_share_all_land
dose_lag1,0.06743071234388301,0.04655012088867704,-0.02582038528760572,0.16068180997537174,0.15303654045571324,456,57,2017,2024,0.5195169875138653,0.8662367224836507,0.05841095925550307,physical_onset_snapshot_capacity,road_km,excess_cutoff_100mi,2,distributed_1_3,soy_share_all_land
dose_lag2,0.08758496624583106,0.04689019558965204,-0.00634738287410079,0.18151731536576293,0.0670154993209233,456,57,2017,2024,0.4439517264160729,0.6696738845327753,0.0586533645725177,physical_onset_snapshot_capacity,road_km,excess_cutoff_100mi,2,distributed_1_3,soy_share_all_land
dose_lag3,-0.2750760760329956,0.10192795282453927,-0.47926230151991767,-0.07088985054607358,0.009183767141684385,456,57,2017,2024,0.2566626831423315,0.4045705612382449,-0.11128768246388317,physical_onset_snapshot_capacity,road_km,excess_cutoff_100mi,2,distributed_1_3,soy_share_all_land
dose_100mgy,-0.21644345063208173,0.10650280426908255,-0.4297942048153929,-0.00309269644877061,0.04687853862496196,570,57,2014,2023,0.5389782389048069,0.7762655924179187,-0.16801760342989147,physical_onset_snapshot_capacity,road_km,excess_cutoff_100mi,2,exclude_2024,soy_share_all_land
dose_lag1,-0.05102844091234398,0.03342401469151376,-0.11798478812975383,0.015927906305065874,0.1324643650749546,570,57,2015,2024,0.5389782389048069,0.7762655924179187,-0.039611622914983456,physical_onset_snapshot_capacity,road_km,excess_cutoff_100mi,2,lag1,soy_share_all_land
dose_100mgy,-0.19220968012425052,0.12813187578861893,-0.44888867108636976,0.06446931083786869,0.1392076107336257,513,57,2016,2024,0.9593440359801433,1.3656790149946774,-0.26249672662452844,physical_onset_snapshot_capacity,road_km,excess_cutoff_100mi,2,distributed_0_2,soy_share_all_land
dose_lag1,0.1221404718604009,0.10876207810837574,-0.09573615167281009,0.3400170953936119,0.2662265059898581,513,57,2016,2024,0.534739003035296,0.8175629987804625,0.09985753044665005,physical_onset_snapshot_capacity,road_km,excess_cutoff_100mi,2,distributed_0_2,soy_share_all_land
dose_lag2,0.19969947698752438,0.12213326839015932,-0.04496285937761843,0.4443618133526672,0.1076385742907117,513,57,2016,2024,0.4462278469637487,0.631874094390869,0.12618492617182214,physical_onset_snapshot_capacity,road_km,excess_cutoff_100mi,2,distributed_0_2,soy_share_all_land
dose_100mgy,-0.07962615896793683,0.03458788248645905,-0.14891401354353678,-0.010338304392336892,0.02506816905952478,570,57,2014,2024,0.9793243925931682,1.2878776852870586,-0.10254875329992585,physical_onset_snapshot_capacity,road_km,excess_cutoff_100mi,2,exclude_2019,soy_share_all_land
dose_100mgy,-0.07602433973402456,0.03347055700787202,-0.14307392241471278,-0.008974757053336335,0.02698722337872378,513,57,2014,2024,1.0290906723485436,1.3424098580439896,-0.10205582311023995,physical_onset_snapshot_capacity,road_km,excess_cutoff_100mi,2,exclude_2019_2021,soy_share_all_land
dose_100mgy,-0.35610925965535245,0.060463199807565655,-0.4772316035017028,-0.2349869158090021,2.296352394117572e-07,627,57,2014,2024,0.9410605525072593,1.2373930289397743,-0.44064711543843715,physical_onset_snapshot_capacity,road_km,excess_cutoff_100mi,2,cropland_denominator,soy_share_cropland
dose_100mgy,-0.022888956401732028,0.07760343935178789,-0.17834732603387482,0.13256941323041077,0.7691245551551588,627,57,2014,2024,0.5366970962401812,1.2373930289397743,-0.028322635091209632,physical_onset_snapshot_capacity,road_km,excess_cutoff_100mi,2,hub_trends,soy_share_all_land
dose_100mgy,-0.3808212033725174,0.2408363133641746,-0.8632743128808378,0.10163190613580303,0.11945422842934107,570,57,2014,2023,0.5389782389048069,0.7762655924179187,-0.2956183970412719,physical_onset_snapshot_capacity,road_km,excess_cutoff_100mi,2,lead_diagnostic,soy_share_all_land
dose_lead1,0.11304372511067139,0.10200567273250344,-0.09129819206054955,0.3173856422818923,0.2725081275879869,570,57,2014,2023,0.9531647546745047,1.2968030600475067,0.14659544864268784,physical_onset_snapshot_capacity,road_km,excess_cutoff_100mi,2,lead_diagnostic,soy_share_all_land
dose_100mgy,-0.08144330818499637,0.0217545988104769,-0.12507750762885728,-0.03780910874113546,0.0004478827611622908,594,54,2014,2024,0.96543795776538,1.2707641816982163,-0.10349523888050255,physical_onset_snapshot_capacity,road_km,excess_cutoff_100mi,3,current,soy_share_all_land
dose_lag2,-0.023628912421041183,0.03736659287281625,-0.09857680643436559,0.051318981592283215,0.5298742934325583,486,54,2016,2024,0.4579458935246921,0.6489609164624924,-0.015334240659770857,physical_onset_snapshot_capacity,road_km,excess_cutoff_100mi,3,lag2,soy_share_all_land
dose_lag3,-0.1403810473562128,0.055638745389111614,-0.2519782381049339,-0.028783856607491637,0.014668844862727551,432,54,2017,2024,0.2635183100956335,0.41552153481187004,-0.05833134825595135,physical_onset_snapshot_capacity,road_km,excess_cutoff_100mi,3,lag3,soy_share_all_land
dose_lag1,0.11788281526329679,0.07420156226094808,-0.030946671087929326,0.2667123016145229,0.11808018123262656,432,54,2017,2024,0.5330547151930791,0.8895005842728112,0.10485683305242637,physical_onset_snapshot_capacity,road_km,excess_cutoff_100mi,3,distributed_1_3,soy_share_all_land
dose_lag2,0.04094718384376339,0.07704283288247409,-0.11358116967820281,0.1954755373657296,0.5973027200722022,432,54,2017,2024,0.4555933461628926,0.6877520911649624,0.028161511315864435,physical_onset_snapshot_capacity,road_km,excess_cutoff_100mi,3,distributed_1_3,soy_share_all_land
dose_lag3,-0.3527308456864424,0.1250744668990341,-0.6035984567856973,-0.10186323458718743,0.006737961798621236,432,54,2017,2024,0.2635183100956335,0.41552153481187004,-0.14656726237511944,physical_onset_snapshot_capacity,road_km,excess_cutoff_100mi,3,distributed_1_3,soy_share_all_land
dose_100mgy,-0.16514122314866833,0.06399842443880366,-0.293505806673452,-0.036776639623884666,0.012675041520637653,540,54,2014,2023,0.5530737417252859,0.7971995657720518,-0.13165051138518388,physical_onset_snapshot_capacity,road_km,excess_cutoff_100mi,3,exclude_2024,soy_share_all_land
dose_lag1,-0.036162034436126596,0.03917139392724397,-0.11472990093671487,0.04240583206446167,0.3601001080815932,540,54,2015,2024,0.5530737417252859,0.7971995657720518,-0.028828358149914104,physical_onset_snapshot_capacity,road_km,excess_cutoff_100mi,3,lag1,soy_share_all_land
dose_100mgy,-0.20311161752594076,0.123678388562068,-0.4511790500916759,0.04495581503979443,0.10645791414440128,486,54,2016,2024,0.9841493642787922,1.402375352965605,-0.2848387263193561,physical_onset_snapshot_capacity,road_km,excess_cutoff_100mi,3,distributed_0_2,soy_share_all_land
dose_lag1,0.19811835501517205,0.1346933031128773,-0.07204219829961739,0.4682789083299615,0.14723481865618268,486,54,2016,2024,0.5487049031472762,0.8395703267418749,0.16633429205365077,physical_onset_snapshot_capacity,road_km,excess_cutoff_100mi,3,distributed_0_2,soy_share_all_land
dose_lag2,0.13515729958334446,0.09481547010969633,-0.05501844988336005,0.325333049050049,0.15988239758498898,486,54,2016,2024,0.4579458935246921,0.6489609164624924,0.08771180500420286,physical_onset_snapshot_capacity,road_km,excess_cutoff_100mi,3,distributed_0_2,soy_share_all_land
dose_100mgy,-0.06755028955419749,0.024240087562784073,-0.11616974810940613,-0.01893083099898886,0.007373299904525445,540,54,2014,2024,1.004697968660459,1.3225951165679055,-0.0893416830871296,physical_onset_snapshot_capacity,road_km,excess_cutoff_100mi,3,exclude_2019,soy_share_all_land
dose_100mgy,-0.061695333701361925,0.024416026322949327,-0.1106676807201932,-0.012722986682530642,0.014529917940804894,486,54,2014,2024,1.0557589905759668,1.3786035067654439,-0.08505340339176182,physical_onset_snapshot_capacity,road_km,excess_cutoff_100mi,3,exclude_2019_2021,soy_share_all_land
dose_100mgy,-0.6269729968572988,0.13694276737939973,-0.9016454041162763,-0.35230058959832133,2.8714365715486882e-05,594,54,2014,2024,0.96543795776538,1.2707641816982163,-0.7967348272982436,physical_onset_snapshot_capacity,road_km,excess_cutoff_100mi,3,cropland_denominator,soy_share_cropland
dose_100mgy,-0.060679755598855876,0.07738209681000878,-0.2158885863848306,0.09452907518711884,0.43643840521093086,594,54,2014,2024,0.550568191479833,1.2707641816982163,-0.07710965996922785,physical_onset_snapshot_capacity,road_km,excess_cutoff_100mi,3,hub_trends,soy_share_all_land
dose_100mgy,-0.3273331682367516,0.19421249237102853,-0.7168740970506442,0.06220776057714095,0.09778386385829671,540,54,2014,2023,0.5530737417252859,0.7971995657720518,-0.2609498595811284,physical_onset_snapshot_capacity,road_km,excess_cutoff_100mi,3,lead_diagnostic,soy_share_all_land
dose_lead1,0.11159209359936793,0.0954274502580035,-0.07981113259901772,0.30299531979775357,0.2474780927990636,540,54,2014,2023,0.9778370829377333,1.331719074864722,0.14860931965036775,physical_onset_snapshot_capacity,road_km,excess_cutoff_100mi,3,lead_diagnostic,soy_share_all_land
dose_100mgy,-0.0660973504469078,0.024992460230337195,-0.11634805966456507,-0.015846641229250523,0.011017051133647971,539,49,2014,2024,1.0106231029993655,1.332932000928707,-0.08810327358728277,physical_onset_snapshot_capacity,road_km,excess_cutoff_100mi,4,current,soy_share_all_land
dose_lag2,-0.04165848349338888,0.04528037041594509,-0.1327007700897881,0.04938380310301031,0.3621671562544943,441,49,2016,2024,0.47970408297117323,0.6808026066631444,-0.028361204151932724,physical_onset_snapshot_capacity,road_km,excess_cutoff_100mi,4,lag2,soy_share_all_land
dose_lag3,-0.17456689207352105,0.05062358989517893,-0.2763524414724826,-0.07278134267455946,0.001183736000455663,392,49,2017,2024,0.2762749166142077,0.43593133470979983,-0.07609917825775162,physical_onset_snapshot_capacity,road_km,excess_cutoff_100mi,4,lag3,soy_share_all_land
dose_lag1,0.19151608149474497,0.12853221152651406,-0.06691525047477415,0.4499474134642641,0.1427601452736369,392,49,2017,2024,0.5581669973852024,0.9328172107892926,0.17864949696122287,physical_onset_snapshot_capacity,road_km,excess_cutoff_100mi,4,distributed_1_3,soy_share_all_land
dose_lag2,-0.024475164770142385,0.08090955440995967,-0.18715472709069625,0.13820439755041147,0.7635777092540209,392,49,2017,2024,0.47720571061508527,0.7214343195508189,-0.017657223841841846,physical_onset_snapshot_capacity,road_km,excess_cutoff_100mi,4,distributed_1_3,soy_share_all_land
dose_lag3,-0.4040813361184867,0.1242553834615585,-0.6539135289282233,-0.15424914330875003,0.002099684886786734,392,49,2017,2024,0.2762749166142077,0.43593133470979983,-0.17615171618545114,physical_onset_snapshot_capacity,road_km,excess_cutoff_100mi,4,distributed_1_3,soy_share_all_land
dose_100mgy,-0.14650157405707329,0.02496571182518437,-0.19669850200161929,-0.09630464611252729,3.9844590118447735e-07,490,49,2014,2023,0.579232726489881,0.8361976439387556,-0.12250427105984381,physical_onset_snapshot_capacity,road_km,excess_cutoff_100mi,4,exclude_2024,soy_share_all_land
dose_lag1,-0.03358100144719052,0.06748579796044774,-0.16927029247247322,0.10210828957809219,0.6210372880427645,490,49,2015,2024,0.579232726489881,0.8361976439387556,-0.028080354291244655,physical_onset_snapshot_capacity,road_km,excess_cutoff_100mi,4,lag1,soy_share_all_land
dose_100mgy,-0.10172634504182215,0.07833694975205951,-0.25923333901957596,0.055780648935931654,0.20029436446757362,441,49,2016,2024,1.0301167070631154,1.4707073026640125,-0.1496096785263269,physical_onset_snapshot_capacity,road_km,excess_cutoff_100mi,4,distributed_0_2,soy_share_all_land
dose_lag1,0.19312753944162092,0.1631190121043025,-0.13484521592461746,0.5211002948078594,0.24225617583534217,441,49,2016,2024,0.5746189319661289,0.8805588479857708,0.17006016364504023,physical_onset_snapshot_capacity,road_km,excess_cutoff_100mi,4,distributed_0_2,soy_share_all_land
dose_lag2,-0.055933908196918576,0.07817557566807726,-0.2131164378324379,0.10124862143860075,0.47777193506243193,441,49,2016,2024,0.47970408297117323,0.6808026066631444,-0.03807995050131919,physical_onset_snapshot_capacity,road_km,excess_cutoff_100mi,4,distributed_0_2,soy_share_all_land
dose_100mgy,-0.058100249559148824,0.028811026720177824,-0.11602870128557882,-0.00017179783271881882,0.04935093113471712,490,49,2014,2024,1.0517307787580854,1.3872674833966034,-0.080600586990635,physical_onset_snapshot_capacity,road_km,excess_cutoff_100mi,4,exclude_2019,soy_share_all_land
dose_100mgy,-0.05549083205674898,0.03284019857330394,-0.12152047675551558,0.010538812642017635,0.09756691361982528,441,49,2014,2024,1.1051930338464502,1.446027159307371,-0.08024125024662312,physical_onset_snapshot_capacity,road_km,excess_cutoff_100mi,4,exclude_2019_2021,soy_share_all_land
dose_100mgy,-0.7818707584419585,0.1424720315050206,-1.0683299769752876,-0.4954115399086295,1.5031836510678445e-06,539,49,2014,2024,1.0106231029993655,1.332932000928707,-1.0421805545176854,physical_onset_snapshot_capacity,road_km,excess_cutoff_100mi,4,cropland_denominator,soy_share_cropland
dose_100mgy,-0.00035547696015503325,0.0416732361143095,-0.0841451339542671,0.08343418003395704,0.9932294004325636,539,49,2014,2024,0.5762715913185426,1.332932000928707,-0.0004738266157835027,physical_onset_snapshot_capacity,road_km,excess_cutoff_100mi,4,hub_trends,soy_share_all_land
dose_100mgy,-0.2574116474851567,0.09867393489020954,-0.4558088906469624,-0.05901440432335103,0.01208082710447939,490,49,2014,2023,0.579232726489881,0.8361976439387556,-0.21524701314948155,physical_onset_snapshot_capacity,road_km,excess_cutoff_100mi,4,lead_diagnostic,soy_share_all_land
dose_lead1,0.07637783784048455,0.06648509173433931,-0.05729939846441359,0.2100550741453827,0.25633252893691344,490,49,2014,2023,1.0235644109142794,1.3967518909651253,0.1066808894315245,physical_onset_snapshot_capacity,road_km,excess_cutoff_100mi,4,lead_diagnostic,soy_share_all_land
dose_100mgy,-0.06777355214902678,0.03833179297510126,-0.1452449955973188,0.009697891299265252,0.08467505721435777,451,41,2014,2024,1.098175478942114,1.4546616308309899,-0.09858758589631243,physical_onset_snapshot_capacity,road_km,excess_cutoff_100mi,5,current,soy_share_all_land
dose_lag2,-0.10828665335956773,0.06370659849154015,-0.23704249177094222,0.020469185051806768,0.09693884227088302,369,41,2016,2024,0.52201873787649,0.7431927377114651,-0.08047785436790957,physical_onset_snapshot_capacity,road_km,excess_cutoff_100mi,5,lag2,soy_share_all_land
dose_lag3,-0.24355097628848701,0.06036666427546053,-0.3655565558505012,-0.12154539672647288,0.00023961154111703153,328,41,2017,2024,0.3011933248713446,0.4759316872703605,-0.11591362708132319,physical_onset_snapshot_capacity,road_km,excess_cutoff_100mi,5,lag3,soy_share_all_land
dose_lag1,0.06111720977514237,0.038623565187939364,-0.016943927312091947,0.13917834686237668,0.1214383539042831,328,41,2017,2024,0.6069039284932856,1.0175452449407858,0.06218952619074463,physical_onset_snapshot_capacity,road_km,excess_cutoff_100mi,5,distributed_1_3,soy_share_all_land
dose_lag2,-0.001432726513529712,0.10428501504214056,-0.21220060399291948,0.20933515096586006,0.9891068523605404,328,41,2017,2024,0.5192208314268857,0.7874027766599998,-0.001128132834947696,physical_onset_snapshot_capacity,road_km,excess_cutoff_100mi,5,distributed_1_3,soy_share_all_land
dose_lag3,-0.3245009509557781,0.09145926841289122,-0.5093470275604883,-0.1396548743510678,0.0010084717784499349,328,41,2017,2024,0.3011933248713446,0.4759316872703605,-0.15444028510921998,physical_onset_snapshot_capacity,road_km,excess_cutoff_100mi,5,distributed_1_3,soy_share_all_land
dose_100mgy,-0.13162120695449073,0.026737591248310173,-0.1856598946225188,-0.07758251928646266,1.5142555332229627e-05,410,41,2014,2023,0.6300501637205431,0.9125579754516635,-0.12011198214489448,physical_onset_snapshot_capacity,road_km,excess_cutoff_100mi,5,exclude_2024,soy_share_all_land
dose_lag1,-0.0856025563244227,0.05106117729247583,-0.18880104515031107,0.017595932501465683,0.10144603072477167,410,41,2015,2024,0.6300501637205431,0.9125579754516635,-0.07811729549290217,physical_onset_snapshot_capacity,road_km,excess_cutoff_100mi,5,lag1,soy_share_all_land
dose_100mgy,-0.03120437904661265,0.05417572963282659,-0.14069761295940475,0.07828885486617945,0.5678524872787305,369,41,2016,2024,1.119139771122168,1.6043837777084848,-0.05006379953585189,physical_onset_snapshot_capacity,road_km,excess_cutoff_100mi,5,distributed_0_2,soy_share_all_land
dose_lag1,0.031047617223731033,0.04226141895745009,-0.054365896590594334,0.1164611310380564,0.4668341591505266,369,41,2016,2024,0.6249424324072748,0.9607797098288969,0.029829920667094965,physical_onset_snapshot_capacity,road_km,excess_cutoff_100mi,5,distributed_0_2,soy_share_all_land
dose_lag2,-0.0847482152180789,0.11074220179509361,-0.30856655393447374,0.13907012349831596,0.44859992487161415,369,41,2016,2024,0.5220187378764899,0.7431927377114651,-0.0629842580840845,physical_onset_snapshot_capacity,road_km,excess_cutoff_100mi,5,distributed_0_2,soy_share_all_land
dose_100mgy,-0.06712884391986056,0.039638991602849366,-0.1472422343449364,0.0129845465052153,0.09813426759279437,410,41,2014,2024,1.142868146479704,1.5138872003041695,-0.10162549758149327,physical_onset_snapshot_capacity,road_km,excess_cutoff_100mi,5,exclude_2019,soy_share_all_land
dose_100mgy,-0.06597403078234688,0.043151338465984325,-0.15318613901472422,0.021238077450030465,0.13415985933568028,369,41,2014,2024,1.200988605781082,1.578038955766709,-0.10410959064349538,physical_onset_snapshot_capacity,road_km,excess_cutoff_100mi,5,exclude_2019_2021,soy_share_all_land
dose_100mgy,-0.5489969420514269,0.15702714933132025,-0.8663606491749063,-0.23163323492794746,0.0011704048906154838,451,41,2014,2024,1.098175478942114,1.4546616308309899,-0.7986047870457551,physical_onset_snapshot_capacity,road_km,excess_cutoff_100mi,5,cropland_denominator,soy_share_cropland
dose_100mgy,-0.019436762655523285,0.04571773524506232,-0.11183575225985645,0.07296222694880988,0.6730079592022018,451,41,2014,2024,0.6260443526673874,1.4546616308309899,-0.028273912862558384,physical_onset_snapshot_capacity,road_km,excess_cutoff_100mi,5,hub_trends,soy_share_all_land
dose_100mgy,-0.17739798655855446,0.06063967204243517,-0.2999553353997635,-0.05484063771734542,0.0056439684778306284,410,41,2014,2023,0.6300501637205431,0.9125579754516635,-0.16188594746307589,physical_onset_snapshot_capacity,road_km,excess_cutoff_100mi,5,lead_diagnostic,soy_share_all_land
dose_lead1,0.03158505623901274,0.04872939974622616,-0.06690073437248169,0.13007084685050718,0.5205770265719867,410,41,2014,2023,1.1121490352026036,1.5240390357231717,0.04813685865376712,physical_onset_snapshot_capacity,road_km,excess_cutoff_100mi,5,lead_diagnostic,soy_share_all_land
dose_100mgy,-0.06233766939637611,0.04054765331060879,-0.14483249033248202,0.020157151539729787,0.13373130424735105,374,34,2014,2024,1.1966577148790467,1.5939015492766162,-0.09936010782917738,physical_onset_snapshot_capacity,road_km,excess_cutoff_100mi,6,current,soy_share_all_land
dose_lag2,-0.19401856564872488,0.08620724819105574,-0.3694085308444396,-0.01862860045301018,0.031195139181532633,306,34,2016,2024,0.5698996755029857,0.8146317210170338,-0.15805367804367712,physical_onset_snapshot_capacity,road_km,excess_cutoff_100mi,6,lag2,soy_share_all_land
dose_lag3,-0.3285749069588125,0.042319864294802514,-0.41467531825256826,-0.2424744956650567,6.046920967269922e-09,272,34,2017,2024,0.32958862890851653,0.5217508725725061,-0.1714342444111904,physical_onset_snapshot_capacity,road_km,excess_cutoff_100mi,6,lag3,soy_share_all_land
dose_lag1,0.11744841936331432,0.054858986143719486,0.005836972851355746,0.22905986587527288,0.03976017758289768,272,34,2017,2024,0.6618687336536115,1.1143003379288339,0.13087281338574855,physical_onset_snapshot_capacity,road_km,excess_cutoff_100mi,6,distributed_1_3,soy_share_all_land
dose_lag2,-0.16510214349209382,0.13306742413882713,-0.4358298534947169,0.10562556651052932,0.22345035202256663,272,34,2017,2024,0.566733849972059,0.8628888738392768,-0.1424648026663435,physical_onset_snapshot_capacity,road_km,excess_cutoff_100mi,6,distributed_1_3,soy_share_all_land
dose_lag3,-0.2793946181695137,0.22681202889149774,-0.7408471605947872,0.18205792425575973,0.2267171875854059,272,34,2017,2024,0.32958862890851653,0.5217508725725061,-0.14577438582200594,physical_onset_snapshot_capacity,road_km,excess_cutoff_100mi,6,distributed_1_3,soy_share_all_land
dose_100mgy,-0.07549030033847577,0.047843552422143075,-0.1728287396256452,0.021848138948693654,0.12413758269575825,340,34,2014,2023,0.6874509633345635,0.999900444463053,-0.07548278486109129,physical_onset_snapshot_capacity,road_km,excess_cutoff_100mi,6,exclude_2024,soy_share_all_land
dose_lag1,-0.12993970322051368,0.07885667771595574,-0.290374820339658,0.030495413898630613,0.10888510054620558,340,34,2015,2024,0.6874509633345635,0.999900444463053,-0.12992676700358882,physical_onset_snapshot_capacity,road_km,excess_cutoff_100mi,6,lag1,soy_share_all_land
dose_100mgy,0.02918488267836178,0.07256962280256235,-0.11845912504357964,0.1768288904003032,0.6901565082274767,306,34,2016,2024,1.219193939005685,1.7570681384507216,0.05127982747857184,physical_onset_snapshot_capacity,road_km,excess_cutoff_100mi,6,distributed_0_2,soy_share_all_land
dose_lag1,0.049288326672620196,0.08225438455880936,-0.11805947699455807,0.21663613033979848,0.55311929033005,306,34,2016,2024,0.6817523572718577,1.0524717454092616,0.05187457120143444,physical_onset_snapshot_capacity,road_km,excess_cutoff_100mi,6,distributed_0_2,soy_share_all_land
dose_lag2,-0.2937227211763133,0.1299763525608997,-0.5581615987681323,-0.029283843584494373,0.030557366702900837,306,34,2016,2024,0.5698996755029856,0.8146317210170338,-0.23927584585366649,physical_onset_snapshot_capacity,road_km,excess_cutoff_100mi,6,distributed_0_2,soy_share_all_land
dose_100mgy,-0.06565152238343358,0.04283940344108649,-0.15280894401792788,0.02150589925106071,0.1349301786361063,340,34,2014,2024,1.245391877015279,1.6586953943518814,-0.10889587780959073,physical_onset_snapshot_capacity,road_km,excess_cutoff_100mi,6,exclude_2019,soy_share_all_land
dose_100mgy,-0.06449224459688711,0.047379855624697494,-0.16088728565627525,0.03190279646250102,0.18268162006371114,306,34,2014,2024,1.308762116989601,1.7290234031499712,-0.1115086002296901,physical_onset_snapshot_capacity,road_km,excess_cutoff_100mi,6,exclude_2019_2021,soy_share_all_land
dose_100mgy,-0.5716561743262467,0.26863962956860876,-1.118207610184705,-0.0251047384677886,0.040898040629419166,374,34,2014,2024,1.1966577148790467,1.5939015492766162,-0.911163661912148,physical_onset_snapshot_capacity,road_km,excess_cutoff_100mi,6,cropland_denominator,soy_share_cropland
dose_100mgy,-0.03120595250135958,0.033178685878712366,-0.09870849647086624,0.03629659146814707,0.3537738355542345,374,34,2014,2024,0.6819736708516327,1.5939015492766162,-0.04973921603856953,physical_onset_snapshot_capacity,road_km,excess_cutoff_100mi,6,hub_trends,soy_share_all_land
dose_100mgy,-0.0729850659252779,0.024326091092086066,-0.12247687037927307,-0.023493261471282716,0.005103448371015416,340,34,2014,2023,0.6874509633345636,0.999900444463053,-0.07297779985785059,physical_onset_snapshot_capacity,road_km,excess_cutoff_100mi,6,lead_diagnostic,soy_share_all_land
dose_lead1,-0.0017328902023045927,0.025539252918880918,-0.053692890951195484,0.0502271105465863,0.9463128814606353,340,34,2014,2023,1.211758834937234,1.6695418777481281,-0.0028931327622869433,physical_onset_snapshot_capacity,road_km,excess_cutoff_100mi,6,lead_diagnostic,soy_share_all_land
dose_100mgy,-0.07765361847118438,0.054575578259715325,-0.1869816390957148,0.031674402153346035,0.16032271370502651,627,57,2014,2024,1.3093388111649786,1.688029522572649,-0.13108160051395198,physical_onset_snapshot_capacity,road_km,excess_cutoff_250mi,1,current,soy_share_all_land
dose_lag2,-0.10201306914641428,0.10405033916849875,-0.31045094537868256,0.10642480708585403,0.3310954546555852,513,57,2016,2024,0.5034245027321337,0.6985639542203455,-0.07126265296507268,physical_onset_snapshot_capacity,road_km,excess_cutoff_250mi,1,lag2,soy_share_all_land
dose_lag3,-0.11166809342578767,0.08758615737615198,-0.2871242502891132,0.06378806343753786,0.20759091752304626,456,57,2017,2024,0.29276831259014185,0.4384259129929805,-0.0489581858123864,physical_onset_snapshot_capacity,road_km,excess_cutoff_250mi,1,lag3,soy_share_all_land
dose_lag1,0.06114840746629465,0.08416791561062321,-0.1074601883054572,0.22975700323804651,0.4705552117187982,456,57,2017,2024,0.608859726529617,0.9711415888721735,0.059383761583820464,physical_onset_snapshot_capacity,road_km,excess_cutoff_250mi,1,distributed_1_3,soy_share_all_land
dose_lag2,-0.1045917992799833,0.17466643450897637,-0.45449071310433986,0.24530711454437326,0.551715077066783,456,57,2017,2024,0.5058981584033493,0.7396601506904202,-0.07736238601641464,physical_onset_snapshot_capacity,road_km,excess_cutoff_250mi,1,distributed_1_3,soy_share_all_land
dose_lag3,-0.06717329835991662,0.2670272021861974,-0.6020930628193307,0.46774646609949755,0.8023022454546649,456,57,2017,2024,0.29276831259014185,0.4384259129929805,-0.029450514662196323,physical_onset_snapshot_capacity,road_km,excess_cutoff_250mi,1,distributed_1_3,soy_share_all_land
dose_100mgy,-0.2079404823639633,0.11284749088279883,-0.43400117112019987,0.01812020639227327,0.07067325495007755,570,57,2014,2023,0.6166043161810892,0.8725399550949715,-0.18143637914427926,physical_onset_snapshot_capacity,road_km,excess_cutoff_250mi,1,exclude_2024,soy_share_all_land
dose_lag1,-0.08476916983139077,0.08162666831420018,-0.24828703554228593,0.0787486958795044,0.30350138763419826,570,57,2015,2024,0.6166043161810892,0.8725399550949715,-0.07396448763811972,physical_onset_snapshot_capacity,road_km,excess_cutoff_250mi,1,lag1,soy_share_all_land
dose_100mgy,-0.10588012350638852,0.06348970089081193,-0.233065277558335,0.02130503054555795,0.10096375021196302,513,57,2016,2024,1.370141209047972,1.8581503614883061,-0.19674118976782234,physical_onset_snapshot_capacity,road_km,excess_cutoff_250mi,1,distributed_0_2,soy_share_all_land
dose_lag1,0.10919937036903446,0.07751257246044321,-0.046076971006371564,0.2644757117444405,0.16442410187458362,513,57,2016,2024,0.6173696640330271,0.9179020425194107,0.10023432510357035,physical_onset_snapshot_capacity,road_km,excess_cutoff_250mi,1,distributed_0_2,soy_share_all_land
dose_lag2,0.010322697164787427,0.11312737002567785,-0.21629865688682065,0.2369440512163955,0.927620799554922,513,57,2016,2024,0.5034245027321337,0.6985639542203455,0.007211064149653054,physical_onset_snapshot_capacity,road_km,excess_cutoff_250mi,1,distributed_0_2,soy_share_all_land
dose_100mgy,-0.07541126984854583,0.05622945505614157,-0.18805240381563498,0.0372298641185433,0.18529107785867163,570,57,2014,2024,1.3584670166302866,1.7611979901817842,-0.1328141768943151,physical_onset_snapshot_capacity,road_km,excess_cutoff_250mi,1,exclude_2019,soy_share_all_land
dose_100mgy,-0.06978218536321713,0.06409550946415823,-0.19818091981711805,0.05861654909068377,0.28093981076912966,513,57,2014,2024,1.4256363776751655,1.8415330532059953,-0.12850620087131195,physical_onset_snapshot_capacity,road_km,excess_cutoff_250mi,1,exclude_2019_2021,soy_share_all_land
dose_100mgy,-0.15048814869336405,0.09957779338419644,-0.3499664390936066,0.04899014170687849,0.136344499375761,627,57,2014,2024,1.3093388111649786,1.688029522572649,-0.25402843779170114,physical_onset_snapshot_capacity,road_km,excess_cutoff_250mi,1,cropland_denominator,soy_share_cropland
dose_100mgy,-0.05959784575159657,0.05661553429915592,-0.17301238937899402,0.05381669787580087,0.29701038415347736,627,57,2014,2024,0.8553343718915657,1.688029522572649,-0.10060292311042594,physical_onset_snapshot_capacity,road_km,excess_cutoff_250mi,1,hub_trends,soy_share_all_land
dose_100mgy,-0.4092353526388772,0.20374612198128145,-0.8173878804991257,-0.0010828247786288103,0.04941568540054573,570,57,2014,2023,0.6166043161810892,0.8725399550949715,-0.35707419621480074,physical_onset_snapshot_capacity,road_km,excess_cutoff_250mi,1,lead_diagnostic,soy_share_all_land
dose_lead1,0.11888880236197075,0.08077097551304543,-0.04291490468682624,0.28069250941076773,0.14663912077190436,570,57,2014,2023,1.3407065009994166,1.766994201200481,0.21007582436127234,physical_onset_snapshot_capacity,road_km,excess_cutoff_250mi,1,lead_diagnostic,soy_share_all_land
dose_100mgy,-0.07391423068045162,0.03654084674906567,-0.14711434278935986,-0.0007141185715433818,0.04788020749974731,627,57,2014,2024,1.3093388111649786,1.688029522572649,-0.1247694035268474,physical_onset_snapshot_capacity,road_km,excess_cutoff_250mi,2,current,soy_share_all_land
dose_lag2,-0.030029707362912713,0.0598345030531647,-0.14989262027103953,0.08983320554521411,0.6177199313472733,513,57,2016,2024,0.5034245027321337,0.6985639542203455,-0.020977671119516126,physical_onset_snapshot_capacity,road_km,excess_cutoff_250mi,2,lag2,soy_share_all_land
dose_lag3,-0.04117445700914119,0.08581516662683307,-0.21308289309072817,0.1307339790724458,0.6332355324726152,456,57,2017,2024,0.29276831259014185,0.4384259129929805,-0.018051948906222953,physical_onset_snapshot_capacity,road_km,excess_cutoff_250mi,2,lag3,soy_share_all_land
dose_lag1,0.07242146925909557,0.06519861773260768,-0.058187056595461056,0.2030299951136522,0.27140872030929697,456,57,2017,2024,0.608859726529617,0.9711415888721735,0.07033150072473533,physical_onset_snapshot_capacity,road_km,excess_cutoff_250mi,2,distributed_1_3,soy_share_all_land
dose_lag2,-0.03836154956139091,0.12087656548479853,-0.28050640749502054,0.20378330837223874,0.7521497049515515,456,57,2017,2024,0.5058981584033493,0.7396601506904202,-0.028374509529296422,physical_onset_snapshot_capacity,road_km,excess_cutoff_250mi,2,distributed_1_3,soy_share_all_land
dose_lag3,-0.09301546156667675,0.22299182536838197,-0.5397217661148334,0.3536908429814798,0.6781817773116279,456,57,2017,2024,0.29276831259014185,0.4384259129929805,-0.040780388659833744,physical_onset_snapshot_capacity,road_km,excess_cutoff_250mi,2,distributed_1_3,soy_share_all_land
dose_100mgy,-0.19364347771571203,0.09118482663907855,-0.3763086353801983,-0.010978320051225732,0.03813180481262671,570,57,2014,2023,0.6166043161810892,0.8725399550949715,-0.1689616713505015,physical_onset_snapshot_capacity,road_km,excess_cutoff_250mi,2,exclude_2024,soy_share_all_land
dose_lag1,-0.03741603328084794,0.0542367049984752,-0.14606520918993338,0.07123314262823748,0.49312782895096974,570,57,2015,2024,0.6166043161810892,0.8725399550949715,-0.03264698399870303,physical_onset_snapshot_capacity,road_km,excess_cutoff_250mi,2,lag1,soy_share_all_land
dose_100mgy,-0.16086955177792314,0.06186469435948982,-0.2847994265779314,-0.03693967697791488,0.011887905061686355,513,57,2016,2024,1.370141209047972,1.8581503614883061,-0.29891981578860966,physical_onset_snapshot_capacity,road_km,excess_cutoff_250mi,2,distributed_0_2,soy_share_all_land
dose_lag1,0.1783938792409212,0.08196861689309158,0.01419100821303862,0.34259675026880376,0.03376136878758358,513,57,2016,2024,0.6173696640330271,0.9179020425194107,0.16374810612820268,physical_onset_snapshot_capacity,road_km,excess_cutoff_250mi,2,distributed_0_2,soy_share_all_land
dose_lag2,0.127995388876516,0.08489974646854705,-0.04207924026913826,0.29807001802217026,0.13727643729250052,513,57,2016,2024,0.5034245027321337,0.6985639542203455,0.08941296497554983,physical_onset_snapshot_capacity,road_km,excess_cutoff_250mi,2,distributed_0_2,soy_share_all_land
dose_100mgy,-0.07499034808093195,0.037885845136596846,-0.15088481572652737,0.0009041195646634637,0.052697646879412315,570,57,2014,2024,1.3584670166302866,1.7611979901817842,-0.1320728503231698,physical_onset_snapshot_capacity,road_km,excess_cutoff_250mi,2,exclude_2019,soy_share_all_land
dose_100mgy,-0.06661689872579221,0.04222776465222118,-0.15120927634304654,0.0179754788914621,0.1202991666458558,513,57,2014,2024,1.4256363776751655,1.8415330532059953,-0.1226772209056227,physical_onset_snapshot_capacity,road_km,excess_cutoff_250mi,2,exclude_2019_2021,soy_share_all_land
dose_100mgy,-0.2781118398143785,0.07140857386385245,-0.4211604026533036,-0.13506327697545334,0.0002645461793491303,627,57,2014,2024,1.3093388111649786,1.688029522572649,-0.4694609961836663,physical_onset_snapshot_capacity,road_km,excess_cutoff_250mi,2,cropland_denominator,soy_share_cropland
dose_100mgy,-0.06803038068207493,0.06246197589684134,-0.19315675417832182,0.057095992814171964,0.2807532241567298,627,57,2014,2024,0.8553343718915657,1.688029522572649,-0.11483729102319849,physical_onset_snapshot_capacity,road_km,excess_cutoff_250mi,2,hub_trends,soy_share_all_land
dose_100mgy,-0.390894630209706,0.20236616269855717,-0.796282767444449,0.014493507025037045,0.058472636017732844,570,57,2014,2023,0.6166043161810892,0.8725399550949715,-0.34107118309004236,physical_onset_snapshot_capacity,road_km,excess_cutoff_250mi,2,lead_diagnostic,soy_share_all_land
dose_lead1,0.11650050124229101,0.07377214647821938,-0.03128286649968766,0.2642838689842697,0.1199242015950457,570,57,2014,2023,1.3407065009994166,1.766994201200481,0.20585571013207765,physical_onset_snapshot_capacity,road_km,excess_cutoff_250mi,2,lead_diagnostic,soy_share_all_land
dose_100mgy,-0.052713439628933614,0.0354121462373208,-0.12374121013005054,0.018314330872183315,0.14252726267779092,594,54,2014,2024,1.3380559069270854,1.7324218670913174,-0.09132191550276261,physical_onset_snapshot_capacity,road_km,excess_cutoff_250mi,3,current,soy_share_all_land
dose_lag2,-0.01951165739364369,0.06579516414037345,-0.15148004437947957,0.11245672959219219,0.7679679399840281,486,54,2016,2024,0.5157388161115466,0.7171560358017657,-0.01399290286834772,physical_onset_snapshot_capacity,road_km,excess_cutoff_250mi,3,lag2,soy_share_all_land
dose_lag3,-0.14885925106969664,0.07594205054519508,-0.30117971482694883,0.0034612126875555593,0.05524251410010185,432,54,2017,2024,0.3003167721665697,0.45016743695923256,-0.06701158752171624,physical_onset_snapshot_capacity,road_km,excess_cutoff_250mi,3,lag3,soy_share_all_land
dose_lag1,0.15008539305482352,0.09659235423863191,-0.043654334637637404,0.34382512074728444,0.12618330620121948,432,54,2017,2024,0.6233072184807855,0.9964965954728772,0.14955958320934024,physical_onset_snapshot_capacity,road_km,excess_cutoff_250mi,3,distributed_1_3,soy_share_all_land
dose_lag2,-0.049407780273781336,0.13800063280131222,-0.32620199686634505,0.22738643631878236,0.721746061187643,432,54,2017,2024,0.5182175191786186,0.7592705436847575,-0.037513872190731,physical_onset_snapshot_capacity,road_km,excess_cutoff_250mi,3,distributed_1_3,soy_share_all_land
dose_lag3,-0.2923990080615864,0.17855023565715797,-0.6505254281939927,0.06572741207081989,0.10742358654612269,432,54,2017,2024,0.30031677216656966,0.45016743695923256,-0.13162851202850634,physical_onset_snapshot_capacity,road_km,excess_cutoff_250mi,3,distributed_1_3,soy_share_all_land
dose_100mgy,-0.11725302080030366,0.072626862599035,-0.2629240596108192,0.02841801801021189,0.11236666555802917,540,54,2014,2023,0.6314024945170114,0.8955554492230697,-0.10500658171557788,physical_onset_snapshot_capacity,road_km,excess_cutoff_250mi,3,exclude_2024,soy_share_all_land
dose_lag1,0.006344253547972005,0.07411205533421046,-0.14230570464339692,0.15499421173934091,0.9321041600485521,540,54,2015,2024,0.6314024945170114,0.8955554492230697,0.005681630836139122,physical_onset_snapshot_capacity,road_km,excess_cutoff_250mi,3,lag1,soy_share_all_land
dose_100mgy,-0.14148861491182035,0.056445570257764636,-0.2547040914097652,-0.028273138413875534,0.015291161073171394,486,54,2016,2024,1.3999704038067473,1.906536828019359,-0.26975325507483455,physical_onset_snapshot_capacity,road_km,excess_cutoff_250mi,3,distributed_0_2,soy_share_all_land
dose_lag1,0.24885652828046853,0.12287383558992457,0.002402824616631133,0.4953102319443059,0.04788561202003163,486,54,2016,2024,0.6321219988871439,0.9420048983649445,0.2344240686302957,physical_onset_snapshot_capacity,road_km,excess_cutoff_250mi,3,distributed_0_2,soy_share_all_land
dose_lag2,0.02515921329632101,0.07547047246947046,-0.1262153846240668,0.17653381121670883,0.7401740620505436,486,54,2016,2024,0.5157388161115466,0.7171560358017657,0.018043081671480648,physical_onset_snapshot_capacity,road_km,excess_cutoff_250mi,3,distributed_0_2,soy_share_all_land
dose_100mgy,-0.055051441329914366,0.031576538458621586,-0.11838595688929528,0.008283074229466544,0.08705746368094423,540,54,2014,2024,1.3882701996078939,1.8073761747491253,-0.09949866344528653,physical_onset_snapshot_capacity,road_km,excess_cutoff_250mi,3,exclude_2019,soy_share_all_land
dose_100mgy,-0.04287870481525354,0.0363604060018957,-0.11580844354168762,0.030051033911180546,0.2435577903566603,486,54,2014,2024,1.4569257562816436,1.8897856717173547,-0.08103156198166409,physical_onset_snapshot_capacity,road_km,excess_cutoff_250mi,3,exclude_2019_2021,soy_share_all_land
dose_100mgy,-0.476430376754667,0.12153001552518311,-0.7201887187052214,-0.23267203480411255,0.00025556174741201207,594,54,2014,2024,1.3380559069270854,1.7324218670913174,-0.82537840283634,physical_onset_snapshot_capacity,road_km,excess_cutoff_250mi,3,cropland_denominator,soy_share_cropland
dose_100mgy,-0.08307995412186543,0.06837662193117724,-0.22022608973368812,0.054066181489957274,0.22973820497992675,594,54,2014,2024,0.8736928904034239,1.7324218670913174,-0.1439295292376631,physical_onset_snapshot_capacity,road_km,excess_cutoff_250mi,3,hub_trends,soy_share_all_land
dose_100mgy,-0.26370342031065996,0.17309165065414464,-0.6108813054331701,0.08347446481185017,0.13358118627400556,540,54,2014,2023,0.6314024945170114,0.8955554492230697,-0.23616103503797306,physical_onset_snapshot_capacity,road_km,excess_cutoff_250mi,3,lead_diagnostic,soy_share_all_land
dose_lead1,0.08674229141176756,0.07228186827001531,-0.058236776404909374,0.2317213592284445,0.23545441692918595,540,54,2014,2023,1.370019916774715,1.8132589477926628,0.15728623605442618,physical_onset_snapshot_capacity,road_km,excess_cutoff_250mi,3,lead_diagnostic,soy_share_all_land
dose_100mgy,-0.03339986576492107,0.033341000984746676,-0.10043644119883648,0.03363670966899433,0.32148037168830274,539,49,2014,2024,1.3263799859991725,1.7256415481640939,-0.05763619606705132,physical_onset_snapshot_capacity,road_km,excess_cutoff_250mi,4,current,soy_share_all_land
dose_lag2,-0.009823899833286001,0.06441558602584956,-0.13934011602959287,0.11969231636302087,0.8794254613493059,441,49,2016,2024,0.5266539784109437,0.735545201853914,-0.007225922385866984,physical_onset_snapshot_capacity,road_km,excess_cutoff_250mi,4,lag2,soy_share_all_land
dose_lag3,-0.18099725023480562,0.051728827591487184,-0.2850050289614011,-0.0769894715082101,0.001018379871643451,392,49,2017,2024,0.3027614085928244,0.4604392186824931,-0.08333823248179359,physical_onset_snapshot_capacity,road_km,excess_cutoff_250mi,4,lag3,soy_share_all_land
dose_lag1,0.22479788970126036,0.11697674867232341,-0.010399627013187307,0.459995406415708,0.06058724717925116,392,49,2017,2024,0.6335645569258009,1.0200547694788613,0.22930615955855363,physical_onset_snapshot_capacity,road_km,excess_cutoff_250mi,4,distributed_1_3,soy_share_all_land
dose_lag2,-0.03133518722437853,0.10319435654242275,-0.23882134727924126,0.1761509728304842,0.7627052865366065,392,49,2017,2024,0.52836412489854,0.7788297228864742,-0.024404775182558517,physical_onset_snapshot_capacity,road_km,excess_cutoff_250mi,4,distributed_1_3,soy_share_all_land
dose_lag3,-0.44513304384926977,0.1227220183624008,-0.691882199494512,-0.1983838882040275,0.0006925572990616979,392,49,2017,2024,0.3027614085928244,0.4604392186824931,-0.2049567109197177,physical_onset_snapshot_capacity,road_km,excess_cutoff_250mi,4,distributed_1_3,soy_share_all_land
dose_100mgy,-0.09227556811320418,0.06515821889020562,-0.22328494775873942,0.03873381153233103,0.1631806280946328,490,49,2014,2023,0.6438577557680272,0.9164790029134251,-0.08456862065765922,physical_onset_snapshot_capacity,road_km,excess_cutoff_250mi,4,exclude_2024,soy_share_all_land
dose_lag1,0.012530759460266638,0.08869259856248196,-0.1657976619534726,0.19085918087400586,0.8882376420067285,490,49,2015,2024,0.6438577557680272,0.9164790029134251,0.011484177935893137,physical_onset_snapshot_capacity,road_km,excess_cutoff_250mi,4,lag1,soy_share_all_land
dose_100mgy,-0.08826862812343782,0.04214937938736385,-0.17301563533196193,-0.0035216209149137034,0.04154804932175149,441,49,2016,2024,1.3842706592632785,1.8992502600225798,-0.16764421491527567,physical_onset_snapshot_capacity,road_km,excess_cutoff_250mi,4,distributed_0_2,soy_share_all_land
dose_lag1,0.24483964030014901,0.15751274330532594,-0.07186095615828283,0.5615402367585809,0.1266556461681825,441,49,2016,2024,0.6437982393527982,0.9641291669195837,0.23605703843147322,physical_onset_snapshot_capacity,road_km,excess_cutoff_250mi,4,distributed_0_2,soy_share_all_land
dose_lag2,-0.07780489742561485,0.07739581652446144,-0.23341961622440488,0.0778098213731752,0.3198004174293616,441,49,2016,2024,0.5266539784109437,0.735545201853914,-0.05722901898214695,physical_onset_snapshot_capacity,road_km,excess_cutoff_250mi,4,distributed_0_2,soy_share_all_land
dose_100mgy,-0.030261038146495074,0.03479344660765623,-0.10021795123339161,0.03969587494040147,0.38877445353752427,490,49,2014,2024,1.3769670955911368,1.7997049385103179,-0.0544609397966963,physical_onset_snapshot_capacity,road_km,excess_cutoff_250mi,4,exclude_2019,soy_share_all_land
dose_100mgy,-0.022871186243641477,0.04041090042351066,-0.10412274722204379,0.05838037473476084,0.5740536002285336,441,49,2014,2024,1.4446142038313774,1.8812654427401354,-0.04302677231463628,physical_onset_snapshot_capacity,road_km,excess_cutoff_250mi,4,exclude_2019_2021,soy_share_all_land
dose_100mgy,-0.6325426161805364,0.15733965173435138,-0.9488951887101151,-0.31619004365095776,0.00020447878360859779,539,49,2014,2024,1.3263799859991725,1.7256415481640939,-1.091541819465547,physical_onset_snapshot_capacity,road_km,excess_cutoff_250mi,4,cropland_denominator,soy_share_cropland
dose_100mgy,-0.05861319661363586,0.041592099026932144,-0.1422397165597346,0.02501332333246291,0.16521054838679283,539,49,2014,2024,0.8586172410892385,1.7256415481640939,-0.101145367347201,physical_onset_snapshot_capacity,road_km,excess_cutoff_250mi,4,hub_trends,soy_share_all_land
dose_100mgy,-0.2867063757349752,0.10495503998190496,-0.49773262711043426,-0.07568012435951615,0.00878977507504283,490,49,2014,2023,0.6438577557680273,0.9164790029134251,-0.2627603733625119,physical_onset_snapshot_capacity,road_km,excess_cutoff_250mi,4,lead_diagnostic,soy_share_all_land
dose_lead1,0.11866172238086689,0.06635535998297187,-0.014754670755564414,0.2520781155172982,0.08004417766096297,490,49,2014,2023,1.356624439268716,1.806236918989465,0.21433118383520025,physical_onset_snapshot_capacity,road_km,excess_cutoff_250mi,4,lead_diagnostic,soy_share_all_land
dose_100mgy,-0.022268689780604308,0.03985361858580881,-0.10281585751903519,0.05827847795782656,0.5794390168696324,451,41,2014,2024,1.4299548896299719,1.8783026212853378,-0.04182733838749909,physical_onset_snapshot_capacity,road_km,excess_cutoff_250mi,5,current,soy_share_all_land
dose_lag2,-0.04401637083519914,0.10518442732332357,-0.2566020283418271,0.16856928667142884,0.6778429627568745,369,41,2016,2024,0.5699009310290563,0.8019627549576991,-0.03529949001823602,physical_onset_snapshot_capacity,road_km,excess_cutoff_250mi,5,lag2,soy_share_all_land
dose_lag3,-0.19009392159283786,0.09244621608175592,-0.37693469384261075,-0.003253149343064976,0.04632202141311942,328,41,2017,2024,0.3293103462304879,0.5023114682950474,-0.09548635686926199,physical_onset_snapshot_capacity,road_km,excess_cutoff_250mi,5,lag3,soy_share_all_land
dose_lag1,0.12830717437542183,0.06578970165186421,-0.004658772568752856,0.2612731213195965,0.05817704843840322,328,41,2017,2024,0.6837249174850993,1.1102075495713553,0.14244759365576165,physical_onset_snapshot_capacity,road_km,excess_cutoff_250mi,5,distributed_1_3,soy_share_all_land
dose_lag2,0.0001831276311635763,0.09385021770326084,-0.189495237743783,0.18986149300611013,0.9984528076325938,328,41,2017,2024,0.5715156045622724,0.8488607201799885,0.00015544985287436867,physical_onset_snapshot_capacity,road_km,excess_cutoff_250mi,5,distributed_1_3,soy_share_all_land
dose_lag3,-0.3605906711149038,0.0827431783751169,-0.5278208726445748,-0.19336046958523284,8.913390303236041e-05,328,41,2017,2024,0.3293103462304879,0.5023114682950474,-0.18112882946122383,physical_onset_snapshot_capacity,road_km,excess_cutoff_250mi,5,distributed_1_3,soy_share_all_land
dose_100mgy,-0.06768467877893711,0.07911730676818336,-0.2275867204354244,0.0922173628775502,0.3973712262288627,410,41,2014,2023,0.6955526162691147,0.9984014681885631,-0.06757648266676208,physical_onset_snapshot_capacity,road_km,excess_cutoff_250mi,5,exclude_2024,soy_share_all_land
dose_lag1,-0.014445864051537593,0.09603638021029756,-0.20854262866866635,0.1796509005655912,0.8811886517018546,410,41,2015,2024,0.6955526162691147,0.9984014681885631,-0.014422771878307518,physical_onset_snapshot_capacity,road_km,excess_cutoff_250mi,5,lag1,soy_share_all_land
dose_100mgy,-0.008270410912395821,0.0327896548321192,-0.0745407753502291,0.057999953525437464,0.8021577716895225,369,41,2016,2024,1.491904067603524,2.065792654186457,-0.0170849541099308,physical_onset_snapshot_capacity,road_km,excess_cutoff_250mi,5,distributed_0_2,soy_share_all_land
dose_lag1,0.08794866681196038,0.07718589017240036,-0.0680498362943608,0.24394716991828158,0.26129747250518953,369,41,2016,2024,0.6952131257659716,1.0498816302291587,0.09233568968902207,physical_onset_snapshot_capacity,road_km,excess_cutoff_250mi,5,distributed_0_2,soy_share_all_land
dose_lag2,-0.11566268804503425,0.10094417631432567,-0.3196784785886552,0.08835310249858673,0.25868333443872776,369,41,2016,2024,0.5699009310290563,0.8019627549576991,-0.0927571679504086,physical_onset_snapshot_capacity,road_km,excess_cutoff_250mi,5,distributed_0_2,soy_share_all_land
dose_100mgy,-0.025699399007403173,0.03912535157833699,-0.10477468421946076,0.053375886204654416,0.5150404351781351,410,41,2014,2024,1.4845534996748306,1.9585359657121475,-0.05033319725318618,physical_onset_snapshot_capacity,road_km,excess_cutoff_250mi,5,exclude_2019,soy_share_all_land
dose_100mgy,-0.022275750164119323,0.04273141420931347,-0.10863915981554656,0.06408765948730791,0.6050344194191796,369,41,2014,2024,1.5575190387974518,2.047233668781297,-0.04560366573334558,physical_onset_snapshot_capacity,road_km,excess_cutoff_250mi,5,exclude_2019_2021,soy_share_all_land
dose_100mgy,-0.5056511476981086,0.21869803839085225,-0.9476563709981165,-0.06364592439810063,0.02600250947947649,451,41,2014,2024,1.4299548896299719,1.8783026212853378,-0.9497658761772969,physical_onset_snapshot_capacity,road_km,excess_cutoff_250mi,5,cropland_denominator,soy_share_cropland
dose_100mgy,-0.020573477636902992,0.0363887261086549,-0.09411783645970076,0.05297088118589477,0.5749727642542136,451,41,2014,2024,0.9255120674301153,1.8783026212853378,-0.038643216974350164,physical_onset_snapshot_capacity,road_km,excess_cutoff_250mi,5,hub_trends,soy_share_all_land
dose_100mgy,-0.13279393805553127,0.06655654905729566,-0.2673097414189437,0.001721865307881154,0.05286363876810205,410,41,2014,2023,0.6955526162691147,0.9984014681885631,-0.13258166272118352,physical_onset_snapshot_capacity,road_km,excess_cutoff_250mi,5,lead_diagnostic,soy_share_all_land
dose_lead1,0.03992163856533334,0.025065549273681657,-0.010737726216213932,0.0905810033468806,0.11910262096235731,410,41,2014,2023,1.4623701427016753,1.9653993633365057,0.07846196301965623,physical_onset_snapshot_capacity,road_km,excess_cutoff_250mi,5,lead_diagnostic,soy_share_all_land
dose_100mgy,-0.032245738739512385,0.03696187376590639,-0.10744523633864034,0.04295375885961556,0.3892908908316999,374,34,2014,2024,1.5327582260297314,2.0527247365467463,-0.06619162555882077,physical_onset_snapshot_capacity,road_km,excess_cutoff_250mi,6,current,soy_share_all_land
dose_lag2,-0.14282653618940216,0.11341211946027656,-0.3735652281474866,0.0879121557686823,0.21673584485059436,306,34,2016,2024,0.6176332553701892,0.877671241468176,-0.12535474333195196,physical_onset_snapshot_capacity,road_km,excess_cutoff_250mi,6,lag2,soy_share_all_land
dose_lag3,-0.33013055100948524,0.058687066853700995,-0.4495302862857719,-0.21073081573319857,2.911902789106672e-06,272,34,2017,2024,0.3592938677787904,0.5501450553138326,-0.1816196902458993,physical_onset_snapshot_capacity,road_km,excess_cutoff_250mi,6,lag3,soy_share_all_land
dose_lag1,0.1007278525375995,0.037206598411145354,0.025030458904070033,0.17642524617112898,0.010661115220542847,272,34,2017,2024,0.7383103128261985,1.212275269576701,0.12210988458890061,physical_onset_snapshot_capacity,road_km,excess_cutoff_250mi,6,distributed_1_3,soy_share_all_land
dose_lag2,-0.07373067453037979,0.16765582292056908,-0.414829010968735,0.2673676619079754,0.662967575412268,272,34,2017,2024,0.619045174429483,0.9285834121095756,-0.06846508133256064,physical_onset_snapshot_capacity,road_km,excess_cutoff_250mi,6,distributed_1_3,soy_share_all_land
dose_lag3,-0.3724721977643837,0.2226936305476178,-0.8255457957580433,0.08060140022927598,0.1038669032311788,272,34,2017,2024,0.35929386777879035,0.5501450553138326,-0.20491373784195166,physical_onset_snapshot_capacity,road_km,excess_cutoff_250mi,6,distributed_1_3,soy_share_all_land
dose_100mgy,-0.03449917419764804,0.07140829395837033,-0.17978044062071163,0.11078209222541557,0.6321965489374934,340,34,2014,2023,0.7521208887638201,1.0914893024101173,-0.03765547957871598,physical_onset_snapshot_capacity,road_km,excess_cutoff_250mi,6,exclude_2024,soy_share_all_land
dose_lag1,-0.08871899683182284,0.09386228537980537,-0.27968325229059227,0.10224525862694657,0.35142455828741853,340,34,2015,2024,0.7521208887638201,1.0914893024101173,-0.09683583596249172,physical_onset_snapshot_capacity,road_km,excess_cutoff_250mi,6,lag1,soy_share_all_land
dose_100mgy,0.016564305270303867,0.0521604480872593,-0.08955692428503727,0.122685534825645,0.752816044841289,306,34,2016,2024,1.597906370702954,2.2550473076155786,0.03735329200232128,physical_onset_snapshot_capacity,road_km,excess_cutoff_250mi,6,distributed_0_2,soy_share_all_land
dose_lag1,0.044717602725479845,0.055745371163802696,-0.06869720766926796,0.15813241312022766,0.42819037204604643,306,34,2016,2024,0.7513572849591873,1.147166472240485,0.051298534565640215,physical_onset_snapshot_capacity,road_km,excess_cutoff_250mi,6,distributed_0_2,soy_share_all_land
dose_lag2,-0.21996497104640567,0.15388768997272345,-0.5330518303850527,0.09312188829224133,0.16229227814924804,306,34,2016,2024,0.6176332553701892,0.877671241468176,-0.19305692921781026,physical_onset_snapshot_capacity,road_km,excess_cutoff_250mi,6,distributed_0_2,soy_share_all_land
dose_100mgy,-0.0355481223531491,0.03819206403303328,-0.11325046086951998,0.042154216163221785,0.35873084405245476,340,34,2014,2024,1.591356300863379,2.1397180448935886,-0.07606295886111827,physical_onset_snapshot_capacity,road_km,excess_cutoff_250mi,6,exclude_2019,soy_share_all_land
dose_100mgy,-0.03328043535417504,0.04174660914446484,-0.1182145502752272,0.051653679566877116,0.43103320087175384,306,34,2014,2024,1.6696563324104525,2.236415494109957,-0.07442888127680186,physical_onset_snapshot_capacity,road_km,excess_cutoff_250mi,6,exclude_2019_2021,soy_share_all_land
dose_100mgy,-0.7390457783400948,0.26879289369826775,-1.2859090324148945,-0.19218252426529514,0.009607340936565675,374,34,2014,2024,1.5327582260297314,2.0527247365467463,-1.5170575506391561,physical_onset_snapshot_capacity,road_km,excess_cutoff_250mi,6,cropland_denominator,soy_share_cropland
dose_100mgy,-0.040570939154430684,0.030047445610375974,-0.10170292689801758,0.02056104858915621,0.18613084257944446,374,34,2014,2024,0.9901560462714235,2.0527247365467463,-0.0832809703872328,physical_onset_snapshot_capacity,road_km,excess_cutoff_250mi,6,hub_trends,soy_share_all_land
dose_100mgy,-0.02291574108571012,0.08147871892954767,-0.18868544116444982,0.14285395899302958,0.780276089003659,340,34,2014,2023,0.7521208887638202,1.0914893024101173,-0.025012286251852603,physical_onset_snapshot_capacity,road_km,excess_cutoff_250mi,6,lead_diagnostic,soy_share_all_land
dose_lead1,-0.007195951182973071,0.01838233233047895,-0.044595087512130045,0.030203185146183902,0.6979734896949938,340,34,2014,2023,1.5669855896705924,2.146812949430006,-0.015448361183072757,physical_onset_snapshot_capacity,road_km,excess_cutoff_250mi,6,lead_diagnostic,soy_share_all_land
dose_100mgy,-0.053993282870813425,0.030238631307622048,-0.11456854038846997,0.006581974646843125,0.07958374850793905,627,57,2014,2024,2.4235089534041956,4.226694875635327,-0.22821313202879578,physical_onset_snapshot_capacity,road_km,excess_cutoff_500mi,1,current,soy_share_all_land
dose_lag2,-0.06818367091388351,0.05662928160680181,-0.18162575370773174,0.04525841187996471,0.23364048114210703,513,57,2016,2024,0.9563858332509019,1.5710657664604177,-0.10712103120440529,physical_onset_snapshot_capacity,road_km,excess_cutoff_500mi,1,lag2,soy_share_all_land
dose_lag3,-0.07607241995185197,0.09216242807743359,-0.26069594862445533,0.10855110872075137,0.4126375075244642,456,57,2017,2024,0.5697451125772229,0.9549592874557001,-0.07264606395225134,physical_onset_snapshot_capacity,road_km,excess_cutoff_500mi,1,lag3,soy_share_all_land
dose_lag1,0.21601807406873774,0.06067491791815524,0.09447160788233681,0.33756454025513866,0.0007641370458075059,456,57,2017,2024,1.1302497156918392,2.128919143302506,0.45988501318427444,physical_onset_snapshot_capacity,road_km,excess_cutoff_500mi,1,distributed_1_3,soy_share_all_land
dose_lag2,-0.22171092539362425,0.09829210088869379,-0.4186136642349587,-0.02480818655228975,0.028019108397825777,456,57,2017,2024,0.9585558194506829,1.6477275257555317,-0.3653191945318058,physical_onset_snapshot_capacity,road_km,excess_cutoff_500mi,1,distributed_1_3,soy_share_all_land
dose_lag3,-0.08280553439718909,0.095124804811229,-0.273363416767499,0.10775234797312079,0.387747023293768,456,57,2017,2024,0.5697451125772229,0.9549592874557001,-0.07907591412532816,physical_onset_snapshot_capacity,road_km,excess_cutoff_500mi,1,distributed_1_3,soy_share_all_land
dose_100mgy,-0.09135898527750896,0.058894027771054326,-0.20933789980544237,0.02661992925042443,0.126476931287775,570,57,2014,2023,1.1523226101958626,1.958832659448576,-0.1789569640956662,physical_onset_snapshot_capacity,road_km,excess_cutoff_500mi,1,exclude_2024,soy_share_all_land
dose_lag1,-0.041710778553412875,0.04938446545063641,-0.14063975062266365,0.0572181935158379,0.4019207451719183,570,57,2015,2024,1.1523226101958626,1.958832659448576,-0.08170443528145237,physical_onset_snapshot_capacity,road_km,excess_cutoff_500mi,1,lag1,soy_share_all_land
dose_100mgy,-0.03846034271647198,0.04137306014363268,-0.12134054145953893,0.04441985602659498,0.3565688742532387,513,57,2016,2024,2.5376721090746255,4.576092551098007,-0.17599808781752393,physical_onset_snapshot_capacity,road_km,excess_cutoff_500mi,1,distributed_0_2,soy_share_all_land
dose_lag1,0.22071263848493924,0.0689201554545783,0.08264897672900273,0.35877630024087576,0.0022482870422294893,513,57,2016,2024,1.1507980662535076,2.039386335829131,0.4501183390709799,physical_onset_snapshot_capacity,road_km,excess_cutoff_500mi,1,distributed_0_2,soy_share_all_land
dose_lag2,-0.21199570057969902,0.08844417052985115,-0.38917066432982184,-0.03482073682957623,0.01989453827789402,513,57,2016,2024,0.9563858332509019,1.5710657664604177,-0.33305918781755806,physical_onset_snapshot_capacity,road_km,excess_cutoff_500mi,1,distributed_0_2,soy_share_all_land
dose_100mgy,-0.05897527841696919,0.02978928770705803,-0.11865039253722219,0.000699835703283816,0.05265471948525312,570,57,2014,2024,2.5124694547097466,4.392614764910917,-0.25905567873911095,physical_onset_snapshot_capacity,road_km,excess_cutoff_500mi,1,exclude_2019,soy_share_all_land
dose_100mgy,-0.05988794368873844,0.030842756340986013,-0.12167340907250501,0.0018975216950281384,0.05720843180538248,513,57,2014,2024,2.638831373993219,4.602813661890467,-0.2756530453930523,physical_onset_snapshot_capacity,road_km,excess_cutoff_500mi,1,exclude_2019_2021,soy_share_all_land
dose_100mgy,-0.05466024411020522,0.06316710430776981,-0.1811991595512405,0.07187867133083008,0.39055095693810016,627,57,2014,2024,2.4235089534041956,4.226694875635327,-0.23103217368158047,physical_onset_snapshot_capacity,road_km,excess_cutoff_500mi,1,cropland_denominator,soy_share_cropland
dose_100mgy,0.016721435265946435,0.03957411031174044,-0.06255503392270946,0.09599790445460234,0.6742527933999672,627,57,2014,2024,1.6154463550272617,4.226694875635327,0.07067640475184364,physical_onset_snapshot_capacity,road_km,excess_cutoff_500mi,1,hub_trends,soy_share_all_land
dose_100mgy,-0.13178723340127738,0.07497532162597222,-0.2819808505911403,0.018406383788585584,0.08425642018576798,570,57,2014,2023,1.1523226101958626,1.958832659448576,-0.2581491368847944,physical_onset_snapshot_capacity,road_km,excess_cutoff_500mi,1,lead_diagnostic,soy_share_all_land
dose_lead1,0.025438307862398108,0.02503880428142214,-0.02472044442540915,0.07559706015020537,0.3140200691722357,570,57,2014,2023,2.4822399478113133,4.391960558621237,0.11172404480971701,physical_onset_snapshot_capacity,road_km,excess_cutoff_500mi,1,lead_diagnostic,soy_share_all_land
dose_100mgy,-0.04168481628172357,0.02327436389687713,-0.08830896974523067,0.004939337181783528,0.07869526360938509,627,57,2014,2024,2.4235089534041956,4.226694875635327,-0.17618899936976104,physical_onset_snapshot_capacity,road_km,excess_cutoff_500mi,2,current,soy_share_all_land
dose_lag2,-0.062419518762416,0.0758814568241391,-0.21442834287802817,0.08958930535319617,0.41422878219899645,513,57,2016,2024,0.9563858332509019,1.5710657664604177,-0.09806516908656551,physical_onset_snapshot_capacity,road_km,excess_cutoff_500mi,2,lag2,soy_share_all_land
dose_lag3,-0.09393003027147917,0.1063223066721312,-0.30691920431892317,0.11905914377596483,0.3807723027335754,456,57,2017,2024,0.5697451125772229,0.9549592874557001,-0.08969935477874409,physical_onset_snapshot_capacity,road_km,excess_cutoff_500mi,2,lag3,soy_share_all_land
dose_lag1,0.2090335153903276,0.044700329381984975,0.11948799542642338,0.2985790353542318,1.8854570352729522e-05,456,57,2017,2024,1.1302497156918392,2.128919143302506,0.4450154525062875,physical_onset_snapshot_capacity,road_km,excess_cutoff_500mi,2,distributed_1_3,soy_share_all_land
dose_lag2,-0.17082355619429662,0.10792798192969925,-0.38702928429894745,0.045382171910354235,0.1191092098358839,456,57,2017,2024,0.9585558194506829,1.6477275257555317,-0.2814706755887894,physical_onset_snapshot_capacity,road_km,excess_cutoff_500mi,2,distributed_1_3,soy_share_all_land
dose_lag3,-0.15180714883786736,0.08252955966374587,-0.317133723264868,0.013519425589133244,0.07115550283368219,456,57,2017,2024,0.5697451125772229,0.9549592874557001,-0.14496964668489123,physical_onset_snapshot_capacity,road_km,excess_cutoff_500mi,2,distributed_1_3,soy_share_all_land
dose_100mgy,-0.12633467814416066,0.04095909377215449,-0.2083856025956488,-0.04428375369267251,0.003165286600563091,570,57,2014,2023,1.1523226101958626,1.958832659448576,-0.24746849356970613,physical_onset_snapshot_capacity,road_km,excess_cutoff_500mi,2,exclude_2024,soy_share_all_land
dose_lag1,-0.036005467330769376,0.049432113563668174,-0.13502989004022165,0.06301895537868288,0.4694147218134355,570,57,2015,2024,1.1523226101958626,1.958832659448576,-0.07052868532621981,physical_onset_snapshot_capacity,road_km,excess_cutoff_500mi,2,lag1,soy_share_all_land
dose_100mgy,-0.010384207064610098,0.04266929543472957,-0.09586107712400997,0.07509266299478977,0.8086120537666042,513,57,2016,2024,2.5376721090746255,4.576092551098007,-0.047519092597421576,physical_onset_snapshot_capacity,road_km,excess_cutoff_500mi,2,distributed_0_2,soy_share_all_land
dose_lag1,0.17911537399843028,0.053005515138906056,0.07293256774866635,0.2852981802481942,0.0013294530570163404,513,57,2016,2024,1.1507980662535076,2.039386335829131,0.36528544626932313,physical_onset_snapshot_capacity,road_km,excess_cutoff_500mi,2,distributed_0_2,soy_share_all_land
dose_lag2,-0.21872059808074285,0.11625126543370064,-0.4515998666151241,0.014158670453638361,0.0651129597534293,513,57,2016,2024,0.9563858332509019,1.5710657664604177,-0.34362444406440323,physical_onset_snapshot_capacity,road_km,excess_cutoff_500mi,2,distributed_0_2,soy_share_all_land
dose_100mgy,-0.049600452212384426,0.0228971194624803,-0.09546889426394906,-0.003732010160819789,0.03456569346643017,570,57,2014,2024,2.5124694547097466,4.392614764910917,-0.2178756787343782,physical_onset_snapshot_capacity,road_km,excess_cutoff_500mi,2,exclude_2019,soy_share_all_land
dose_100mgy,-0.049516054337297895,0.023568719153847464,-0.09672987223737489,-0.0023022364372208975,0.0401618095874621,513,57,2014,2024,2.638831373993219,4.602813661890467,-0.22791317138662548,physical_onset_snapshot_capacity,road_km,excess_cutoff_500mi,2,exclude_2019_2021,soy_share_all_land
dose_100mgy,-0.15999384346765,0.06823740928909686,-0.29668980030425685,-0.02329788663104318,0.022615214433811405,627,57,2014,2024,2.4235089534041956,4.226694875635327,-0.6762451583179169,physical_onset_snapshot_capacity,road_km,excess_cutoff_500mi,2,cropland_denominator,soy_share_cropland
dose_100mgy,0.030914276343000417,0.03956676622742781,-0.048347480876917766,0.11017603356291861,0.4379055021985122,627,57,2014,2024,1.6154463550272617,4.226694875635327,0.13066521340293427,physical_onset_snapshot_capacity,road_km,excess_cutoff_500mi,2,hub_trends,soy_share_all_land
dose_100mgy,-0.18676241686894904,0.05437942780039232,-0.2956975009063429,-0.07782733283155517,0.0011245925445925637,570,57,2014,2023,1.1523226101958626,1.958832659448576,-0.36583632172044706,physical_onset_snapshot_capacity,road_km,excess_cutoff_500mi,2,lead_diagnostic,soy_share_all_land
dose_lead1,0.03802240988537908,0.022219201313733346,-0.006487998926569684,0.08253281869732784,0.09257091448661252,570,57,2014,2023,2.4822399478113133,4.391960558621237,0.16699292456031517,physical_onset_snapshot_capacity,road_km,excess_cutoff_500mi,2,lead_diagnostic,soy_share_all_land
dose_100mgy,-0.048571064724364926,0.02390850987731484,-0.09652546266480688,-0.000616666783922977,0.04722764084671578,594,54,2014,2024,2.454968221964047,4.199830381313139,-0.20399023328211469,physical_onset_snapshot_capacity,road_km,excess_cutoff_500mi,3,current,soy_share_all_land
dose_lag2,-0.0482889252166333,0.05166576257886982,-0.15191732160424523,0.05533947117097864,0.3542124655880824,486,54,2016,2024,0.9773410336793384,1.5904890859877183,-0.07680300853113238,physical_onset_snapshot_capacity,road_km,excess_cutoff_500mi,3,lag2,soy_share_all_land
dose_lag3,-0.11914385349700446,0.08296316280291503,-0.28554688504785564,0.047259178053846745,0.15684879811910238,432,54,2017,2024,0.5813344071750226,0.9686493518694999,-0.11540861646910801,physical_onset_snapshot_capacity,road_km,excess_cutoff_500mi,3,lag3,soy_share_all_land
dose_lag1,0.16735405236224865,0.06303287974771812,0.04092610623491025,0.2937819984895871,0.01044888198152954,432,54,2017,2024,1.15345128324771,2.155168369374496,0.36067616013776144,physical_onset_snapshot_capacity,road_km,excess_cutoff_500mi,3,distributed_1_3,soy_share_all_land
dose_lag2,-0.11187714545630588,0.10587480766782532,-0.3242351169410961,0.10048082602848434,0.29544469431109044,432,54,2017,2024,0.9789758318107487,1.668725634614477,-0.18669226055043017,physical_onset_snapshot_capacity,road_km,excess_cutoff_500mi,3,distributed_1_3,soy_share_all_land
dose_lag3,-0.19557709719769753,0.10238602399295703,-0.4009374547980903,0.009783260402695254,0.06152576959244653,432,54,2017,2024,0.5813344071750226,0.9686493518694999,-0.18944562844106788,physical_onset_snapshot_capacity,road_km,excess_cutoff_500mi,3,distributed_1_3,soy_share_all_land
dose_100mgy,-0.0937671949673718,0.04048732624304321,-0.17497448744048377,-0.01255990249425984,0.02445990421232928,540,54,2014,2023,1.1775265437844162,1.9808726743316176,-0.185740874259592,physical_onset_snapshot_capacity,road_km,excess_cutoff_500mi,3,exclude_2024,soy_share_all_land
dose_lag1,-0.022129006869500166,0.04031309956827151,-0.10298684488741125,0.058728831148410925,0.5853598482187284,540,54,2015,2024,1.1775265437844162,1.9808726743316176,-0.04383474501788953,physical_onset_snapshot_capacity,road_km,excess_cutoff_500mi,3,lag1,soy_share_all_land
dose_100mgy,-0.059456187560292584,0.03661130391693206,-0.13288916377504445,0.013976788654459296,0.11031248006690805,486,54,2016,2024,2.5678160240623855,4.549365088867553,-0.2704879040039564,physical_onset_snapshot_capacity,road_km,excess_cutoff_500mi,3,distributed_0_2,soy_share_all_land
dose_lag1,0.18129661274583117,0.0694821306548268,0.041933107438759415,0.32066011805290295,0.011767429448350224,486,54,2016,2024,1.175379285651709,2.063279766294698,0.3740656327762389,physical_onset_snapshot_capacity,road_km,excess_cutoff_500mi,3,distributed_0_2,soy_share_all_land
dose_lag2,-0.11391818603092399,0.07935862649260661,-0.2730914333123962,0.045255061250548234,0.15702441830216213,486,54,2016,2024,0.9773410336793383,1.5904890859877183,-0.18118563157770315,physical_onset_snapshot_capacity,road_km,excess_cutoff_500mi,3,distributed_0_2,soy_share_all_land
dose_100mgy,-0.06391233702269361,0.02316636734275659,-0.11037818554649029,-0.017446488498896927,0.00794453999663546,540,54,2014,2024,2.545457526767267,4.36543396313873,-0.27900508670243557,physical_onset_snapshot_capacity,road_km,excess_cutoff_500mi,3,exclude_2019,soy_share_all_land
dose_100mgy,-0.06375380146218886,0.023824731655631537,-0.11154016156999466,-0.015967441354383043,0.00989241183943148,486,54,2014,2024,2.673495678301931,4.573445114333621,-0.2915745118174433,physical_onset_snapshot_capacity,road_km,excess_cutoff_500mi,3,exclude_2019_2021,soy_share_all_land
dose_100mgy,-0.17769047336938024,0.07431105070863256,-0.3267395657360831,-0.028641381002677407,0.020377393908995626,594,54,2014,2024,2.454968221964047,4.199830381313139,-0.7462698485266364,physical_onset_snapshot_capacity,road_km,excess_cutoff_500mi,3,cropland_denominator,soy_share_cropland
dose_100mgy,0.010716363952193409,0.03819072538454633,-0.06588453054614485,0.08731725845053168,0.780108731038915,594,54,2014,2024,1.6273932870254126,4.199830381313139,0.04500691090363082,physical_onset_snapshot_capacity,road_km,excess_cutoff_500mi,3,hub_trends,soy_share_all_land
dose_100mgy,-0.08785548041095598,0.05667946313150744,-0.2015400866037438,0.025829125781831858,0.12708303678602811,540,54,2014,2023,1.1775265437844162,1.9808726743316176,-0.1740305204363394,physical_onset_snapshot_capacity,road_km,excess_cutoff_500mi,3,lead_diagnostic,soy_share_all_land
dose_lead1,-0.003732448772402912,0.0244098787249932,-0.05269246527125287,0.045227567726447045,0.8790520412783178,540,54,2014,2023,2.5133037572896035,4.3650409667470225,-0.016292291797823343,physical_onset_snapshot_capacity,road_km,excess_cutoff_500mi,3,lead_diagnostic,soy_share_all_land
dose_100mgy,-0.021412238281104674,0.019487415824186206,-0.06059431387348993,0.01776983731128058,0.27734814682000497,539,49,2014,2024,2.5087003504009515,4.145549016333827,-0.08876548334373899,physical_onset_snapshot_capacity,road_km,excess_cutoff_500mi,4,current,soy_share_all_land
dose_lag2,-0.011284207647421834,0.03797748031734682,-0.08764304958046949,0.06507463428562583,0.7676501706431532,441,49,2016,2024,1.0109822971934563,1.6165979991664876,-0.018242027505001316,physical_onset_snapshot_capacity,road_km,excess_cutoff_500mi,4,lag2,soy_share_all_land
dose_lag3,-0.08016021807173088,0.06340181184079523,-0.20763810465518534,0.04731766851172359,0.21221993874816916,392,49,2017,2024,0.6020015228443131,0.9946629773518948,-0.079732401172405,physical_onset_snapshot_capacity,road_km,excess_cutoff_500mi,4,lag3,soy_share_all_land
dose_lag1,0.17145946760885192,0.07023814335501655,0.030236215268262173,0.31268271994944163,0.018380281863613592,392,49,2017,2024,1.1869532850080229,2.1879999392174,0.3751533047064157,physical_onset_snapshot_capacity,road_km,excess_cutoff_500mi,4,distributed_1_3,soy_share_all_land
dose_lag2,-0.07831437542214888,0.09017298005447101,-0.2596193033182249,0.10299055247392715,0.38944764391394004,392,49,2017,2024,1.01100434443419,1.697345744604305,-0.13292657186412837,physical_onset_snapshot_capacity,road_km,excess_cutoff_500mi,4,distributed_1_3,soy_share_all_land
dose_lag3,-0.2012347068736706,0.10689959739985819,-0.41617075298186246,0.013701339234521243,0.06584207281616745,392,49,2017,2024,0.6020015228443131,0.9946629773518948,-0.200160712685501,physical_onset_snapshot_capacity,road_km,excess_cutoff_500mi,4,distributed_1_3,soy_share_all_land
dose_100mgy,-0.04042188092895758,0.04089338997288887,-0.12264355216553019,0.04179979030761503,0.32787937920683596,490,49,2014,2023,1.2164783695118513,2.006798384143566,-0.0811185653322757,physical_onset_snapshot_capacity,road_km,excess_cutoff_500mi,4,exclude_2024,soy_share_all_land
dose_lag1,0.012564933641986943,0.0393476917233616,-0.0665489029692872,0.09167877025326107,0.7508612585084044,490,49,2015,2024,1.2164783695118513,2.006798384143566,0.02521528852961053,physical_onset_snapshot_capacity,road_km,excess_cutoff_500mi,4,lag1,soy_share_all_land
dose_100mgy,-0.04118436889102924,0.029319058801149777,-0.10013428757744963,0.01776554979539114,0.1665501559114279,441,49,2016,2024,2.6190705889776176,4.495871175337647,-0.18515961697165087,physical_onset_snapshot_capacity,road_km,excess_cutoff_500mi,4,distributed_0_2,soy_share_all_land
dose_lag1,0.17569632095962423,0.07799061161219965,0.01888568648376357,0.3325069554354849,0.028880526149631075,441,49,2016,2024,1.212458172371744,2.0921936919043715,0.36759073440253165,physical_onset_snapshot_capacity,road_km,excess_cutoff_500mi,4,distributed_0_2,soy_share_all_land
dose_lag2,-0.10704802546305184,0.06266462799049091,-0.2330437045743252,0.018947653648221513,0.09404671036678139,441,49,2016,2024,1.0109822971934563,1.6165979991664876,-0.1730536237782928,physical_onset_snapshot_capacity,road_km,excess_cutoff_500mi,4,distributed_0_2,soy_share_all_land
dose_100mgy,-0.03456402395453233,0.020033315465789785,-0.07484370434050035,0.005715656431435692,0.09090222668474966,490,49,2014,2024,2.602445019265673,4.310565552027147,-0.14899049099784817,physical_onset_snapshot_capacity,road_km,excess_cutoff_500mi,4,exclude_2019,soy_share_all_land
dose_100mgy,-0.033675566100252734,0.020926582010980774,-0.07575127924980468,0.008400147049299207,0.1141254068422258,441,49,2014,2024,2.7335429456852918,4.514387593490275,-0.15202455780674262,physical_onset_snapshot_capacity,road_km,excess_cutoff_500mi,4,exclude_2019_2021,soy_share_all_land
dose_100mgy,-0.1672765694447069,0.12151560182588114,-0.4116000620694501,0.07704692318003631,0.17502815726965254,539,49,2014,2024,2.5087003504009515,4.145549016333827,-0.6934532179172017,physical_onset_snapshot_capacity,road_km,excess_cutoff_500mi,4,cropland_denominator,soy_share_cropland
dose_100mgy,0.0012870993091142857,0.03538869247573345,-0.06986663580947051,0.0724408344276991,0.9711378896932508,539,49,2014,2024,1.6521670467536884,4.145549016333827,0.005335733274822675,physical_onset_snapshot_capacity,road_km,excess_cutoff_500mi,4,hub_trends,soy_share_all_land
dose_100mgy,-0.07296198256056569,0.0533682528285671,-0.18026604665136042,0.03434208153022905,0.17794946114585447,490,49,2014,2023,1.2164783695118515,2.006798384143566,-0.14641998870645428,physical_onset_snapshot_capacity,road_km,excess_cutoff_500mi,4,lead_diagnostic,soy_share_all_land
dose_lead1,0.020757918487670404,0.027765780530914313,-0.03506892492035211,0.07658476189569291,0.4583437366637683,490,49,2014,2023,2.5662666092732627,4.310864654416207,0.08948457710775107,physical_onset_snapshot_capacity,road_km,excess_cutoff_500mi,4,lead_diagnostic,soy_share_all_land
dose_100mgy,-0.010694204253099625,0.015979578360412406,-0.042990136824799796,0.02160172831860055,0.5071857932453335,451,41,2014,2024,2.551648549661873,4.192478491706844,-0.04483522131704003,physical_onset_snapshot_capacity,road_km,excess_cutoff_500mi,5,current,soy_share_all_land
dose_lag2,-0.0318138809811039,0.038892564969268704,-0.11041868690638071,0.04679092494417291,0.41820693635786343,369,41,2016,2024,1.0754504119077133,1.7253604254071018,-0.054890411223408334,physical_onset_snapshot_capacity,road_km,excess_cutoff_500mi,5,lag2,soy_share_all_land
dose_lag3,-0.06104441677536168,0.07412292641098782,-0.210852439202092,0.08876360565136865,0.4150750363265284,328,41,2017,2024,0.6378669290806297,1.0568604064217246,-0.06451542712298589,physical_onset_snapshot_capacity,road_km,excess_cutoff_500mi,5,lag3,soy_share_all_land
dose_lag1,0.12378887987151285,0.0536592981083893,0.0153393930035393,0.2322383667394864,0.026316601625292556,328,41,2017,2024,1.2577425197194265,2.329989744140925,0.28842682053931795,physical_onset_snapshot_capacity,road_km,excess_cutoff_500mi,5,distributed_1_3,soy_share_all_land
dose_lag2,-0.06971558963992014,0.05895518154412533,-0.18886845618979042,0.04943727690995013,0.24398167837892185,328,41,2017,2024,1.0738900305615287,1.8113171026778678,-0.12627703983805932,physical_onset_snapshot_capacity,road_km,excess_cutoff_500mi,5,distributed_1_3,soy_share_all_land
dose_lag3,-0.13328607645301527,0.1076287526057467,-0.35081189963385206,0.0842397467278215,0.2227913360130464,328,41,2017,2024,0.6378669290806297,1.0568604064217246,-0.14086477693049076,physical_onset_snapshot_capacity,road_km,excess_cutoff_500mi,5,distributed_1_3,soy_share_all_land
dose_100mgy,-0.03589186703488783,0.030371613880881856,-0.09727518841342253,0.02549145434364688,0.24428031377134243,410,41,2014,2023,1.2929943485896722,2.1373642209758072,-0.07671399242439028,physical_onset_snapshot_capacity,road_km,excess_cutoff_500mi,5,exclude_2024,soy_share_all_land
dose_lag1,-0.008542511627673544,0.0353742307958178,-0.08003649894011518,0.0629514756847681,0.8104093206338718,410,41,2015,2024,1.2929943485896722,2.1373642209758072,-0.01825845871025924,physical_onset_snapshot_capacity,road_km,excess_cutoff_500mi,5,lag1,soy_share_all_land
dose_100mgy,0.0002881450377730987,0.029753550329176003,-0.05984602330676362,0.06042231338230982,0.9923212346763646,369,41,2016,2024,2.6515619737338882,4.544435285688039,0.0013094564770519824,physical_onset_snapshot_capacity,road_km,excess_cutoff_500mi,5,distributed_0_2,soy_share_all_land
dose_lag1,0.09127077374780089,0.04874043316730991,-0.007237316239516789,0.18977886373511857,0.06844765951294993,369,41,2016,2024,1.2872261264188962,2.228166000216289,0.2033664348782834,physical_onset_snapshot_capacity,road_km,excess_cutoff_500mi,5,distributed_0_2,soy_share_all_land
dose_lag2,-0.12219574244934771,0.057456079694533264,-0.23831881114344483,-0.006072673755250571,0.039658451555668175,369,41,2016,2024,1.0754504119077133,1.7253604254071018,-0.2108316981753432,physical_onset_snapshot_capacity,road_km,excess_cutoff_500mi,5,distributed_0_2,soy_share_all_land
dose_100mgy,-0.022420312364829213,0.014915523503022497,-0.05256570985032279,0.0077250851206643635,0.14065446805111423,410,41,2014,2024,2.6475476066665418,4.358794793381313,-0.09772554080180025,physical_onset_snapshot_capacity,road_km,excess_cutoff_500mi,5,exclude_2019,soy_share_all_land
dose_100mgy,-0.021558387036405908,0.015566402415325163,-0.053019259873623714,0.009902485800811902,0.1737499640630447,369,41,2014,2024,2.7805878339825743,4.562434361590049,-0.09835872579535578,physical_onset_snapshot_capacity,road_km,excess_cutoff_500mi,5,exclude_2019_2021,soy_share_all_land
dose_100mgy,-0.15087847565870843,0.2716205410817252,-0.6998440667406571,0.3980871154232403,0.58166329421126,451,41,2014,2024,2.551648549661873,4.192478491706844,-0.6325547640606497,physical_onset_snapshot_capacity,road_km,excess_cutoff_500mi,5,cropland_denominator,soy_share_cropland
dose_100mgy,-9.550614330410052e-05,0.03404528646378191,-0.06890359677118099,0.06871258448457279,0.9977756673599455,451,41,2014,2024,1.6381697788342993,4.192478491706844,-0.000400407451628313,physical_onset_snapshot_capacity,road_km,excess_cutoff_500mi,5,hub_trends,soy_share_all_land
dose_100mgy,-0.05428900078497455,0.038233613929061994,-0.13156201697947287,0.022984015409523773,0.16337590331709534,410,41,2014,2023,1.2929943485896722,2.1373642209758072,-0.11603536787033211,physical_onset_snapshot_capacity,road_km,excess_cutoff_500mi,5,lead_diagnostic,soy_share_all_land
dose_lead1,0.011976588376404489,0.01510407059059508,-0.01854987698769596,0.04250305374050494,0.4324923514508803,410,41,2014,2023,2.6051040303456707,4.358683015972704,0.05220215234553035,physical_onset_snapshot_capacity,road_km,excess_cutoff_500mi,5,lead_diagnostic,soy_share_all_land
dose_100mgy,-0.007216558391892772,0.02059218224219413,-0.049111668171501345,0.0346785513877158,0.7282271848761136,374,34,2014,2024,2.5718202121972458,4.424598632388473,-0.031930374391320314,physical_onset_snapshot_capacity,road_km,excess_cutoff_500mi,6,current,soy_share_all_land
dose_lag2,-0.06720621222230046,0.053701906190975854,-0.17646356187003015,0.04205113742542925,0.21956282718606765,306,34,2016,2024,1.1174857554738868,1.8384455091374077,-0.12355495904622384,physical_onset_snapshot_capacity,road_km,excess_cutoff_500mi,6,lag2,soy_share_all_land
dose_lag3,-0.13123260971411102,0.06419400707949562,-0.26183629912191597,-0.0006289203063060689,0.0489687509875178,272,34,2017,2024,0.6750336791146156,1.1361838393931671,-0.1491043703585637,physical_onset_snapshot_capacity,road_km,excess_cutoff_500mi,6,lag3,soy_share_all_land
dose_lag1,0.08404743708506264,0.037210640100107724,0.008341820573511696,0.15975305359661357,0.030634493102588575,272,34,2017,2024,1.2896145039396953,2.463618207702485,0.2070607963134894,physical_onset_snapshot_capacity,road_km,excess_cutoff_500mi,6,distributed_1_3,soy_share_all_land
dose_lag2,-0.05704520888979335,0.06381290675558554,-0.1868735438587404,0.07278312607915367,0.37782511404451147,272,34,2017,2024,1.1126903315861023,1.9273893242206155,-0.10994832661212266,physical_onset_snapshot_capacity,road_km,excess_cutoff_500mi,6,distributed_1_3,soy_share_all_land
dose_lag3,-0.16368334183758232,0.08095533567154399,-0.32838821067148466,0.0010215269963200213,0.05135622990676351,272,34,2017,2024,0.6750336791146156,1.1361838393931671,-0.1859743677737285,physical_onset_snapshot_capacity,road_km,excess_cutoff_500mi,6,distributed_1_3,soy_share_all_land
dose_100mgy,-0.03664037455083788,0.02912344894241701,-0.09589247693867003,0.022611727836994278,0.21718293376228046,340,34,2014,2023,1.3350855227067577,2.267205537092572,-0.0830712600628054,physical_onset_snapshot_capacity,road_km,excess_cutoff_500mi,6,exclude_2024,soy_share_all_land
dose_lag1,-0.04357454587885888,0.043505684580063646,-0.13208752668300416,0.0449384349252864,0.3238331971546613,340,34,2015,2024,1.3350855227067577,2.267205537092572,-0.09879245169284316,physical_onset_snapshot_capacity,road_km,excess_cutoff_500mi,6,lag1,soy_share_all_land
dose_100mgy,0.025178318799616156,0.031844789352634385,-0.039610392282370316,0.08996702988160263,0.43478958615414504,306,34,2016,2024,2.665029732349108,4.784747402639033,0.12047189547928093,physical_onset_snapshot_capacity,road_km,excess_cutoff_500mi,6,distributed_0_2,soy_share_all_land
dose_lag1,0.0368936045572773,0.039526949517243344,-0.04352457889706202,0.11731178801161662,0.35740414015607125,306,34,2016,2024,1.3256353978364206,2.3602599353443074,0.08707849670697776,physical_onset_snapshot_capacity,road_km,excess_cutoff_500mi,6,distributed_0_2,soy_share_all_land
dose_lag2,-0.1459982106363561,0.07206173910764678,-0.2926089212116667,0.0006124999389545138,0.050910046331369196,306,34,2016,2024,1.1174857554738868,1.8384455091374077,-0.2684097546865062,physical_onset_snapshot_capacity,road_km,excess_cutoff_500mi,6,distributed_0_2,soy_share_all_land
dose_100mgy,-0.01007456909261174,0.0194248082083018,-0.04959463854242123,0.029445500357197747,0.6074693577225435,340,34,2014,2024,2.669796484247636,4.5980384763639375,-0.0463232563206157,physical_onset_snapshot_capacity,road_km,excess_cutoff_500mi,6,exclude_2019,soy_share_all_land
dose_100mgy,-0.008727526549134572,0.02035287687673357,-0.05013576590195193,0.03268071280368279,0.670847516363228,306,34,2014,2024,2.8042019981801354,4.8124201727624945,-0.042000524823375456,physical_onset_snapshot_capacity,road_km,excess_cutoff_500mi,6,exclude_2019_2021,soy_share_all_land
dose_100mgy,-0.606294774706346,0.245427600876575,-1.1056209831060284,-0.10696856630666346,0.018837204682843202,374,34,2014,2024,2.5718202121972458,4.424598632388473,-2.6826110309899756,physical_onset_snapshot_capacity,road_km,excess_cutoff_500mi,6,cropland_denominator,soy_share_cropland
dose_100mgy,-0.014086239924241597,0.023915890164180786,-0.06274348431538557,0.03457100446690238,0.5598780505187342,374,34,2014,2024,1.6494514467355443,4.424598632388473,-0.06232595790429527,physical_onset_snapshot_capacity,road_km,excess_cutoff_500mi,6,hub_trends,soy_share_all_land
dose_100mgy,-0.03841220531013152,0.03278423901471179,-0.10511224110079807,0.02828783048053503,0.24972104853739394,340,34,2014,2023,1.3350855227067577,2.267205537092572,-0.08708836457106688,physical_onset_snapshot_capacity,road_km,excess_cutoff_500mi,6,lead_diagnostic,soy_share_all_land
dose_lead1,0.0012056008045385782,0.01305427683634759,-0.025353525116149144,0.027764726725226303,0.926976015659294,340,34,2014,2023,2.622611699324268,4.595243034003557,0.005540028698844985,physical_onset_snapshot_capacity,road_km,excess_cutoff_500mi,6,lead_diagnostic,soy_share_all_land
dose_100mgy,-0.13112400309343855,0.05860424775028104,-0.24852241848425033,-0.013725587702626788,0.029254084189514865,627,57,2014,2024,0.49403378375029633,0.7099662738142956,-0.09309361988386274,physical_onset_snapshot_capacity,road_km,exp150_sum1,1,current,soy_share_all_land
dose_lag2,-0.031796663163536465,0.07470990410210356,-0.18145858516208996,0.11786525883501703,0.6720293238203516,513,57,2016,2024,0.2846052280574691,0.414460147576884,-0.013178449707211794,physical_onset_snapshot_capacity,road_km,exp150_sum1,1,lag2,soy_share_all_land
dose_lag3,-0.13919623417103807,0.11411155093542959,-0.3677891394957736,0.08939667115369743,0.22764333785797355,456,57,2017,2024,0.16448081656453498,0.2673126988091087,-0.037208921020324866,physical_onset_snapshot_capacity,road_km,exp150_sum1,1,lag3,soy_share_all_land
dose_lag1,0.1693778803732647,0.07138418748785229,0.026378169315728228,0.3123775914308012,0.021114137594295583,456,57,2017,2024,0.32187403778193,0.5606251392924092,0.09495749777731455,physical_onset_snapshot_capacity,road_km,exp150_sum1,1,distributed_1_3,soy_share_all_land
dose_lag2,0.07772348774384549,0.12974625247525323,-0.18218948833249823,0.3376364638201892,0.5515604942446776,456,57,2017,2024,0.28152204714353163,0.43886181671103147,0.034109871032381625,physical_onset_snapshot_capacity,road_km,exp150_sum1,1,distributed_1_3,soy_share_all_land
dose_lag3,-0.4616727125251452,0.1697283097438999,-0.8016793737453495,-0.1216660513049409,0.008677270282372414,456,57,2017,2024,0.16448081656453498,0.2673126988091087,-0.12341097875161836,physical_onset_snapshot_capacity,road_km,exp150_sum1,1,distributed_1_3,soy_share_all_land
dose_100mgy,-0.1991460598412795,0.05615665801699863,-0.31164136381534596,-0.08665075586721306,0.0007979805194261188,570,57,2014,2023,0.3391627793194871,0.5033999319071655,-0.1002501129636804,physical_onset_snapshot_capacity,road_km,exp150_sum1,1,exclude_2024,soy_share_all_land
dose_lag1,-0.06852676623085155,0.055113015208324935,-0.17893140243465008,0.041877869972946985,0.21890587523366475,570,57,2015,2024,0.3391627793194871,0.5033999319071655,-0.03449636945442892,physical_onset_snapshot_capacity,road_km,exp150_sum1,1,lag1,soy_share_all_land
dose_100mgy,-0.3274472705939385,0.13564365713512713,-0.5991741678204648,-0.0557203733674122,0.01907138537391119,513,57,2016,2024,0.4877924615050724,0.7814095829703978,-0.2558704351596045,physical_onset_snapshot_capacity,road_km,exp150_sum1,1,distributed_0_2,soy_share_all_land
dose_lag1,0.27140382828794246,0.12112001064370957,0.02877129109917581,0.5140363654767091,0.029024011081333696,513,57,2016,2024,0.3345692314656236,0.5297123761666478,0.14376596678313086,physical_onset_snapshot_capacity,road_km,exp150_sum1,1,distributed_0_2,soy_share_all_land
dose_lag2,0.17937746331910887,0.12866626714753285,-0.07837204217298716,0.4371269688112049,0.16878563249574388,513,57,2016,2024,0.2846052280574691,0.414460147576884,0.07434480991920496,physical_onset_snapshot_capacity,road_km,exp150_sum1,1,distributed_0_2,soy_share_all_land
dose_100mgy,-0.1208426154736307,0.05774529339042076,-0.23652033851513846,-0.005164892432122953,0.04092108087447741,570,57,2014,2024,0.5156205823395634,0.7365189906346253,-0.08900288117428665,physical_onset_snapshot_capacity,road_km,exp150_sum1,1,exclude_2019,soy_share_all_land
dose_100mgy,-0.11942388742452398,0.061254498215159575,-0.24213139246172594,0.0032836176126779665,0.05623373294985328,513,57,2014,2024,0.5422128325439325,0.7654112613493854,-0.09140838830885191,physical_onset_snapshot_capacity,road_km,exp150_sum1,1,exclude_2019_2021,soy_share_all_land
dose_100mgy,-0.3302627552614788,0.1024433355728521,-0.5354814164556128,-0.12504409406734482,0.002111348308373711,627,57,2014,2024,0.49403378375029633,0.7099662738142956,-0.23447541773263475,physical_onset_snapshot_capacity,road_km,exp150_sum1,1,cropland_denominator,soy_share_cropland
dose_100mgy,-0.024093293965040372,0.14509128288888132,-0.3147460597979229,0.2665594718678421,0.8687108776240355,627,57,2014,2024,0.23295016805776958,0.7099662738142956,-0.01710542614027217,physical_onset_snapshot_capacity,road_km,exp150_sum1,1,hub_trends,soy_share_all_land
dose_100mgy,-0.3266450492018838,0.24178073575985243,-0.810990064109018,0.1576999657052503,0.18212987278732395,570,57,2014,2023,0.3391627793194871,0.5033999319071655,-0.16443309552604102,physical_onset_snapshot_capacity,road_km,exp150_sum1,1,lead_diagnostic,soy_share_all_land
dose_lead1,0.10080605507675154,0.1792625439107272,-0.2582999722494718,0.45991208240297493,0.5761302697581471,570,57,2014,2023,0.49399218234440795,0.7431321132712297,0.07491221673972236,physical_onset_snapshot_capacity,road_km,exp150_sum1,1,lead_diagnostic,soy_share_all_land
dose_100mgy,-0.1763737440510896,0.06764757617515474,-0.31188812317652276,-0.04085936492565645,0.011676898275823341,627,57,2014,2024,0.49403378375029633,0.7099662738142956,-0.12521940986262836,physical_onset_snapshot_capacity,road_km,exp150_sum1,2,current,soy_share_all_land
dose_lag2,-0.07260498773686067,0.08669540216601321,-0.2462767474927103,0.10106677201898898,0.40588723683947786,513,57,2016,2024,0.2846052280574691,0.414460147576884,-0.030091873932237122,physical_onset_snapshot_capacity,road_km,exp150_sum1,2,lag2,soy_share_all_land
dose_lag3,-0.19775588793719612,0.12486933770976402,-0.4478992297729615,0.05238745389856925,0.1188931344597174,456,57,2017,2024,0.16448081656453498,0.2673126988091087,-0.05286266010988355,physical_onset_snapshot_capacity,road_km,exp150_sum1,2,lag3,soy_share_all_land
dose_lag1,0.17079576120448242,0.05581102320483117,0.05899284696000118,0.28259867544896367,0.003391820182620334,456,57,2017,2024,0.32187403778193,0.5606251392924092,0.09575239741581602,physical_onset_snapshot_capacity,road_km,exp150_sum1,2,distributed_1_3,soy_share_all_land
dose_lag2,0.06785293063196196,0.11081558482286678,-0.154137361168145,0.28984322243206895,0.5428143925705997,456,57,2017,2024,0.28152204714353163,0.43886181671103147,0.02977806040631042,physical_onset_snapshot_capacity,road_km,exp150_sum1,2,distributed_1_3,soy_share_all_land
dose_lag3,-0.509585518188449,0.12137725065987266,-0.7527333690521106,-0.26643766732478735,9.715033386727598e-05,456,57,2017,2024,0.16448081656453498,0.2673126988091087,-0.13621868014099245,physical_onset_snapshot_capacity,road_km,exp150_sum1,2,distributed_1_3,soy_share_all_land
dose_100mgy,-0.2720838754725629,0.09647536813768604,-0.46534726129181414,-0.07882048965331168,0.006625028958672787,570,57,2014,2023,0.3391627793194871,0.5033999319071655,-0.13696700438592585,physical_onset_snapshot_capacity,road_km,exp150_sum1,2,exclude_2024,soy_share_all_land
dose_lag1,-0.10158296972195484,0.05952733845580603,-0.22083055800126428,0.0176646185573546,0.0934567810089506,570,57,2015,2024,0.3391627793194871,0.5033999319071655,-0.05113686004095972,physical_onset_snapshot_capacity,road_km,exp150_sum1,2,lag1,soy_share_all_land
dose_100mgy,-0.40559473287753567,0.15571780042397954,-0.7175349713362779,-0.09365449441879348,0.011754979767226904,513,57,2016,2024,0.4877924615050724,0.7814095829703978,-0.31693561107282503,physical_onset_snapshot_capacity,road_km,exp150_sum1,2,distributed_0_2,soy_share_all_land
dose_lag1,0.31162708738719047,0.13808185344378135,0.03501589603462346,0.5882382787397575,0.0279395583890081,513,57,2016,2024,0.3345692314656236,0.5297123761666478,0.16507272493776026,physical_onset_snapshot_capacity,road_km,exp150_sum1,2,distributed_0_2,soy_share_all_land
dose_lag2,0.21293713495181826,0.11287305264675712,-0.01317476017082514,0.43904903007446167,0.06441389685333414,513,57,2016,2024,0.2846052280574691,0.414460147576884,0.08825395637672946,physical_onset_snapshot_capacity,road_km,exp150_sum1,2,distributed_0_2,soy_share_all_land
dose_100mgy,-0.17077004093131473,0.07115719485884998,-0.31331503111155545,-0.02822505075107401,0.019749915915993094,570,57,2014,2024,0.5156205823395634,0.7365189906346253,-0.1257753781773656,physical_onset_snapshot_capacity,road_km,exp150_sum1,2,exclude_2019,soy_share_all_land
dose_100mgy,-0.16875353620969685,0.06677956523620743,-0.30252908047782534,-0.03497799194156834,0.014354661004919752,513,57,2014,2024,0.5422128325439325,0.7654112613493854,-0.12916585700743324,physical_onset_snapshot_capacity,road_km,exp150_sum1,2,exclude_2019_2021,soy_share_all_land
dose_100mgy,-0.7191424965865582,0.10608870552916116,-0.9316637113124352,-0.5066212818606811,8.027819130250772e-09,627,57,2014,2024,0.49403378375029633,0.7099662738142956,-0.5105669186430685,physical_onset_snapshot_capacity,road_km,exp150_sum1,2,cropland_denominator,soy_share_cropland
dose_100mgy,-0.01648323395197471,0.1602251111775623,-0.3374527008447948,0.30448623294084537,0.9184293231296665,627,57,2014,2024,0.23295016805776958,0.7099662738142956,-0.01170254018929277,physical_onset_snapshot_capacity,road_km,exp150_sum1,2,hub_trends,soy_share_all_land
dose_100mgy,-0.375198411181463,0.28503533479909526,-0.9461928001614465,0.19579597779852043,0.19342830549948783,570,57,2014,2023,0.3391627793194871,0.5033999319071655,-0.18887485464042517,physical_onset_snapshot_capacity,road_km,exp150_sum1,2,lead_diagnostic,soy_share_all_land
dose_lead1,0.08152668203891526,0.16185409959857308,-0.24270604078940528,0.40575940486723583,0.6164446925721407,570,57,2014,2023,0.49399218234440795,0.7431321132712297,0.06058509551157071,physical_onset_snapshot_capacity,road_km,exp150_sum1,2,lead_diagnostic,soy_share_all_land
dose_100mgy,-0.1670128073102463,0.05608188701238119,-0.27949882759519906,-0.054526787025293524,0.004367830748559727,594,54,2014,2024,0.5070292543905044,0.7286763668326623,-0.12169828564535377,physical_onset_snapshot_capacity,road_km,exp150_sum1,3,current,soy_share_all_land
dose_lag2,-0.07211217623513744,0.0634740329444448,-0.19942496362013207,0.05520061114985719,0.261030289160995,486,54,2016,2024,0.2921175418440132,0.4255977143537606,-0.030690777382750067,physical_onset_snapshot_capacity,road_km,exp150_sum1,3,lag2,soy_share_all_land
dose_lag3,-0.3258818802338864,0.13368301655214593,-0.5940160553253655,-0.0577477051424074,0.018167672701724962,432,54,2017,2024,0.1688423016318894,0.27448590389426886,-0.08944998245876218,physical_onset_snapshot_capacity,road_km,exp150_sum1,3,lag3,soy_share_all_land
dose_lag1,0.16830877060327157,0.06827441089553915,0.03136764436685727,0.30524989683968584,0.016967663285117972,432,54,2017,2024,0.3303540995316352,0.5756098888466583,0.09688019273886686,physical_onset_snapshot_capacity,road_km,exp150_sum1,3,distributed_1_3,soy_share_all_land
dose_lag2,0.10019583157768137,0.10135629146113818,-0.10309914412076722,0.30349080727613,0.32737475058064985,432,54,2017,2024,0.2889500360772606,0.4506348693544914,0.045151735472873065,physical_onset_snapshot_capacity,road_km,exp150_sum1,3,distributed_1_3,soy_share_all_land
dose_lag3,-0.6754675461024198,0.18511968903504444,-1.0467706210389494,-0.30416447116589024,0.0006025002138285079,432,54,2017,2024,0.1688423016318894,0.27448590389426886,-0.18540631994316642,physical_onset_snapshot_capacity,road_km,exp150_sum1,3,distributed_1_3,soy_share_all_land
dose_100mgy,-0.21445153179903498,0.06423554369398607,-0.3432917163203135,-0.08561134727775643,0.0015464829227480818,540,54,2014,2023,0.3481071457208286,0.5169039524461171,-0.11085084439504535,physical_onset_snapshot_capacity,road_km,exp150_sum1,3,exclude_2024,soy_share_all_land
dose_lag1,-0.09101032320866502,0.0440976019174961,-0.1794589116578044,-0.0025617347595256468,0.04394420012558544,540,54,2015,2024,0.3481071457208286,0.5169039524461171,-0.04704359577995753,physical_onset_snapshot_capacity,road_km,exp150_sum1,3,lag1,soy_share_all_land
dose_100mgy,-0.4890084795246046,0.1823542144065577,-0.8547647147998937,-0.12325224424931547,0.009745838917706655,486,54,2016,2024,0.500613233449615,0.801957493568881,-0.3921640145734814,physical_onset_snapshot_capacity,road_km,exp150_sum1,3,distributed_0_2,soy_share_all_land
dose_lag1,0.3900785305898516,0.16900911861319778,0.05108916775922745,0.7290678934204757,0.0249303863050309,486,54,2016,2024,0.3433892769878723,0.5438995295336804,0.21216352926900964,physical_onset_snapshot_capacity,road_km,exp150_sum1,3,distributed_0_2,soy_share_all_land
dose_lag2,0.2580661192134529,0.11506691232966249,0.0272711206146401,0.4888611178122657,0.02911896352279105,486,54,2016,2024,0.2921175418440131,0.4255977143537606,0.10983235048939066,physical_onset_snapshot_capacity,road_km,exp150_sum1,3,distributed_0_2,soy_share_all_land
dose_100mgy,-0.15711965471023384,0.0579683777280347,-0.273389496193313,-0.04084981322715471,0.009034143028256135,540,54,2014,2024,0.5291837747315725,0.7559386373987113,-0.11877281769021017,physical_onset_snapshot_capacity,road_km,exp150_sum1,3,exclude_2019,soy_share_all_land
dose_100mgy,-0.1505537755615199,0.05216522788263674,-0.25518397248196256,-0.04592357864107721,0.005631332461970686,486,54,2014,2024,0.5564772014905071,0.7855904475208136,-0.11827360791932254,physical_onset_snapshot_capacity,road_km,exp150_sum1,3,exclude_2019_2021,soy_share_all_land
dose_100mgy,-1.2486245399986038,0.08430972027075335,-1.417728423798037,-1.0795206561991706,1.7616567940606505e-20,594,54,2014,2024,0.5070292543905044,0.7286763668326623,-0.9098431933442869,physical_onset_snapshot_capacity,road_km,exp150_sum1,3,cropland_denominator,soy_share_cropland
dose_100mgy,-0.15697897594753482,0.17759174286754995,-0.5131829030056438,0.19922495111057417,0.3807253530488022,594,54,2014,2024,0.23904993191713939,0.7286763668326623,-0.11438686986256157,physical_onset_snapshot_capacity,road_km,exp150_sum1,3,hub_trends,soy_share_all_land
dose_100mgy,-0.27414072605771406,0.23843202634348035,-0.7523748080516743,0.20409335593624622,0.25540265437523435,540,54,2014,2023,0.3481071457208286,0.5169039524461171,-0.14170442482568063,physical_onset_snapshot_capacity,road_km,exp150_sum1,3,lead_diagnostic,soy_share_all_land
dose_lead1,0.047195404652757775,0.15231212013005824,-0.25830402033648064,0.3526948296419962,0.7578826582474796,540,54,2014,2023,0.5069823508350062,0.7626971148105425,0.03599579896097441,physical_onset_snapshot_capacity,road_km,exp150_sum1,3,lead_diagnostic,soy_share_all_land
dose_100mgy,-0.14581563067388875,0.030304774857469095,-0.20674746432429303,-0.08488379702348446,1.526444600224046e-05,539,49,2014,2024,0.5311150520370724,0.7631941732728426,-0.11128563970241667,physical_onset_snapshot_capacity,road_km,exp150_sum1,4,current,soy_share_all_land
dose_lag2,-0.10100781724722145,0.042047745880611116,-0.18555047659452928,-0.016465157899913624,0.020213575030250383,441,49,2016,2024,0.3061328294267604,0.4463271190211773,-0.04508252807056993,physical_onset_snapshot_capacity,road_km,exp150_sum1,4,lag2,soy_share_all_land
dose_lag3,-0.33790610952242145,0.07911050177612808,-0.4969684340865981,-0.17884378495824482,9.137182561462201e-05,392,49,2017,2024,0.1769385866576017,0.2878305464094642,-0.09725970013893483,physical_onset_snapshot_capacity,road_km,exp150_sum1,4,lag3,soy_share_all_land
dose_lag1,0.2166444500952139,0.12848673162648552,-0.04169543840653453,0.4749843385969623,0.0982626009443058,392,49,2017,2024,0.34619522096237715,0.6035066892672908,0.13074637482509535,physical_onset_snapshot_capacity,road_km,exp150_sum1,4,distributed_1_3,soy_share_all_land
dose_lag2,0.02963371519774972,0.09920058216945071,-0.1698224232887065,0.22908985368420592,0.7664391982179042,392,49,2017,2024,0.302810605038459,0.47254753951556466,0.014003339203401625,physical_onset_snapshot_capacity,road_km,exp150_sum1,4,distributed_1_3,soy_share_all_land
dose_lag3,-0.6620413565326094,0.1967442359636865,-1.0576221557234209,-0.2664605573417979,0.0015129011543201648,392,49,2017,2024,0.17693858665760168,0.2878305464094642,-0.1905557253964439,physical_onset_snapshot_capacity,road_km,exp150_sum1,4,distributed_1_3,soy_share_all_land
dose_100mgy,-0.22376279164312196,0.0338707563474959,-0.2918645116224188,-0.15566107166382515,2.953439552811854e-08,490,49,2014,2023,0.3648068259168321,0.542038889329386,-0.12128813505548065,physical_onset_snapshot_capacity,road_km,exp150_sum1,4,exclude_2024,soy_share_all_land
dose_lag1,-0.1079299546162466,0.047502728575248516,-0.2034405917716311,-0.012419317460862125,0.02760137013854757,490,49,2015,2024,0.3648068259168321,0.542038889329386,-0.05850223272556135,physical_onset_snapshot_capacity,road_km,exp150_sum1,4,lag1,soy_share_all_land
dose_100mgy,-0.23559711043013054,0.11362848920724795,-0.46406250028655316,-0.007131720573707895,0.043525213246203634,441,49,2016,2024,0.5243421553267712,0.8398840287746748,-0.19787425027573,physical_onset_snapshot_capacity,road_km,exp150_sum1,4,distributed_0_2,soy_share_all_land
dose_lag1,0.25912338796660117,0.17082928665819672,-0.0843519134085226,0.602598689341725,0.13586198958434628,441,49,2016,2024,0.3598600071482829,0.570308405384669,0.14778024618910524,physical_onset_snapshot_capacity,road_km,exp150_sum1,4,distributed_0_2,soy_share_all_land
dose_lag2,-0.011492193349998202,0.10401951098213219,-0.2206374376017487,0.19765305090175228,0.9124884660162945,441,49,2016,2024,0.30613282942676046,0.4463271190211773,-0.005129277549139029,physical_onset_snapshot_capacity,road_km,exp150_sum1,4,distributed_0_2,soy_share_all_land
dose_100mgy,-0.1431910579179673,0.030164107547009437,-0.20384006098469987,-0.08254205485123473,1.896933759581528e-05,490,49,2014,2024,0.5543251964836762,0.7917683772821259,-0.11337415156901987,physical_onset_snapshot_capacity,road_km,exp150_sum1,4,exclude_2019,soy_share_all_land
dose_100mgy,-0.1420270548949843,0.03405349443059929,-0.21049619441571044,-0.07355791537425817,0.00012646461872425403,441,49,2014,2024,0.5829166923804731,0.8228164753716106,-0.11686220071610123,physical_onset_snapshot_capacity,road_km,exp150_sum1,4,exclude_2019_2021,soy_share_all_land
dose_100mgy,-1.5039860859859646,0.13409560192663963,-1.773603364064209,-1.2343688079077202,5.1876163921943234e-15,539,49,2014,2024,0.5311150520370724,0.7631941732728426,-1.1478334175079166,physical_onset_snapshot_capacity,road_km,exp150_sum1,4,cropland_denominator,soy_share_cropland
dose_100mgy,-0.012469862261939715,0.11095768691097473,-0.2355652441907328,0.21062551966685336,0.9109876708641641,539,49,2014,2024,0.25018502784221053,0.7631941732728426,-0.009516926219827299,physical_onset_snapshot_capacity,road_km,exp150_sum1,4,hub_trends,soy_share_all_land
dose_100mgy,-0.31134835714169273,0.2130693981186603,-0.7397530947851463,0.11705638050176076,0.1504618036511639,490,49,2014,2023,0.3648068259168321,0.542038889329386,-0.16876291769961216,physical_onset_snapshot_capacity,road_km,exp150_sum1,4,lead_diagnostic,soy_share_all_land
dose_lead1,0.0692629536627812,0.16465227375059893,-0.26179263086203297,0.40031853818759533,0.6758793765053475,490,49,2014,2023,0.5310450893408771,0.7987998691170306,0.055327238320488574,physical_onset_snapshot_capacity,road_km,exp150_sum1,4,lead_diagnostic,soy_share_all_land
dose_100mgy,-0.15873232160842615,0.0336247090257985,-0.2266903935266767,-0.0907742496901756,2.87034143882944e-05,451,41,2014,2024,0.5772385785114764,0.8313608995058159,-0.13196384567302763,physical_onset_snapshot_capacity,road_km,exp150_sum1,5,current,soy_share_all_land
dose_lag2,-0.21814596539394301,0.04254812924702236,-0.30413894231867045,-0.13215298846921555,7.891657969674922e-06,369,41,2016,2024,0.33316676772052783,0.48700402550463945,-0.10623796329444601,physical_onset_snapshot_capacity,road_km,exp150_sum1,5,lag2,soy_share_all_land
dose_lag3,-0.4148084958770019,0.06889988145847842,-0.5540603506877522,-0.2755566410662517,4.4235991129690114e-07,328,41,2017,2024,0.19276561840931697,0.31403390518719054,-0.13026393186507954,physical_onset_snapshot_capacity,road_km,exp150_sum1,5,lag3,soy_share_all_land
dose_lag1,0.1502152033962251,0.05252142944816776,0.04406543487482607,0.25636497191762414,0.006700306278928558,328,41,2017,2024,0.3765784145161813,0.6580676387337737,0.0988517642008674,physical_onset_snapshot_capacity,road_km,exp150_sum1,5,distributed_1_3,soy_share_all_land
dose_lag2,-0.08234343143766949,0.08421489966318352,-0.2525480926440417,0.08786122976870274,0.3340612252657467,328,41,2017,2024,0.3295166401008924,0.5155130216032742,-0.04244911114961504,physical_onset_snapshot_capacity,road_km,exp150_sum1,5,distributed_1_3,soy_share_all_land
dose_lag3,-0.5087847684154131,0.15907374547801484,-0.8302848006448726,-0.18728473618595354,0.002702382054536373,328,41,2017,2024,0.19276561840931697,0.31403390518719054,-0.15977566772525253,physical_onset_snapshot_capacity,road_km,exp150_sum1,5,distributed_1_3,soy_share_all_land
dose_100mgy,-0.2287082589805899,0.02297508155739354,-0.2751426309065175,-0.18227388705466233,2.2016263732166407e-12,410,41,2014,2023,0.3969294450866159,0.5913032930870201,-0.13523594669142186,physical_onset_snapshot_capacity,road_km,exp150_sum1,5,exclude_2024,soy_share_all_land
dose_lag1,-0.1779552711144066,0.031344949776520054,-0.2413057777181174,-0.1146047645106958,1.342746690649188e-06,410,41,2015,2024,0.3969294450866159,0.5913032930870201,-0.10522553783214209,physical_onset_snapshot_capacity,road_km,exp150_sum1,5,lag1,soy_share_all_land
dose_100mgy,-0.024020605253692182,0.0685462422848326,-0.16255772863353857,0.11451651812615421,0.7278553495376747,369,41,2016,2024,0.5696924908929514,0.9145914615324987,-0.02196904046586955,physical_onset_snapshot_capacity,road_km,exp150_sum1,5,distributed_0_2,soy_share_all_land
dose_lag1,0.06013501793609762,0.05851030753801672,-0.05811872470823957,0.17838876058043482,0.3102341548479022,369,41,2016,2024,0.3915088080901082,0.6220209913626092,0.03740524347221973,physical_onset_snapshot_capacity,road_km,exp150_sum1,5,distributed_0_2,soy_share_all_land
dose_lag2,-0.24198312138675027,0.0612216836995378,-0.36571675966500083,-0.11824948310849973,0.00030665900158019337,369,41,2016,2024,0.33316676772052783,0.48700402550463945,-0.11784675421952519,physical_onset_snapshot_capacity,road_km,exp150_sum1,5,distributed_0_2,soy_share_all_land
dose_100mgy,-0.16459851107551376,0.029764679946814424,-0.224755173216363,-0.10444184893466452,2.1608876986866887e-06,410,41,2014,2024,0.6024783446867472,0.8624910230671706,-0.14196473821285288,physical_onset_snapshot_capacity,road_km,exp150_sum1,5,exclude_2019,soy_share_all_land
dose_100mgy,-0.16695517258126616,0.03367189663507747,-0.23500861421535785,-0.09890173094717448,1.3521901605692208e-05,369,41,2014,2024,0.6335646554373675,0.896313022203105,-0.14964409530875564,physical_onset_snapshot_capacity,road_km,exp150_sum1,5,exclude_2019_2021,soy_share_all_land
dose_100mgy,-0.9894044465918789,0.39001332533140054,-1.7776507803106867,-0.20115811287307117,0.01519013378240791,451,41,2014,2024,0.5772385785114764,0.8313608995058159,-0.8225521706936785,physical_onset_snapshot_capacity,road_km,exp150_sum1,5,cropland_denominator,soy_share_cropland
dose_100mgy,0.034252904387914916,0.07723146957104116,-0.1218377181193041,0.19034352689513395,0.6597868950336969,451,41,2014,2024,0.2714094639435883,0.8313608995058159,0.028476525402623656,physical_onset_snapshot_capacity,road_km,exp150_sum1,5,hub_trends,soy_share_all_land
dose_100mgy,-0.1726173944042577,0.11745649830380864,-0.4100058325576358,0.06477104374912043,0.14948455433127303,410,41,2014,2023,0.39692944508661593,0.5913032930870201,-0.10206923375533854,physical_onset_snapshot_capacity,road_km,exp150_sum1,5,lead_diagnostic,soy_share_all_land
dose_lead1,-0.04439576478086693,0.0894323415501835,-0.22514526938540794,0.13635373982367407,0.6223171343377589,410,41,2014,2023,0.577088562647541,0.8700153369885278,-0.03862499625668936,physical_onset_snapshot_capacity,road_km,exp150_sum1,5,lead_diagnostic,soy_share_all_land
dose_100mgy,-0.1672646957227384,0.029843303139027964,-0.22798135248550863,-0.10654803895996814,3.093677664429771e-06,374,34,2014,2024,0.6268935218715969,0.9097908156285519,-0.1521758839474517,physical_onset_snapshot_capacity,road_km,exp150_sum1,6,current,soy_share_all_land
dose_lag2,-0.39232045606177757,0.02843897656307317,-0.45017998892315314,-0.334460923200402,2.9552383283934696e-15,306,34,2016,2024,0.3634713531884351,0.5334593754805685,-0.2092870254789677,physical_onset_snapshot_capacity,road_km,exp150_sum1,6,lag2,soy_share_all_land
dose_lag3,-0.5665953824911049,0.06985547751395745,-0.7087174201038795,-0.42447334487833016,2.3148489756769073e-09,272,34,2017,2024,0.2106162771850309,0.3439498761205938,-0.19488041161831599,physical_onset_snapshot_capacity,road_km,exp150_sum1,6,lag3,soy_share_all_land
dose_lag1,0.15105178179636403,0.04650826091859768,0.05643001349971183,0.24567355009301622,0.0026722678749981714,272,34,2017,2024,0.4104638365341502,0.7200997092755652,0.10877234415711785,physical_onset_snapshot_capacity,road_km,exp150_sum1,6,distributed_1_3,soy_share_all_land
dose_lag2,-0.360810040390908,0.07593908222164773,-0.5153092648451134,-0.20631081593670264,3.831495676768989e-05,272,34,2017,2024,0.35942965522016407,0.5645177326704179,-0.20368366592619733,physical_onset_snapshot_capacity,road_km,exp150_sum1,6,distributed_1_3,soy_share_all_land
dose_lag3,-0.3087320736553192,0.2001859820032615,-0.7160135163758726,0.09854936906523426,0.13255467832097104,272,34,2017,2024,0.21061627718503087,0.3439498761205938,-0.10618835848820107,physical_onset_snapshot_capacity,road_km,exp150_sum1,6,distributed_1_3,soy_share_all_land
dose_100mgy,-0.1792128604618599,0.023061227004397177,-0.22613127958025775,-0.13229444134346208,5.928494870643886e-09,340,34,2014,2023,0.4328373366397932,0.6474898428827077,-0.1160385068630103,physical_onset_snapshot_capacity,road_km,exp150_sum1,6,exclude_2024,soy_share_all_land
dose_lag1,-0.29276625598525013,0.022735868476670338,-0.3390227282018321,-0.24650978376866814,2.0300429655093352e-14,340,34,2015,2024,0.4328373366397932,0.6474898428827077,-0.1895631770892482,physical_onset_snapshot_capacity,road_km,exp150_sum1,6,lag1,soy_share_all_land
dose_100mgy,0.15795760544684387,0.09972919663397026,-0.04494297070730169,0.3608581816009894,0.12276224349971004,306,34,2016,2024,0.6181682979269126,1.0001489847298755,0.15798113871802313,physical_onset_snapshot_capacity,road_km,exp150_sum1,6,distributed_0_2,soy_share_all_land
dose_lag1,-0.026638792687833115,0.07586336457193525,-0.18098396842541156,0.12770638304974533,0.7277140339037284,306,34,2016,2024,0.426857393059101,0.6809182436678312,-0.01813883993043079,physical_onset_snapshot_capacity,road_km,exp150_sum1,6,distributed_0_2,soy_share_all_land
dose_lag2,-0.5941196725842769,0.07432780171930159,-0.7453407222079772,-0.4428986229605766,3.201516727087378e-09,306,34,2016,2024,0.3634713531884351,0.5334593754805685,-0.3169387094975282,physical_onset_snapshot_capacity,road_km,exp150_sum1,6,distributed_0_2,soy_share_all_land
dose_100mgy,-0.17663537293597317,0.02896015842515935,-0.2355552582685162,-0.11771548760343015,7.206021023020704e-07,340,34,2014,2024,0.65434758349012,0.943806808840572,-0.16670966765906517,physical_onset_snapshot_capacity,road_km,exp150_sum1,6,exclude_2019,soy_share_all_land
dose_100mgy,-0.17936474305052766,0.0324878499698476,-0.24546177079542164,-0.11326771530563369,3.962419444446894e-06,306,34,2014,2024,0.6881312367259187,0.9808624481400648,-0.17593214097855425,physical_onset_snapshot_capacity,road_km,exp150_sum1,6,exclude_2019_2021,soy_share_all_land
dose_100mgy,-1.0118415412371713,0.6829233176446798,-2.401259477970126,0.3775763954957836,0.14792461012079178,374,34,2014,2024,0.6268935218715969,0.9097908156285519,-0.9205641410890171,physical_onset_snapshot_capacity,road_km,exp150_sum1,6,cropland_denominator,soy_share_cropland
dose_100mgy,-0.016498201425953405,0.07508764718481009,-0.16926516827292828,0.13626876542102148,0.8274433183661832,374,34,2014,2024,0.29346935326554136,0.9097908156285519,-0.015009912131722286,physical_onset_snapshot_capacity,road_km,exp150_sum1,6,hub_trends,soy_share_all_land
dose_100mgy,-0.07386444364942514,0.05854265175013073,-0.1929703641883154,0.045241476889465115,0.2158951569401138,340,34,2014,2023,0.4328373366397932,0.6474898428827077,-0.047826477013184904,physical_onset_snapshot_capacity,road_km,exp150_sum1,6,lead_diagnostic,soy_share_all_land
dose_lead1,-0.08373007256785317,0.045634114624067974,-0.17657337685607602,0.00911323172036968,0.07556188236163573,340,34,2014,2023,0.6265187532270038,0.9517837926809997,-0.07969292603008662,physical_onset_snapshot_capacity,road_km,exp150_sum1,6,lead_diagnostic,soy_share_all_land
dose_100mgy,-0.07686496985371809,0.04698288545474454,-0.17098299908562775,0.01725305937819159,0.10744406125772966,627,57,2014,2024,0.961707790523142,1.3466693695125889,-0.10351170049051069,physical_onset_snapshot_capacity,road_km,exp_150mi,1,current,soy_share_all_land
dose_lag2,-0.040034000970811,0.07335002903492949,-0.18697176586225542,0.10690376392063342,0.5873753049668448,513,57,2016,2024,0.43905508338689053,0.6396261319749974,-0.025606793188443132,physical_onset_snapshot_capacity,road_km,exp_150mi,1,lag2,soy_share_all_land
dose_lag3,-0.08158602532266454,0.07780731689723569,-0.23745281075550712,0.07428076011017803,0.29888286863971025,456,57,2017,2024,0.25535598664026465,0.40733750925903184,-0.033233048345278474,physical_onset_snapshot_capacity,road_km,exp_150mi,1,lag3,soy_share_all_land
dose_lag1,0.14249863054662215,0.08161266170368842,-0.020991176551762802,0.3059884376450071,0.08628872267207509,456,57,2017,2024,0.5108060718952235,0.8744532667584728,0.12460839299010244,physical_onset_snapshot_capacity,road_km,exp_150mi,1,distributed_1_3,soy_share_all_land
dose_lag2,-0.04380218571301955,0.16782899867563422,-0.3800040696635156,0.2923996982374765,0.7950553716434997,456,57,2017,2024,0.4366605085385739,0.6765127583964384,-0.02963273748050792,physical_onset_snapshot_capacity,road_km,exp_150mi,1,distributed_1_3,soy_share_all_land
dose_lag3,-0.21688501732803725,0.1956696937527788,-0.6088585152980968,0.1750884806420223,0.27241654334026877,456,57,2017,2024,0.25535598664026465,0.40733750925903184,-0.08834540275400465,physical_onset_snapshot_capacity,road_km,exp_150mi,1,distributed_1_3,soy_share_all_land
dose_100mgy,-0.15258650311398333,0.06454800103555844,-0.2818916871086486,-0.023281319119318078,0.021576554269155616,570,57,2014,2023,0.5302037400722001,0.7876185322136963,-0.12017995761825614,physical_onset_snapshot_capacity,road_km,exp_150mi,1,exclude_2024,soy_share_all_land
dose_lag1,-0.040997303081018316,0.06263366482648344,-0.16646761083209968,0.08447300467006305,0.5154325006686251,570,57,2015,2024,0.5302037400722001,0.7876185322136963,-0.03229023567739169,physical_onset_snapshot_capacity,road_km,exp_150mi,1,lag1,soy_share_all_land
dose_100mgy,-0.1386234732358525,0.08067454786316615,-0.3002340124899885,0.022987066018283486,0.09126588241661786,513,57,2016,2024,0.9851775713860778,1.4779976142510773,-0.20488516272178806,physical_onset_snapshot_capacity,road_km,exp_150mi,1,distributed_0_2,soy_share_all_land
dose_lag1,0.18120432358586347,0.11259005285930282,-0.04434065483912619,0.40674930201085313,0.1131487081747007,513,57,2016,2024,0.5259363346680411,0.8276593814062592,0.14997545836721538,physical_onset_snapshot_capacity,road_km,exp_150mi,1,distributed_0_2,soy_share_all_land
dose_lag2,0.02978599166180214,0.12067397454017251,-0.21195302784228282,0.27152501116588706,0.805942200164702,513,57,2016,2024,0.43905508338689053,0.6396261319749974,0.019051898633678028,physical_onset_snapshot_capacity,road_km,exp_150mi,1,distributed_0_2,soy_share_all_land
dose_100mgy,-0.07179968392798226,0.04772420263839981,-0.16740274992777182,0.02380338207180728,0.13807964531347164,570,57,2014,2024,1.0003964675685266,1.4011572583201728,-0.1006026482807866,physical_onset_snapshot_capacity,road_km,exp_150mi,1,exclude_2019,soy_share_all_land
dose_100mgy,-0.06763638570725383,0.054211862307193937,-0.17623579572559886,0.040963024311091195,0.21735843396581922,513,57,2014,2024,1.0509728238500011,1.462627171459138,-0.09892681551471993,physical_onset_snapshot_capacity,road_km,exp_150mi,1,exclude_2019_2021,soy_share_all_land
dose_100mgy,-0.17701694973201013,0.08990376666288671,-0.3571158358889026,0.0030819364248823866,0.05391370658173111,627,57,2014,2024,0.961707790523142,1.3466693695125889,-0.23838330408864772,physical_onset_snapshot_capacity,road_km,exp_150mi,1,cropland_denominator,soy_share_cropland
dose_100mgy,-0.034390701699401775,0.08366078998408244,-0.20198340276649593,0.13320199936769236,0.6825878045456001,627,57,2014,2024,0.5670264856999381,1.3466693695125889,-0.04631290457462891,physical_onset_snapshot_capacity,road_km,exp_150mi,1,hub_trends,soy_share_all_land
dose_100mgy,-0.32161974260889764,0.15414622892743088,-0.6304117450531729,-0.012827740164622403,0.0415029584561704,570,57,2014,2023,0.5302037400722002,0.7876185322136963,-0.25331366960456675,physical_onset_snapshot_capacity,road_km,exp_150mi,1,lead_diagnostic,soy_share_all_land
dose_lead1,0.11328784548614293,0.09775092383545458,-0.08253078544603668,0.30910647641832256,0.2513972129036019,570,57,2014,2023,0.9760309150248193,1.4077976859662331,0.15948636672349217,physical_onset_snapshot_capacity,road_km,exp_150mi,1,lead_diagnostic,soy_share_all_land
dose_100mgy,-0.09522058215933014,0.03204217096610603,-0.1594087637589188,-0.03103240055974149,0.004357845371275795,627,57,2014,2024,0.961707790523142,1.3466693695125889,-0.1282306413411268,physical_onset_snapshot_capacity,road_km,exp_150mi,2,current,soy_share_all_land
dose_lag2,-0.05164253589426583,0.05996480381093714,-0.17176647258605915,0.06848140079752749,0.3927927208551151,513,57,2016,2024,0.43905508338689053,0.6396261319749974,-0.03303191547942922,physical_onset_snapshot_capacity,road_km,exp_150mi,2,lag2,soy_share_all_land
dose_lag3,-0.10175087966066303,0.07293832877380142,-0.2478639098250554,0.04436215050372934,0.16851648379316853,456,57,2017,2024,0.25535598664026465,0.40733750925903184,-0.04144694988588996,physical_onset_snapshot_capacity,road_km,exp_150mi,2,lag3,soy_share_all_land
dose_lag1,0.1232976913934223,0.05563748058888864,0.011842424783652494,0.2347529580031921,0.030765830114203384,456,57,2017,2024,0.5108060718952235,0.8744532667584728,0.10781806902275616,physical_onset_snapshot_capacity,road_km,exp_150mi,2,distributed_1_3,soy_share_all_land
dose_lag2,-0.021705159836582517,0.12615072323608126,-0.27441542533520885,0.23100510566204382,0.8640127283058511,456,57,2017,2024,0.4366605085385739,0.6765127583964384,-0.014683817552482027,physical_onset_snapshot_capacity,road_km,exp_150mi,2,distributed_1_3,soy_share_all_land
dose_lag3,-0.239018689004825,0.15044695694848786,-0.5404001591907887,0.062362781181138666,0.11775328694147041,456,57,2017,2024,0.25535598664026465,0.40733750925903184,-0.09736127744558455,physical_onset_snapshot_capacity,road_km,exp_150mi,2,distributed_1_3,soy_share_all_land
dose_100mgy,-0.21077092223319197,0.0833023436225938,-0.37764556895342916,-0.04389627551295475,0.014239140509052626,570,57,2014,2023,0.5302037400722001,0.7876185322136963,-0.1660070844026338,physical_onset_snapshot_capacity,road_km,exp_150mi,2,exclude_2024,soy_share_all_land
dose_lag1,-0.058495406811649706,0.04351687665071811,-0.1456701860754484,0.028679372452149007,0.1843039406647134,570,57,2015,2024,0.5302037400722001,0.7876185322136963,-0.04607206645423459,physical_onset_snapshot_capacity,road_km,exp_150mi,2,lag1,soy_share_all_land
dose_100mgy,-0.16759985169521607,0.09557699645160432,-0.35906358277224837,0.02386387938181625,0.08497804807473971,513,57,2016,2024,0.9851775713860778,1.4779976142510773,-0.24771218095436373,physical_onset_snapshot_capacity,road_km,exp_150mi,2,distributed_0_2,soy_share_all_land
dose_lag1,0.1783114178874193,0.10876981125585797,-0.03958069700171296,0.39620353277655157,0.1067476199992762,513,57,2016,2024,0.5259363346680411,0.8276593814062592,0.14758111782637442,physical_onset_snapshot_capacity,road_km,exp_150mi,2,distributed_0_2,soy_share_all_land
dose_lag2,0.07340603103481452,0.09929732303535621,-0.1255104097422018,0.27232247181183084,0.46283981420457043,513,57,2016,2024,0.43905508338689053,0.6396261319749974,0.04695241569443503,physical_onset_snapshot_capacity,road_km,exp_150mi,2,distributed_0_2,soy_share_all_land
dose_100mgy,-0.0943259054815691,0.03562068408424335,-0.16568271027234172,-0.02296910069079651,0.01049669927403717,570,57,2014,2024,1.0003964675685266,1.4011572583201728,-0.13216542711312312,physical_onset_snapshot_capacity,road_km,exp_150mi,2,exclude_2019,soy_share_all_land
dose_100mgy,-0.08915386861650382,0.03623785562562436,-0.16174701656948495,-0.016560720663522682,0.01699546213499821,513,57,2014,2024,1.0509728238500011,1.462627171459138,-0.1303988706791966,physical_onset_snapshot_capacity,road_km,exp_150mi,2,exclude_2019_2021,soy_share_all_land
dose_100mgy,-0.3721821730373516,0.06464114582243966,-0.5016739484618458,-0.24269039761285752,3.7551442149601974e-07,627,57,2014,2024,0.961707790523142,1.3466693695125889,-0.5012063323080356,physical_onset_snapshot_capacity,road_km,exp_150mi,2,cropland_denominator,soy_share_cropland
dose_100mgy,-0.030348225811788657,0.09349184399343864,-0.21763489457961777,0.15693844295604048,0.7466870637147945,627,57,2014,2024,0.5670264856999381,1.3466693695125889,-0.04086902611978711,physical_onset_snapshot_capacity,road_km,exp_150mi,2,hub_trends,soy_share_all_land
dose_100mgy,-0.3805414375332971,0.21746693935184624,-0.8161800654461362,0.055097190379541916,0.08561655700419923,570,57,2014,2023,0.5302037400722002,0.7876185322136963,-0.29972148847646546,physical_onset_snapshot_capacity,road_km,exp_150mi,2,lead_diagnostic,soy_share_all_land
dose_lead1,0.11378197544394712,0.09861729719696062,-0.08377220988372648,0.31133616077162074,0.25349374328429986,570,57,2014,2023,0.9760309150248193,1.4077976859662331,0.16018200173465552,physical_onset_snapshot_capacity,road_km,exp_150mi,2,lead_diagnostic,soy_share_all_land
dose_100mgy,-0.09212600022333467,0.029862071991163103,-0.15202173153150395,-0.03223026891516538,0.003231050725270259,594,54,2014,2024,0.9869796397110447,1.3794775427364887,-0.1270857484102269,physical_onset_snapshot_capacity,road_km,exp_150mi,3,current,soy_share_all_land
dose_lag2,-0.05822331628766648,0.05323155514161481,-0.1649922948375027,0.04854566226216973,0.2790002485847164,486,54,2016,2024,0.45063995358897235,0.6564629234590643,-0.038221448423683295,physical_onset_snapshot_capacity,road_km,exp_150mi,3,lag2,soy_share_all_land
dose_lag3,-0.20875196368089083,0.08703466581073217,-0.3833213960845959,-0.03418253127718576,0.020014627695229947,432,54,2017,2024,0.2621377753150252,0.4180926072536594,-0.08727765276466486,physical_onset_snapshot_capacity,road_km,exp_150mi,3,lag3,soy_share_all_land
dose_lag1,0.13647208522297843,0.07584007257800997,-0.01564383663498156,0.28858800708093846,0.07763779289324847,432,54,2017,2024,0.5242397034871298,0.8973680854839254,0.12246569383854326,physical_onset_snapshot_capacity,road_km,exp_150mi,3,distributed_1_3,soy_share_all_land
dose_lag2,-0.010454125013314015,0.12428792975948617,-0.25974414239475196,0.23883589236812391,0.9332841730428499,432,54,2017,2024,0.448174257698476,0.6943123794893661,-0.0072584284134733544,physical_onset_snapshot_capacity,road_km,exp_150mi,3,distributed_1_3,soy_share_all_land
dose_lag3,-0.37766826939020653,0.1488652916035099,-0.6762542318657732,-0.07908230691463985,0.014160795521351797,432,54,2017,2024,0.2621377753150252,0.4180926072536594,-0.15790031142632885,physical_onset_snapshot_capacity,road_km,exp_150mi,3,distributed_1_3,soy_share_all_land
dose_100mgy,-0.1603186636967498,0.0544233469342748,-0.2694780738619665,-0.05115925353153311,0.004777480779142327,540,54,2014,2023,0.5441698124358245,0.8082655473398986,-0.1295800524616546,physical_onset_snapshot_capacity,road_km,exp_150mi,3,exclude_2024,soy_share_all_land
dose_lag1,-0.04803900689332901,0.04206282021360718,-0.13240634008854713,0.0363283263018891,0.2585552499704721,540,54,2015,2024,0.5441698124358245,0.8082655473398986,-0.038828274200301736,physical_onset_snapshot_capacity,road_km,exp_150mi,3,lag1,soy_share_all_land
dose_100mgy,-0.20506921139372203,0.10916159455847284,-0.4240196425218918,0.013881219734447725,0.06580629106124071,486,54,2016,2024,1.0110485062262913,1.514100388210605,-0.31049537258127713,physical_onset_snapshot_capacity,road_km,exp_150mi,3,distributed_0_2,soy_share_all_land
dose_lag1,0.2336493123590441,0.13113779003505058,-0.02937978483859413,0.4966784095566823,0.08052650166999985,486,54,2016,2024,0.5397817548583504,0.8493525255222124,0.1984506335386824,physical_onset_snapshot_capacity,road_km,exp_150mi,3,distributed_0_2,soy_share_all_land
dose_lag2,0.07934092727478337,0.10099313949179577,-0.12322565781546488,0.28190751236503164,0.43559581901496885,486,54,2016,2024,0.4506399535889724,0.6564629234590643,0.0520843770687573,physical_onset_snapshot_capacity,road_km,exp_150mi,3,distributed_0_2,soy_share_all_land
dose_100mgy,-0.09145943128373756,0.03306451657214782,-0.15777845298544435,-0.025140409582030773,0.007792206729142357,540,54,2014,2024,1.0266836635475187,1.4353410701890204,-0.13127547797767902,physical_onset_snapshot_capacity,road_km,exp_150mi,3,exclude_2019,soy_share_all_land
dose_100mgy,-0.08332636016421359,0.03298812800567408,-0.1494921658046276,-0.01716055452379958,0.014562635364249255,486,54,2014,2024,1.0785935349389235,1.4982646030623803,-0.12484493593606841,physical_onset_snapshot_capacity,road_km,exp_150mi,3,exclude_2019_2021,soy_share_all_land
dose_100mgy,-0.6567871126656101,0.12993168740367042,-0.9173970743404152,-0.39617715099080497,5.472793225845561e-06,594,54,2014,2024,0.9869796397110447,1.3794775427364887,-0.9060230722809491,physical_onset_snapshot_capacity,road_km,exp_150mi,3,cropland_denominator,soy_share_cropland
dose_100mgy,-0.08618044728751789,0.0953076627169831,-0.2773434101052129,0.1049825155301771,0.36996317082103686,594,54,2014,2024,0.5818762612141138,1.3794775427364887,-0.11888399165611667,physical_onset_snapshot_capacity,road_km,exp_150mi,3,hub_trends,soy_share_all_land
dose_100mgy,-0.2802849905711197,0.177280840418221,-0.6358653262865527,0.07529534514431324,0.11982298327686858,540,54,2014,2023,0.5441698124358245,0.8082655473398986,-0.2265447013151244,physical_onset_snapshot_capacity,road_km,exp_150mi,3,lead_diagnostic,soy_share_all_land
dose_lead1,0.08040511230877727,0.09081141895440455,-0.10173952758815284,0.26254975220570737,0.3799364469029909,540,54,2014,2023,1.0016719312006228,1.442135584290742,0.11595507361938123,physical_onset_snapshot_capacity,road_km,exp_150mi,3,lead_diagnostic,soy_share_all_land
dose_100mgy,-0.059882167025114785,0.03153951375095034,-0.12329660961134295,0.0035322755611133794,0.06363229501946385,539,49,2014,2024,1.0321093881060401,1.437214071753505,-0.08606349309558868,physical_onset_snapshot_capacity,road_km,exp_150mi,4,current,soy_share_all_land
dose_lag2,-0.045118786943447654,0.04614611729447042,-0.13790177430511455,0.04766420041821925,0.33310644523712696,441,49,2016,2024,0.47217121396368783,0.6874317714173978,-0.031016087632738377,physical_onset_snapshot_capacity,road_km,exp_150mi,4,lag2,soy_share_all_land
dose_lag3,-0.20643085684510173,0.05432077225752586,-0.3156500896070733,-0.09721162408313014,0.0004074790524291154,392,49,2017,2024,0.2745367353915712,0.4378964602285542,-0.09039534149441746,physical_onset_snapshot_capacity,road_km,exp_150mi,4,lag3,soy_share_all_land
dose_lag1,0.21793572577137776,0.1448947871538339,-0.07339476947868567,0.5092662210214411,0.1391084661288057,392,49,2017,2024,0.5492233661203416,0.9395353533631213,0.20475831912305972,physical_onset_snapshot_capacity,road_km,exp_150mi,4,distributed_1_3,soy_share_all_land
dose_lag2,-0.030162733209758184,0.10611886262338839,-0.24352900683989384,0.18320354042037748,0.7774526144829867,392,49,2017,2024,0.4695663600621479,0.7270692997240188,-0.021930397312581288,physical_onset_snapshot_capacity,road_km,exp_150mi,4,distributed_1_3,soy_share_all_land
dose_lag3,-0.45973334699737806,0.15018736651560116,-0.7617052862696955,-0.15776140772506064,0.0036063134708711284,392,49,2017,2024,0.2745367353915712,0.4378964602285542,-0.20131560529917747,physical_onset_snapshot_capacity,road_km,exp_150mi,4,distributed_1_3,soy_share_all_land
dose_100mgy,-0.1265662168503442,0.03566043031485558,-0.19826631751322965,-0.054866116187458736,0.0008762337341579787,490,49,2014,2023,0.5701580488942688,0.8461980575382858,-0.10710008684873071,physical_onset_snapshot_capacity,road_km,exp_150mi,4,exclude_2024,soy_share_all_land
dose_lag1,-0.027227083942424766,0.07323303019550348,-0.17447195985964895,0.12001779197479942,0.7116877560243766,490,49,2015,2024,0.5701580488942688,0.8461980575382858,-0.02303950554451169,physical_onset_snapshot_capacity,road_km,exp_150mi,4,lag1,soy_share_all_land
dose_100mgy,-0.10582313474528873,0.06998085494721153,-0.2465290740704119,0.03488280457983445,0.13704647513160734,441,49,2016,2024,1.0570071978127527,1.5777470996875,-0.16696214392421882,physical_onset_snapshot_capacity,road_km,exp_150mi,4,distributed_0_2,soy_share_all_land
dose_lag1,0.224188368548802,0.17393694923837558,-0.1255353072249976,0.5739120443226016,0.20360816579804977,441,49,2016,2024,0.565540185607649,0.889235512645938,0.19935625883575045,physical_onset_snapshot_capacity,road_km,exp_150mi,4,distributed_0_2,soy_share_all_land
dose_lag2,-0.07761350937447986,0.09628199333851786,-0.2712014317142486,0.1159744129652889,0.42415744676504397,441,49,2016,2024,0.4721712139636878,0.6874317714173978,-0.0533539922352195,physical_onset_snapshot_capacity,road_km,exp_150mi,4,distributed_0_2,soy_share_all_land
dose_100mgy,-0.061269441801114766,0.031555105356652485,-0.12471523341169484,0.0021763498094653083,0.058059690091431866,490,49,2014,2024,1.0736540805222659,1.4955006605843564,-0.09162849068720191,physical_onset_snapshot_capacity,road_km,exp_150mi,4,exclude_2019,soy_share_all_land
dose_100mgy,-0.057363609159122975,0.03646422071905845,-0.13067983874654354,0.015952620428297606,0.1222536580679753,441,49,2014,2024,1.1279346752575696,1.5609436732536868,-0.08954136279193024,physical_onset_snapshot_capacity,road_km,exp_150mi,4,exclude_2019_2021,soy_share_all_land
dose_100mgy,-0.783639137466131,0.15568342117874034,-1.0966616352739589,-0.4706166396583032,7.190615262909438e-06,539,49,2014,2024,1.0321093881060401,1.437214071753505,-1.1262571955431027,physical_onset_snapshot_capacity,road_km,exp_150mi,4,cropland_denominator,soy_share_cropland
dose_100mgy,-0.03381861332602342,0.05959573824802166,-0.1536438760537716,0.08600664940172478,0.5730416413900342,539,49,2014,2024,0.6075192705091895,1.437214071753505,-0.048604586959351465,physical_onset_snapshot_capacity,road_km,exp_150mi,4,hub_trends,soy_share_all_land
dose_100mgy,-0.26310596182609003,0.10311552608053035,-0.4704336226143123,-0.05577830103786774,0.013964466214081967,490,49,2014,2023,0.5701580488942688,0.8461980575382858,-0.22263975382397977,physical_onset_snapshot_capacity,road_km,exp_150mi,4,lead_diagnostic,soy_share_all_land
dose_lead1,0.09160956628011853,0.07950082727208424,-0.06823756029301449,0.25145669285325156,0.25490065356481995,490,49,2014,2023,1.0473624634897822,1.5026119053469598,0.1376536249361775,physical_onset_snapshot_capacity,road_km,exp_150mi,4,lead_diagnostic,soy_share_all_land
dose_100mgy,-0.055256063620942625,0.043026079621734936,-0.14221501428578934,0.03170288704390409,0.20644460718592178,451,41,2014,2024,1.1179647245643427,1.5563517368763642,-0.08599787058940493,physical_onset_snapshot_capacity,road_km,exp_150mi,5,current,soy_share_all_land
dose_lag2,-0.10586662493970259,0.0675442140817332,-0.24237857377787195,0.030645323898466775,0.12490664490735146,369,41,2016,2024,0.5129013043894185,0.7491030332109745,-0.0793050098581398,physical_onset_snapshot_capacity,road_km,exp_150mi,5,lag2,soy_share_all_land
dose_lag3,-0.24952257544600898,0.06427573132375244,-0.3794286742183831,-0.11961647667363487,0.0003786447724622148,328,41,2017,2024,0.2989144390572453,0.47726247431622365,-0.11908776175511884,physical_onset_snapshot_capacity,road_km,exp_150mi,5,lag3,soy_share_all_land
dose_lag1,0.11981924692925626,0.05291908756721771,0.01286578136968991,0.2267727124888226,0.029054560297741557,328,41,2017,2024,0.5959083264265799,1.022890465225632,0.12256196523445183,physical_onset_snapshot_capacity,road_km,exp_150mi,5,distributed_1_3,soy_share_all_land
dose_lag2,-0.027443243703183063,0.08320491562200057,-0.19560665101931837,0.14072016361295223,0.743251664202692,328,41,2017,2024,0.509950751348454,0.7921525895475137,-0.021739236565059963,physical_onset_snapshot_capacity,road_km,exp_150mi,5,distributed_1_3,soy_share_all_land
dose_lag3,-0.37472699584683367,0.12445675625005141,-0.626263483061159,-0.12319050863250836,0.00449710133463626,328,41,2017,2024,0.2989144390572453,0.47726247431622365,-0.1788431332309451,physical_onset_snapshot_capacity,road_km,exp_150mi,5,distributed_1_3,soy_share_all_land
dose_100mgy,-0.12013566482257118,0.037630905716813046,-0.19619056228175766,-0.044080767363384704,0.0027469917076272925,410,41,2014,2023,0.6189816338887935,0.9216647998652946,-0.11072481347537919,physical_onset_snapshot_capacity,road_km,exp_150mi,5,exclude_2024,soy_share_all_land
dose_lag1,-0.07601166692549194,0.060021730014471,-0.19732010834134667,0.045296774490362776,0.21269437707300656,410,41,2015,2024,0.6189816338887935,0.9216647998652946,-0.07005727778431096,physical_onset_snapshot_capacity,road_km,exp_150mi,5,lag1,soy_share_all_land
dose_100mgy,-0.0026160811824147536,0.036704487987988296,-0.0767986185687301,0.07156645620390059,0.9435347442176459,369,41,2016,2024,1.1444278015918938,1.7082509739657905,-0.00446892322783358,physical_onset_snapshot_capacity,road_km,exp_150mi,5,distributed_0_2,soy_share_all_land
dose_lag1,0.05878602223771049,0.0570415356710411,-0.056499221732308084,0.17407126620772906,0.30892801646414175,369,41,2016,2024,0.6138356299343295,0.9683588373449237,0.05692596414624216,physical_onset_snapshot_capacity,road_km,exp_150mi,5,distributed_0_2,soy_share_all_land
dose_lag2,-0.15972244240852482,0.06140630076020683,-0.28382920568472425,-0.03561567913232541,0.012963308090639537,369,41,2016,2024,0.5129013043894185,0.7491030332109745,-0.11964856608009113,physical_onset_snapshot_capacity,road_km,exp_150mi,5,distributed_0_2,soy_share_all_land
dose_100mgy,-0.0614843464148426,0.041403134656181256,-0.1451632029499873,0.022194510120302102,0.1453783015977385,410,41,2014,2024,1.1629955156611722,1.619449914032412,-0.09957081951585588,physical_onset_snapshot_capacity,road_km,exp_150mi,5,exclude_2019,soy_share_all_land
dose_100mgy,-0.059978616560998246,0.04521946839961683,-0.15137057130619602,0.031413338184199516,0.19223449546351956,369,41,2014,2024,1.2218229288708649,1.6901644740454431,-0.1013737269137929,physical_onset_snapshot_capacity,road_km,exp_150mi,5,exclude_2019_2021,soy_share_all_land
dose_100mgy,-0.602640614654883,0.2775398837970361,-1.1635696436255354,-0.04171158568423061,0.03589288268733604,451,41,2014,2024,1.1179647245643427,1.5563517368763642,-0.9379207673303668,physical_onset_snapshot_capacity,road_km,exp_150mi,5,cropland_denominator,soy_share_cropland
dose_100mgy,-0.013213051359377047,0.04474479417452329,-0.10364565370982555,0.07721955099107146,0.7692936238966843,451,41,2014,2024,0.6566464844999619,1.5563517368763642,-0.020564155432603072,physical_onset_snapshot_capacity,road_km,exp_150mi,5,hub_trends,soy_share_all_land
dose_100mgy,-0.1608674082393637,0.04520286917118715,-0.2522258146924842,-0.06950900178624327,0.0009777014286891947,410,41,2014,2023,0.6189816338887936,0.9216647998652946,-0.1482658276197818,physical_onset_snapshot_capacity,road_km,exp_150mi,5,lead_diagnostic,soy_share_all_land
dose_lead1,0.027368310325330967,0.04043215399861143,-0.054348121098335964,0.10908474174899789,0.5023687862854239,410,41,2014,2023,1.1342798918418908,1.6270505269018383,0.044529623735242774,physical_onset_snapshot_capacity,road_km,exp_150mi,5,lead_diagnostic,soy_share_all_land
dose_100mgy,-0.061161266208607824,0.04147645634476282,-0.14554575112601745,0.023223218708801792,0.14979677897952903,374,34,2014,2024,1.2038529180172093,1.7001945018944868,-0.10398604853678009,physical_onset_snapshot_capacity,road_km,exp_150mi,6,current,soy_share_all_land
dose_lag2,-0.2198767476317327,0.06558851635162907,-0.3533175874861281,-0.08643590777733728,0.002021451376304096,306,34,2016,2024,0.5569656533997027,0.8195348998297136,-0.18019666834525527,physical_onset_snapshot_capacity,road_km,exp_150mi,6,lag2,soy_share_all_land
dose_lag3,-0.36842619106919294,0.04743469106945996,-0.46493279567979273,-0.27191958645859315,5.9975914173225134e-09,272,34,2017,2024,0.3259395022022908,0.5223188600944678,-0.19243594814820747,physical_onset_snapshot_capacity,road_km,exp_150mi,6,lag3,soy_share_all_land
dose_lag1,0.11628445002686198,0.04335557725946979,0.028076864862724024,0.20449203519099995,0.011338498156019857,272,34,2017,2024,0.6455634659081105,1.1170407185375044,0.12989446561274443,physical_onset_snapshot_capacity,road_km,exp_150mi,6,distributed_1_3,soy_share_all_land
dose_lag2,-0.17968666191007934,0.11915944181468821,-0.4221183691175868,0.06274504529742816,0.14108185190326075,272,34,2017,2024,0.5535278266139129,0.8662526879016094,-0.15565405385967396,physical_onset_snapshot_capacity,road_km,exp_150mi,6,distributed_1_3,soy_share_all_land
dose_lag3,-0.29863355527254765,0.21504332598476272,-0.7361424916029322,0.13887538105783692,0.1742223404588396,272,34,2017,2024,0.3259395022022908,0.5223188600944678,-0.15598193817591532,physical_onset_snapshot_capacity,road_km,exp_150mi,6,distributed_1_3,soy_share_all_land
dose_100mgy,-0.0871639851786435,0.036345999447574044,-0.1611104770558181,-0.013217493301468902,0.0222903278442318,340,34,2014,2023,0.6712896228815011,1.0075751278424667,-0.0878242635096306,physical_onset_snapshot_capacity,road_km,exp_150mi,6,exclude_2024,soy_share_all_land
dose_lag1,-0.15274537683868866,0.05751456378027687,-0.2697596366757876,-0.03573111700158972,0.012090743279137965,340,34,2015,2024,0.6712896228815011,1.0075751278424667,-0.1539024425955875,physical_onset_snapshot_capacity,road_km,exp_150mi,6,lag1,soy_share_all_land
dose_100mgy,0.058597398753522816,0.05803966744394361,-0.05948519252005279,0.17667999002709842,0.32002828404904154,306,34,2016,2024,1.2311827667717805,1.8642570108404586,0.10924061144326885,physical_onset_snapshot_capacity,road_km,exp_150mi,6,distributed_0_2,soy_share_all_land
dose_lag1,0.02583714934273063,0.05662378969497681,-0.0893648169912539,0.14103911567671515,0.6511668894504015,306,34,2016,2024,0.6654392211619344,1.058123305336158,0.027338889862994077,physical_onset_snapshot_capacity,road_km,exp_150mi,6,distributed_0_2,soy_share_all_land
dose_lag2,-0.34950578919761566,0.08928860712407813,-0.5311648262794966,-0.16784675211573474,0.00042878910519137867,306,34,2016,2024,0.5569656533997027,0.8195348998297136,-0.28643219193997294,physical_onset_snapshot_capacity,road_km,exp_150mi,6,distributed_0_2,soy_share_all_land
dose_100mgy,-0.06562211508585873,0.04302454991318053,-0.15315622005009713,0.021911989878379667,0.1367308078838646,340,34,2014,2024,1.252437073767721,1.7687816668490688,-0.11607119410372663,physical_onset_snapshot_capacity,road_km,exp_150mi,6,exclude_2019,soy_share_all_land
dose_100mgy,-0.06445386706128926,0.047093747841549446,-0.16026681745914337,0.03135908333656484,0.18036090925565185,306,34,2014,2024,1.3158557999469085,1.8460126449820538,-0.11898265361313226,physical_onset_snapshot_capacity,road_km,exp_150mi,6,exclude_2019_2021,soy_share_all_land
dose_100mgy,-0.8357177272616599,0.4158283978338072,-1.68172696376839,0.010291509245070163,0.052690326263208284,374,34,2014,2024,1.2038529180172093,1.7001945018944868,-1.4208826850260305,physical_onset_snapshot_capacity,road_km,exp_150mi,6,cropland_denominator,soy_share_cropland
dose_100mgy,-0.03882098996450019,0.03799751177391889,-0.11612750893354952,0.03848552900454914,0.3143680074275723,374,34,2014,2024,0.7049627513354277,1.7001945018944868,-0.06600323369574428,physical_onset_snapshot_capacity,road_km,exp_150mi,6,hub_trends,soy_share_all_land
dose_100mgy,-0.07167769857444299,0.027772719082791403,-0.12818172040014525,-0.015173676748740726,0.01448963509390686,340,34,2014,2023,0.6712896228815011,1.0075751278424667,-0.0722206663045982,physical_onset_snapshot_capacity,road_km,exp_150mi,6,lead_diagnostic,soy_share_all_land
dose_lead1,-0.010500275851380737,0.024899209744450645,-0.0611580989708652,0.040157547268103735,0.675970375920302,340,34,2014,2023,1.2209450746354351,1.7766307180052228,-0.01865511262509146,physical_onset_snapshot_capacity,road_km,exp_150mi,6,lead_diagnostic,soy_share_all_land
dose_100mgy,-0.041766462154843656,0.052959039981383134,-0.1478561674766428,0.06432324316695548,0.4336392282950058,627,57,2014,2024,1.0461326443885177,2.0354014452718303,-0.08501151743385998,physical_onset_snapshot_capacity,road_km,exp_300mi,1,current,soy_share_all_land
dose_lag2,0.0003901924923884694,0.08958926696670622,-0.17907867506704997,0.17985906005182692,0.9965404239801484,513,57,2016,2024,0.4337681864773692,0.7860329818882332,0.00030670416830251037,physical_onset_snapshot_capacity,road_km,exp_300mi,1,lag2,soy_share_all_land
dose_lag3,-0.06021805239340386,0.1585289164914332,-0.3777896330238767,0.25735352823706903,0.7054896405914649,456,57,2017,2024,0.26186119278833997,0.47056214863330575,-0.0283363361207531,physical_onset_snapshot_capacity,road_km,exp_300mi,1,lag3,soy_share_all_land
dose_lag1,0.19582444994397702,0.1130346761039182,-0.030611215869172426,0.42226011575712646,0.0887021876819228,456,57,2017,2024,0.5038792237039934,1.0491817917478141,0.20545544726025194,physical_onset_snapshot_capacity,road_km,exp_300mi,1,distributed_1_3,soy_share_all_land
dose_lag2,-0.06734806865827467,0.1963993316863491,-0.46078320704687825,0.32608706973032886,0.7329471315531834,456,57,2017,2024,0.4314942527222564,0.819308152950317,-0.05517882173718215,physical_onset_snapshot_capacity,road_km,exp_300mi,1,distributed_1_3,soy_share_all_land
dose_lag3,-0.2163425196099246,0.25833447962545436,-0.7338486682780107,0.3011636290581615,0.4058989278695873,456,57,2017,2024,0.26186119278833997,0.47056214863330575,-0.1018026008683892,physical_onset_snapshot_capacity,road_km,exp_300mi,1,distributed_1_3,soy_share_all_land
dose_100mgy,-0.08757583351542136,0.07337014101700867,-0.23455388754830353,0.0594022205174608,0.2376599973594221,570,57,2014,2023,0.5221868642586169,0.9784290311444048,-0.08568673793815743,physical_onset_snapshot_capacity,road_km,exp_300mi,1,exclude_2024,soy_share_all_land
dose_lag1,0.016317295346391588,0.08219568849443142,-0.14834045475938895,0.18097504545217213,0.8433590263826932,570,57,2015,2024,0.5221868642586169,0.9784290311444048,0.015965315476667026,physical_onset_snapshot_capacity,road_km,exp_300mi,1,lag1,soy_share_all_land
dose_100mgy,-0.08296326578433888,0.08927886667368147,-0.2618103268376478,0.09588379526897009,0.35674286931280585,513,57,2016,2024,1.0848446398821694,2.18793871271907,-0.18151854094315648,physical_onset_snapshot_capacity,road_km,exp_300mi,1,distributed_0_2,soy_share_all_land
dose_lag1,0.22073023439217077,0.14217867843268053,-0.06408788359615258,0.5055483523804941,0.1261799944439242,513,57,2016,2024,0.5182898370077796,1.0128309870578327,0.2235624211729291,physical_onset_snapshot_capacity,road_km,exp_300mi,1,distributed_0_2,soy_share_all_land
dose_lag2,-0.06017054843856146,0.17008639182898894,-0.40089453427230604,0.2805534373951831,0.7248437484619166,513,57,2016,2024,0.43376818647736926,0.7860329818882332,-0.047296035611012845,physical_onset_snapshot_capacity,road_km,exp_300mi,1,distributed_0_2,soy_share_all_land
dose_100mgy,-0.041946193933718665,0.04942324290749292,-0.14095284658351775,0.05706045871608044,0.39965395360156697,570,57,2014,2024,1.086671836112414,2.1153072609324135,-0.08872908859647424,physical_onset_snapshot_capacity,road_km,exp_300mi,1,exclude_2019,soy_share_all_land
dose_100mgy,-0.03796829836973364,0.05462585951579172,-0.1473970444538311,0.07146044771436383,0.48989125889958296,513,57,2014,2024,1.1412460187431968,2.2159081910631384,-0.08413426335822197,physical_onset_snapshot_capacity,road_km,exp_300mi,1,exclude_2019_2021,soy_share_all_land
dose_100mgy,-0.06931185917117254,0.12539243507475648,-0.3205030909484128,0.18187937260606768,0.582627951918368,627,57,2014,2024,1.0461326443885177,2.0354014452718303,-0.14107745833148216,physical_onset_snapshot_capacity,road_km,exp_300mi,1,cropland_denominator,soy_share_cropland
dose_100mgy,-0.005909366869552679,0.0907510776415517,-0.18770562088043374,0.17588688714132839,0.9483133698417407,627,57,2014,2024,0.6672772026472331,2.0354014452718303,-0.012027933866928995,physical_onset_snapshot_capacity,road_km,exp_300mi,1,hub_trends,soy_share_all_land
dose_100mgy,-0.20073638945130143,0.09715893412979801,-0.395369122499971,-0.00610365640263183,0.043460314112506934,570,57,2014,2023,0.5221868642586169,0.9784290311444048,-0.19640631104626277,physical_onset_snapshot_capacity,road_km,exp_300mi,1,lead_diagnostic,soy_share_all_land
dose_lead1,0.07189651397840724,0.06336035697746815,-0.05502953307959382,0.1988225610364083,0.26132478631369754,570,57,2014,2023,1.0671212067414362,2.1083683941466207,0.15158433772139454,physical_onset_snapshot_capacity,road_km,exp_300mi,1,lead_diagnostic,soy_share_all_land
dose_100mgy,-0.05922989701506219,0.038184138884674756,-0.135721918842985,0.017262124812860644,0.12649577857129116,627,57,2014,2024,1.0461326443885177,2.0354014452718303,-0.12055661798775925,physical_onset_snapshot_capacity,road_km,exp_300mi,2,current,soy_share_all_land
dose_lag2,-0.025576601264660086,0.10608563881444473,-0.23809167262274403,0.18693847009342388,0.8103628964090155,513,57,2016,2024,0.4337681864773692,0.7860329818882332,-0.020104052158627126,physical_onset_snapshot_capacity,road_km,exp_300mi,2,lag2,soy_share_all_land
dose_lag3,-0.11440935868175793,0.1671342303312513,-0.4492194543946196,0.2204007370311037,0.49646031853271155,456,57,2017,2024,0.26186119278833997,0.47056214863330575,-0.053836713645046566,physical_onset_snapshot_capacity,road_km,exp_300mi,2,lag3,soy_share_all_land
dose_lag1,0.22861859040650495,0.11607709099060057,-0.003911764791275557,0.46114894560428543,0.053845285658004165,456,57,2017,2024,0.5038792237039934,1.0491817917478141,0.2398624623095565,physical_onset_snapshot_capacity,road_km,exp_300mi,2,distributed_1_3,soy_share_all_land
dose_lag2,-0.03565805167486178,0.17145691681500327,-0.3791275289667887,0.3078114256170651,0.8360061962102481,456,57,2017,2024,0.4314942527222564,0.819308152950317,-0.029214932455537964,physical_onset_snapshot_capacity,road_km,exp_300mi,2,distributed_1_3,soy_share_all_land
dose_lag3,-0.3469922248440235,0.1845113910491985,-0.7166129564850406,0.022628506796993686,0.06523025626588627,456,57,2017,2024,0.26186119278833997,0.47056214863330575,-0.16328140688165482,physical_onset_snapshot_capacity,road_km,exp_300mi,2,distributed_1_3,soy_share_all_land
dose_100mgy,-0.19450511647835242,0.0632753996995041,-0.3212609736577734,-0.06774925929893141,0.0032616230912431697,570,57,2014,2023,0.5221868642586169,0.9784290311444048,-0.19030945266854396,physical_onset_snapshot_capacity,road_km,exp_300mi,2,exclude_2024,soy_share_all_land
dose_lag1,-0.010667170716072687,0.07345566465836749,-0.15781654918974897,0.1364822077576036,0.8850592578446064,570,57,2015,2024,0.5221868642586169,0.9784290311444048,-0.010437069508778967,physical_onset_snapshot_capacity,road_km,exp_300mi,2,lag1,soy_share_all_land
dose_100mgy,-0.07683557287202177,0.08144058197488543,-0.2399806628507803,0.08630951710673677,0.3495006153897005,513,57,2016,2024,1.0848446398821694,2.18793871271907,-0.16811152440064359,physical_onset_snapshot_capacity,road_km,exp_300mi,2,distributed_0_2,soy_share_all_land
dose_lag1,0.2148917274320538,0.12725280332739664,-0.040026269780927076,0.4698097246450347,0.09683868338352476,513,57,2016,2024,0.5182898370077796,1.0128309870578327,0.21764900040556978,physical_onset_snapshot_capacity,road_km,exp_300mi,2,distributed_0_2,soy_share_all_land
dose_lag2,-0.09197797726356825,0.19088241951813983,-0.47436141255450776,0.2904054580273712,0.6317856113285618,513,57,2016,2024,0.43376818647736926,0.7860329818882332,-0.07229772373653068,physical_onset_snapshot_capacity,road_km,exp_300mi,2,distributed_0_2,soy_share_all_land
dose_100mgy,-0.06662712604082106,0.03541296277280483,-0.13756781504234755,0.004313562960705411,0.06511486626543576,570,57,2014,2024,1.086671836112414,2.1153072609324135,-0.14093684348920787,physical_onset_snapshot_capacity,road_km,exp_300mi,2,exclude_2019,soy_share_all_land
dose_100mgy,-0.06189519755628717,0.03815637225190362,-0.13833159613481755,0.014541201022243225,0.11038936832439937,513,57,2014,2024,1.1412460187431968,2.2159081910631384,-0.13715407525244788,physical_onset_snapshot_capacity,road_km,exp_300mi,2,exclude_2019_2021,soy_share_all_land
dose_100mgy,-0.27568238210874285,0.10134936779460768,-0.4787095625043901,-0.07265520171309561,0.00867610462195158,627,57,2014,2024,1.0461326443885177,2.0354014452718303,-0.5611243189801162,physical_onset_snapshot_capacity,road_km,exp_300mi,2,cropland_denominator,soy_share_cropland
dose_100mgy,0.02154226431677096,0.09536609904515188,-0.16949898848815645,0.21258351712169835,0.8221092653054451,627,57,2014,2024,0.6672772026472331,2.0354014452718303,0.04384715592478339,physical_onset_snapshot_capacity,road_km,exp_300mi,2,hub_trends,soy_share_all_land
dose_100mgy,-0.3346437901666641,0.15632275519876532,-0.6477958986633187,-0.021491681670009588,0.036664390273447076,570,57,2014,2023,0.5221868642586169,0.9784290311444048,-0.3274251993912607,physical_onset_snapshot_capacity,road_km,exp_300mi,2,lead_diagnostic,soy_share_all_land
dose_lead1,0.08903705030802612,0.06682606172057093,-0.04483163761086263,0.2229057382269149,0.1881351994937253,570,57,2014,2023,1.0671212067414362,2.1083683941466207,0.1877229027774849,physical_onset_snapshot_capacity,road_km,exp_300mi,2,lead_diagnostic,soy_share_all_land
dose_100mgy,-0.06720189167099035,0.04075874973657427,-0.14895359072928743,0.014549807387306726,0.10511020699900685,594,54,2014,2024,1.0726344164374833,2.052522985376239,-0.13793342731547173,physical_onset_snapshot_capacity,road_km,exp_300mi,3,current,soy_share_all_land
dose_lag2,-0.020920016190150055,0.08137745915164427,-0.18414252899270397,0.14230249661240388,0.7981171832559896,486,54,2016,2024,0.4449737289849341,0.8001745368009673,-0.016739664264822058,physical_onset_snapshot_capacity,road_km,exp_300mi,3,lag2,soy_share_all_land
dose_lag3,-0.28706885180016206,0.1622987709821108,-0.6125989617425427,0.03846125814221857,0.08268698210863602,432,54,2017,2024,0.2682447356822089,0.48004539976105876,-0.13780608172135692,physical_onset_snapshot_capacity,road_km,exp_300mi,3,lag3,soy_share_all_land
dose_lag1,0.1786590078233624,0.10332644620260689,-0.028587597857943597,0.38590561350466834,0.08961741381907033,432,54,2017,2024,0.5170712986637088,1.0680235732785963,0.1908120319339162,physical_onset_snapshot_capacity,road_km,exp_300mi,3,distributed_1_3,soy_share_all_land
dose_lag2,0.0873163625308356,0.1273543552078313,-0.1681241254135614,0.34275685047523263,0.49594255108324947,432,54,2017,2024,0.4426472694134832,0.8342029115253109,0.07283956384702263,physical_onset_snapshot_capacity,road_km,exp_300mi,3,distributed_1_3,soy_share_all_land
dose_lag3,-0.6051994480838458,0.2526198597658931,-1.1118907201470476,-0.09850817602064421,0.020152683847426925,432,54,2017,2024,0.26824473568220897,0.48004539976105876,-0.2905232109905819,physical_onset_snapshot_capacity,road_km,exp_300mi,3,distributed_1_3,soy_share_all_land
dose_100mgy,-0.14088460133265956,0.05396517986379608,-0.24912504473107705,-0.03264415793424209,0.011724878307354308,540,54,2014,2023,0.5358269644041989,0.9954205058042987,-0.14023942111859297,physical_onset_snapshot_capacity,road_km,exp_300mi,3,exclude_2024,soy_share_all_land
dose_lag1,-0.00671090072530594,0.07519584146631526,-0.1575346586109251,0.14411285716031322,0.929223094400145,540,54,2015,2024,0.5358269644041989,0.9954205058042987,-0.006680168194386474,physical_onset_snapshot_capacity,road_km,exp_300mi,3,lag1,soy_share_all_land
dose_100mgy,-0.15226286906031145,0.0825997566004065,-0.3179370000758075,0.013411261955184578,0.07086784040377603,486,54,2016,2024,1.1121561616504296,2.2069916905556286,-0.3360428867962671,physical_onset_snapshot_capacity,road_km,exp_300mi,3,distributed_0_2,soy_share_all_land
dose_lag1,0.24226031653389155,0.13305695438250342,-0.02461813686800704,0.5091387699357901,0.07429595317045695,486,54,2016,2024,0.531839738253013,1.030674511947097,0.24969153350771792,physical_onset_snapshot_capacity,road_km,exp_300mi,3,distributed_0_2,soy_share_all_land
dose_lag2,0.028991218392463696,0.10534811480118975,-0.18231034098430973,0.2402927777692371,0.7842368628571499,486,54,2016,2024,0.4449737289849341,0.8001745368009673,0.02319803474848532,physical_onset_snapshot_capacity,road_km,exp_300mi,3,distributed_0_2,soy_share_all_land
dose_100mgy,-0.08316022903816757,0.03536519022524743,-0.15409381770611225,-0.012226640370222905,0.02244934136207817,540,54,2014,2024,1.1142382652931617,2.1333872852008953,-0.17741297526442096,physical_onset_snapshot_capacity,road_km,exp_300mi,3,exclude_2019,soy_share_all_land
dose_100mgy,-0.07638348317487909,0.03714076226697868,-0.1508784183549246,-0.001888547994833581,0.044662839341065526,486,54,2014,2024,1.170187859201424,2.2346694088454835,-0.17069183319196599,physical_onset_snapshot_capacity,road_km,exp_300mi,3,exclude_2019_2021,soy_share_all_land
dose_100mgy,-0.5401200376465429,0.16052764624386212,-0.8620977212379729,-0.21814235405511295,0.0014308245420260554,594,54,2014,2024,1.0726344164374833,2.052522985376239,-1.1086087921318089,physical_onset_snapshot_capacity,road_km,exp_300mi,3,cropland_denominator,soy_share_cropland
dose_100mgy,-0.034816764755536245,0.08905570986990645,-0.2134398981872911,0.1438063686762186,0.6973978010559727,594,54,2014,2024,0.6832534527669296,2.052522985376239,-0.07146220993717547,physical_onset_snapshot_capacity,road_km,exp_300mi,3,hub_trends,soy_share_all_land
dose_100mgy,-0.15934881491082728,0.12941006468597574,-0.41891253390854943,0.1002149040868949,0.22362877294528835,540,54,2014,2023,0.535826964404199,0.9954205058042987,-0.15861907793785127,physical_onset_snapshot_capacity,road_km,exp_300mi,3,lead_diagnostic,soy_share_all_land
dose_lead1,0.011718478341580676,0.06565226963535051,-0.11996329856305253,0.1434002552462139,0.859016268253255,540,54,2014,2023,1.094084304590204,2.1263764566592096,0.024917896453408007,physical_onset_snapshot_capacity,road_km,exp_300mi,3,lead_diagnostic,soy_share_all_land
dose_100mgy,-0.03363125589415176,0.04032031181831982,-0.11470067627431269,0.04743816448600916,0.40835538077026917,539,49,2014,2024,1.115421157642841,2.0776861565459583,-0.06987519479853377,physical_onset_snapshot_capacity,road_km,exp_300mi,4,current,soy_share_all_land
dose_lag2,-0.01783165801443957,0.07524046669139364,-0.1691127555240239,0.1334494394951448,0.8136687910945487,441,49,2016,2024,0.4653344077686735,0.8250820771207444,-0.01471258143306057,physical_onset_snapshot_capacity,road_km,exp_300mi,4,lag2,soy_share_all_land
dose_lag3,-0.2618558885126333,0.08587903438708862,-0.4345272600025203,-0.08918451702274632,0.003728241960135825,392,49,2017,2024,0.27935732565388877,0.4972078297263695,-0.1301967980284366,physical_onset_snapshot_capacity,road_km,exp_300mi,4,lag3,soy_share_all_land
dose_lag1,0.23370384378776696,0.14451485632940192,-0.05686274934120075,0.5242704369167347,0.11239735946661718,392,49,2017,2024,0.5409832794217974,1.100997703057797,0.2573073952061096,physical_onset_snapshot_capacity,road_km,exp_300mi,4,distributed_1_3,soy_share_all_land
dose_lag2,0.06174183436820432,0.13425379071760565,-0.20819350359142305,0.33167717232783167,0.6476723313411705,392,49,2017,2024,0.46288275004228796,0.8604263986608841,0.05312430419215084,physical_onset_snapshot_capacity,road_km,exp_300mi,4,distributed_1_3,soy_share_all_land
dose_lag3,-0.61981676097037,0.2494309264188296,-1.121331251254481,-0.11830227068625887,0.016496425160550242,392,49,2017,2024,0.2793573256538887,0.4972078297263695,-0.3081777465501056,physical_onset_snapshot_capacity,road_km,exp_300mi,4,distributed_1_3,soy_share_all_land
dose_100mgy,-0.09944690939473977,0.06477885988673288,-0.229693536642275,0.03079971785279545,0.1313066310637204,490,49,2014,2023,0.560645644258952,1.0251030477851681,-0.1019433299133632,physical_onset_snapshot_capacity,road_km,exp_300mi,4,exclude_2024,soy_share_all_land
dose_lag1,0.003648873924986774,0.09513355519112361,-0.18762995875864952,0.19492770660862307,0.969563499613064,490,49,2015,2024,0.560645644258952,1.0251030477851681,0.003740471781487771,physical_onset_snapshot_capacity,road_km,exp_300mi,4,lag1,soy_share_all_land
dose_100mgy,-0.08148267185669375,0.062009090333644226,-0.2061603041701796,0.04319496045679211,0.19507684742760573,441,49,2016,2024,1.1556529808278957,2.2351230569919447,-0.18212379861220485,physical_onset_snapshot_capacity,road_km,exp_300mi,4,distributed_0_2,soy_share_all_land
dose_lag1,0.22365050590409252,0.1710600224631483,-0.1202887209002953,0.5675897327084803,0.19729188953362706,441,49,2016,2024,0.556459154014105,1.0618700278245756,0.23748776892735915,physical_onset_snapshot_capacity,road_km,exp_300mi,4,distributed_0_2,soy_share_all_land
dose_lag2,-0.08409065899851492,0.10880809840135344,-0.30286400355527376,0.13468268555824392,0.4434094050880996,441,49,2016,2024,0.4653344077686735,0.8250820771207444,-0.06938169559294691,physical_onset_snapshot_capacity,road_km,exp_300mi,4,distributed_0_2,soy_share_all_land
dose_100mgy,-0.047784347056964466,0.03598647502850952,-0.12014000455366217,0.024571310439733235,0.19051053951816427,490,49,2014,2024,1.1588240471606297,2.160063522284823,-0.10321722501394708,physical_onset_snapshot_capacity,road_km,exp_300mi,4,exclude_2019,soy_share_all_land
dose_100mgy,-0.04360633854048017,0.03987683611316163,-0.12378409125368812,0.03657141417272779,0.27962075913306317,441,49,2014,2024,1.2169791613892904,2.262279638422198,-0.09864973178627344,physical_onset_snapshot_capacity,road_km,exp_300mi,4,exclude_2019_2021,soy_share_all_land
dose_100mgy,-0.6626300166934859,0.22104985035598113,-1.1070805289868568,-0.21817950440011502,0.004299433486937033,539,49,2014,2024,1.115421157642841,2.0776861565459583,-1.3767372125958728,physical_onset_snapshot_capacity,road_km,exp_300mi,4,cropland_denominator,soy_share_cropland
dose_100mgy,-0.025176067320263305,0.06276922584327023,-0.15138205450990763,0.10102991986938101,0.6901343231417465,539,49,2014,2024,0.7070965850052668,2.0776861565459583,-0.05230796654758017,physical_onset_snapshot_capacity,road_km,exp_300mi,4,hub_trends,soy_share_all_land
dose_100mgy,-0.18545962340421132,0.09213166202180803,-0.37070274534294695,-0.0002165014654756936,0.049743333748324785,490,49,2014,2023,0.560645644258952,1.0251030477851681,-0.19011522519274654,physical_onset_snapshot_capacity,road_km,exp_300mi,4,lead_diagnostic,soy_share_all_land
dose_lead1,0.05468945528393937,0.060854145425116676,-0.06766600465331986,0.17704491522119858,0.37330014682981927,490,49,2014,2023,1.137370050178923,2.152897224374359,0.1177407764833387,physical_onset_snapshot_capacity,road_km,exp_300mi,4,lead_diagnostic,soy_share_all_land
dose_100mgy,-0.03283075461051981,0.04595977209205361,-0.1257189189298544,0.060057409708814784,0.4791671153794976,451,41,2014,2024,1.1899056997031723,2.1506349705277694,-0.0706069689741997,physical_onset_snapshot_capacity,road_km,exp_300mi,5,current,soy_share_all_land
dose_lag2,-0.08692394311441871,0.09042850875007133,-0.26968677673128333,0.09583889050244591,0.34220406324200975,369,41,2016,2024,0.503517710945981,0.8796580209772631,-0.07646334377556976,physical_onset_snapshot_capacity,road_km,exp_300mi,5,lag2,soy_share_all_land
dose_lag3,-0.2909954205163132,0.07039276119681695,-0.4332644978269063,-0.14872634320572015,0.00017727771525309302,328,41,2017,2024,0.3025123926891479,0.5326617266229172,-0.15500212313158127,physical_onset_snapshot_capacity,road_km,exp_300mi,5,lag3,soy_share_all_land
dose_lag1,0.15779990727627421,0.06800628572825426,0.02035407680476281,0.2952457377477856,0.025505386150350893,328,41,2017,2024,0.5844058505430015,1.174081577103139,0.18526996400165713,physical_onset_snapshot_capacity,road_km,exp_300mi,5,distributed_1_3,soy_share_all_land
dose_lag2,0.023627159177562574,0.11928493097340039,-0.21745667924715942,0.26471099760228456,0.8439909492667395,328,41,2017,2024,0.500610220700755,0.9181099694394933,0.02169233039045402,physical_onset_snapshot_capacity,road_km,exp_300mi,5,distributed_1_3,soy_share_all_land
dose_lag3,-0.5113349600628903,0.2217507449962074,-0.9595099335568069,-0.06315998656897365,0.026380509222010053,328,41,2017,2024,0.3025123926891479,0.5326617266229172,-0.27236856270975957,physical_onset_snapshot_capacity,road_km,exp_300mi,5,distributed_1_3,soy_share_all_land
dose_100mgy,-0.11454872835230799,0.05331555732817038,-0.2223034891887364,-0.006793967515879573,0.03778169207052722,410,41,2014,2023,0.6063304495735372,1.0909303072680996,-0.12496467941855342,physical_onset_snapshot_capacity,road_km,exp_300mi,5,exclude_2024,soy_share_all_land
dose_lag1,-0.06174524454665747,0.07646108877841787,-0.21627886939274094,0.09278838029942599,0.4241327956532983,410,41,2015,2024,0.6063304495735372,1.0909303072680996,-0.06735975860562898,physical_onset_snapshot_capacity,road_km,exp_300mi,5,lag1,soy_share_all_land
dose_100mgy,0.012303672107535397,0.044762601589889074,-0.07816492037187385,0.10277226458694465,0.7848347336520889,369,41,2016,2024,1.2307428280446073,2.315420600824045,0.028488175863571656,physical_onset_snapshot_capacity,road_km,exp_300mi,5,distributed_0_2,soy_share_all_land
dose_lag1,0.08066304691790299,0.07735466519600676,-0.07567656323512742,0.2370026570709334,0.3033168645129468,369,41,2016,2024,0.6015494093677607,1.131035771574916,0.09123279150837406,physical_onset_snapshot_capacity,road_km,exp_300mi,5,distributed_0_2,soy_share_all_land
dose_lag2,-0.18980022373779742,0.07536739109326325,-0.34212340310797995,-0.0374770443676149,0.015894077362069867,369,41,2016,2024,0.503517710945981,0.8796580209772631,-0.16695928919423264,physical_onset_snapshot_capacity,road_km,exp_300mi,5,distributed_0_2,soy_share_all_land
dose_100mgy,-0.04794747391272839,0.04110485786974312,-0.13102349057530333,0.03512854274984655,0.2503332308166362,410,41,2014,2024,1.23633639948273,2.2361023683758963,-0.10721545997389345,physical_onset_snapshot_capacity,road_km,exp_300mi,5,exclude_2019,soy_share_all_land
dose_100mgy,-0.04505607719901206,0.04490888641527894,-0.135820322338992,0.045708167940967895,0.32175786183374133,369,41,2014,2024,1.298364454258155,2.341173822287825,-0.10548410847330637,physical_onset_snapshot_capacity,road_km,exp_300mi,5,exclude_2019_2021,soy_share_all_land
dose_100mgy,-0.6910032334052473,0.41379029531484496,-1.5273046160136454,0.14529814920315087,0.1027407172017215,451,41,2014,2024,1.1899056997031723,2.1506349705277694,-1.4860957185090873,physical_onset_snapshot_capacity,road_km,exp_300mi,5,cropland_denominator,soy_share_cropland
dose_100mgy,-0.008914652414199828,0.04902320345292147,-0.1079942424668769,0.09016493763847726,0.8566223338721616,451,41,2014,2024,0.7473228705376422,2.1506349705277694,-0.019172163232077953,physical_onset_snapshot_capacity,road_km,exp_300mi,5,hub_trends,soy_share_all_land
dose_100mgy,-0.14613069372404347,0.051377664417661645,-0.24996882688999367,-0.04229256055809326,0.006982480294071066,410,41,2014,2023,0.6063304495735372,1.0909303072680996,-0.1594184026056713,physical_onset_snapshot_capacity,road_km,exp_300mi,5,lead_diagnostic,soy_share_all_land
dose_lead1,0.020210866119575475,0.030627152588044843,-0.04168891825127703,0.08211065049042798,0.5130998784779409,410,41,2014,2023,1.2124642367673364,2.2292536017186437,0.04505514609091694,physical_onset_snapshot_capacity,road_km,exp_300mi,5,lead_diagnostic,soy_share_all_land
dose_100mgy,-0.04286744228057559,0.04598885521348597,-0.13643247172459555,0.050697587163444364,0.3580409901092395,374,34,2014,2024,1.2662905461874834,2.305623675588377,-0.0988361898340133,physical_onset_snapshot_capacity,road_km,exp_300mi,6,current,soy_share_all_land
dose_lag2,-0.22722677686162535,0.08380882634408045,-0.3977371161199321,-0.05671643760331857,0.010557073223884014,306,34,2016,2024,0.5421899160139555,0.9491428381410816,-0.21567066789209333,physical_onset_snapshot_capacity,road_km,exp_300mi,6,lag2,soy_share_all_land
dose_lag3,-0.4108468811400649,0.07658390688767094,-0.5666580112414672,-0.2550357510386626,6.288376955865344e-06,272,34,2017,2024,0.32773814681103114,0.5768405920842743,-0.2369931581728125,physical_onset_snapshot_capacity,road_km,exp_300mi,6,lag3,soy_share_all_land
dose_lag1,0.14869243197501547,0.06152516237904706,0.023518547936789702,0.27386631601324124,0.021349313089448686,272,34,2017,2024,0.6269577248049102,1.2650739190322005,0.1881069176490617,physical_onset_snapshot_capacity,road_km,exp_300mi,6,distributed_1_3,soy_share_all_land
dose_lag2,-0.16040533923051295,0.14636011483206912,-0.45817723179279934,0.13736655333177347,0.2810288316884036,272,34,2017,2024,0.5386917828439105,0.9906832238548701,-0.15891087859241862,physical_onset_snapshot_capacity,road_km,exp_300mi,6,distributed_1_3,soy_share_all_land
dose_lag3,-0.40050103397755893,0.27135869414274033,-0.9525844483068402,0.1515823803517224,0.14944703613556268,272,34,2017,2024,0.32773814681103114,0.5768405920842743,-0.23102525356997916,physical_onset_snapshot_capacity,road_km,exp_300mi,6,distributed_1_3,soy_share_all_land
dose_100mgy,-0.09958377775300421,0.038284268282363206,-0.17747370722512668,-0.021693848280881764,0.013799412162097773,340,34,2014,2023,0.6516072123958273,1.1754460985802606,-0.11705536304165255,physical_onset_snapshot_capacity,road_km,exp_300mi,6,exclude_2024,soy_share_all_land
dose_lag1,-0.15867921114904432,0.0705540839131502,-0.3022225741678727,-0.015135848130215956,0.031304516608382134,340,34,2015,2024,0.6516072123958273,1.1754460985802606,-0.18651885967093754,physical_onset_snapshot_capacity,road_km,exp_300mi,6,lag1,soy_share_all_land
dose_100mgy,0.07943517309133963,0.056765279438104804,-0.03605465628947098,0.19492500247215022,0.17103459216599395,306,34,2016,2024,1.3083844734273038,2.481749148890425,0.1971381732113957,physical_onset_snapshot_capacity,road_km,exp_300mi,6,distributed_0_2,soy_share_all_land
dose_lag1,0.03255578805565448,0.06462824704156317,-0.09893136919774073,0.1640429453090497,0.6177910386270778,306,34,2016,2024,0.6460519185695072,1.2186742572536706,0.03967490082803265,physical_onset_snapshot_capacity,road_km,exp_300mi,6,distributed_0_2,soy_share_all_land
dose_lag2,-0.4055058690395002,0.08438706071165183,-0.5771926349641419,-0.23381910311485848,3.270222712213755e-05,306,34,2016,2024,0.5421899160139556,0.9491428381410816,-0.38488299142301696,physical_onset_snapshot_capacity,road_km,exp_300mi,6,distributed_0_2,soy_share_all_land
dose_100mgy,-0.0500332041340105,0.045865248138700236,-0.14334675309350592,0.04328034482548492,0.2832296217678269,340,34,2014,2024,1.3158058184948247,2.396967373720169,-0.11992795791190426,physical_onset_snapshot_capacity,road_km,exp_300mi,6,exclude_2019,soy_share_all_land
dose_100mgy,-0.04746758231767872,0.049884149307765246,-0.14895764718457394,0.054022482549216495,0.34823988761567537,306,34,2014,2024,1.3819026314384797,2.509416047119624,-0.1191159127859547,physical_onset_snapshot_capacity,road_km,exp_300mi,6,exclude_2019_2021,soy_share_all_land
dose_100mgy,-1.086763272960704,0.49301969794826683,-2.0898193903803053,-0.08370715554110286,0.03458599787298861,374,34,2014,2024,1.2662905461874834,2.305623675588377,-2.5056671318981127,physical_onset_snapshot_capacity,road_km,exp_300mi,6,cropland_denominator,soy_share_cropland
dose_100mgy,-0.03148817669296664,0.03956938361880137,-0.1119926929760593,0.049016339590126,0.43185225528507865,374,34,2014,2024,0.7936820196111043,2.305623675588377,-0.07259988568441401,physical_onset_snapshot_capacity,road_km,exp_300mi,6,hub_trends,soy_share_all_land
dose_100mgy,-0.09999925616260275,0.04157716865925446,-0.18458864182448714,-0.015409870500718348,0.021933115442785808,340,34,2014,2023,0.6516072123958273,1.1754460985802606,-0.11754373551725948,physical_onset_snapshot_capacity,road_km,exp_300mi,6,lead_diagnostic,soy_share_all_land
dose_lead1,0.0002697562038412629,0.026789384935485903,-0.05423365725666366,0.05477316966434619,0.9920264523870835,340,34,2014,2023,1.2897363408576503,2.3896844220579316,0.0006446321980729499,physical_onset_snapshot_capacity,road_km,exp_300mi,6,lead_diagnostic,soy_share_all_land
dose_100mgy,-0.04366912783928146,0.03289450031112679,-0.10956473028868463,0.02222647461012172,0.18971306232468374,627,57,2014,2024,0.9365790939038805,1.2324262878817251,-0.05381898111799815,physical_onset_snapshot_capacity,road_km,exp_50mi,1,current,soy_share_all_land
dose_lag2,0.009012054375276772,0.047842917515327515,-0.08682882609990736,0.1048529348504609,0.851269472619896,513,57,2016,2024,0.44065937535921873,0.6267949223416197,0.005648709922290059,physical_onset_snapshot_capacity,road_km,exp_50mi,1,lag2,soy_share_all_land
dose_lag3,-0.05667519935442322,0.05362362923840561,-0.16409623693719863,0.050745838228352186,0.2950921192469772,456,57,2017,2024,0.25657701245374204,0.4045224565123101,-0.022926390866176174,physical_onset_snapshot_capacity,road_km,exp_50mi,1,lag3,soy_share_all_land
dose_lag1,0.09959161458073405,0.05054877524455398,-0.001669750277045759,0.20085297943851388,0.05376675522479626,456,57,2017,2024,0.510475673572643,0.8582391563301933,0.08547342327533097,physical_onset_snapshot_capacity,road_km,exp_50mi,1,distributed_1_3,soy_share_all_land
dose_lag2,0.095223361894563,0.05801310857640754,-0.020990859432639272,0.21143758322176526,0.10631716235013468,456,57,2017,2024,0.43772237953010396,0.6643101856215008,0.06325784921568049,physical_onset_snapshot_capacity,road_km,exp_50mi,1,distributed_1_3,soy_share_all_land
dose_lag3,-0.31352151920699306,0.12734047164988666,-0.568615137173339,-0.05842790124064706,0.016917552993764733,456,57,2017,2024,0.25657701245374204,0.4045224565123101,-0.12682649511908425,physical_onset_snapshot_capacity,road_km,exp_50mi,1,distributed_1_3,soy_share_all_land
dose_100mgy,-0.11057675856054691,0.044171978530314154,-0.1990638645845462,-0.022089652536547627,0.01524603566866032,570,57,2014,2023,0.5316434060214518,0.7690068662555989,-0.08503428658134815,physical_onset_snapshot_capacity,road_km,exp_50mi,1,exclude_2024,soy_share_all_land
dose_lag1,-0.019060260057111634,0.05299021211335303,-0.12521241066296618,0.0870918905487429,0.7204289263744703,570,57,2015,2024,0.5316434060214518,0.7690068662555989,-0.01465747085653618,physical_onset_snapshot_capacity,road_km,exp_50mi,1,lag1,soy_share_all_land
dose_100mgy,-0.10957758045928453,0.05392531047496888,-0.21760295817925587,-0.0015522027393131965,0.046905129541448605,513,57,2016,2024,0.9543410809979462,1.3602873109525475,-0.14905699226364658,physical_onset_snapshot_capacity,road_km,exp_50mi,1,distributed_0_2,soy_share_all_land
dose_lag1,0.10147858698039451,0.07252902506880868,-0.04381450933578111,0.24677168329657012,0.16728434004394468,513,57,2016,2024,0.5267061492960337,0.8099609884302236,0.08219369661514275,physical_onset_snapshot_capacity,road_km,exp_50mi,1,distributed_0_2,soy_share_all_land
dose_lag2,0.10355108292800234,0.046644253406251154,0.010111415204341487,0.19699075065166322,0.03048277468126252,513,57,2016,2024,0.44065937535921873,0.6267949223416197,0.06490529298224786,physical_onset_snapshot_capacity,road_km,exp_50mi,1,distributed_0_2,soy_share_all_land
dose_100mgy,-0.032614841226800015,0.034059368989742114,-0.10084395604531592,0.035614273591715886,0.3423865937892962,570,57,2014,2024,0.9747620652160425,1.2826560566224885,-0.041833623635335875,physical_onset_snapshot_capacity,road_km,exp_50mi,1,exclude_2019,soy_share_all_land
dose_100mgy,-0.028963397528076067,0.04225398836674459,-0.11360830755806312,0.055681512501910974,0.4958818663158913,513,57,2014,2024,1.0245112583729965,1.3368923820478085,-0.03872094551350722,physical_onset_snapshot_capacity,road_km,exp_50mi,1,exclude_2019_2021,soy_share_all_land
dose_100mgy,-0.17193994553883232,0.06329047908032948,-0.2987260103479378,-0.0451538807297269,0.008755973737266744,627,57,2014,2024,0.9365790939038805,1.2324262878817251,-0.2119033088190091,physical_onset_snapshot_capacity,road_km,exp_50mi,1,cropland_denominator,soy_share_cropland
dose_100mgy,-0.030890602830153265,0.07003778782984109,-0.17119315126891885,0.10941194560861231,0.660870458435485,627,57,2014,2024,0.5328304749010072,1.2324262878817251,-0.0380703909763945,physical_onset_snapshot_capacity,road_km,exp_50mi,1,hub_trends,soy_share_all_land
dose_100mgy,-0.24047121641789176,0.10582635121582613,-0.4524668723005306,-0.02847556053525288,0.026926747702980508,570,57,2014,2023,0.5316434060214519,0.7690068662555989,-0.18492401656219487,physical_onset_snapshot_capacity,road_km,exp_50mi,1,lead_diagnostic,soy_share_all_land
dose_lead1,0.08803756336291586,0.08408897509084136,-0.08041289554524196,0.2564880222710737,0.2996172271282949,570,57,2014,2023,0.9484485940339153,1.29163621702886,0.1137125052985152,physical_onset_snapshot_capacity,road_km,exp_50mi,1,lead_diagnostic,soy_share_all_land
dose_100mgy,-0.06837201035712356,0.015645837389047065,-0.09971438889533511,-0.037029631818912015,5.436861670099519e-05,627,57,2014,2024,0.9365790939038805,1.2324262878817251,-0.08426346291944066,physical_onset_snapshot_capacity,road_km,exp_50mi,2,current,soy_share_all_land
dose_lag2,-0.021762041896778703,0.03549838303072029,-0.09287384823717591,0.04934976444361851,0.5423296500751871,513,57,2016,2024,0.44065937535921873,0.6267949223416197,-0.013640337360686481,physical_onset_snapshot_capacity,road_km,exp_50mi,2,lag2,soy_share_all_land
dose_lag3,-0.07324192720004197,0.04893510576778977,-0.1712707236552058,0.024786869255121843,0.1400825932671593,456,57,2017,2024,0.25657701245374204,0.4045224565123101,-0.02962800431065676,physical_onset_snapshot_capacity,road_km,exp_50mi,2,lag3,soy_share_all_land
dose_lag1,0.06045411869585544,0.05126213813473862,-0.04223628375085726,0.16314452114256814,0.2432595948742834,456,57,2017,2024,0.510475673572643,0.8582391563301933,0.05188409182621634,physical_onset_snapshot_capacity,road_km,exp_50mi,2,distributed_1_3,soy_share_all_land
dose_lag2,0.07255608047669686,0.049045479027171636,-0.025693820185932664,0.17080598113932638,0.14464697790140904,456,57,2017,2024,0.43772237953010396,0.6643101856215008,0.04819974328944304,physical_onset_snapshot_capacity,road_km,exp_50mi,2,distributed_1_3,soy_share_all_land
dose_lag3,-0.24784031795246558,0.12449806605427889,-0.49723991329020906,0.0015592773852778907,0.051400585924058294,456,57,2017,2024,0.25657701245374204,0.4045224565123101,-0.10025697424092338,physical_onset_snapshot_capacity,road_km,exp_50mi,2,distributed_1_3,soy_share_all_land
dose_100mgy,-0.1587668166479601,0.042737570281252156,-0.24438045765998712,-0.0731531756359331,0.0004705974864456011,570,57,2014,2023,0.5316434060214518,0.7690068662555989,-0.12209277213582505,physical_onset_snapshot_capacity,road_km,exp_50mi,2,exclude_2024,soy_share_all_land
dose_lag1,-0.04849499833679029,0.032854945137358184,-0.11431136225145909,0.017321365577878514,0.14553610803676983,570,57,2015,2024,0.5316434060214518,0.7690068662555989,-0.03729298670004558,physical_onset_snapshot_capacity,road_km,exp_50mi,2,lag1,soy_share_all_land
dose_100mgy,-0.14067454297564283,0.0864310330394044,-0.31381670773226344,0.03246762178097781,0.10922533394593141,513,57,2016,2024,0.9543410809979462,1.3602873109525475,-0.19135779578381576,physical_onset_snapshot_capacity,road_km,exp_50mi,2,distributed_0_2,soy_share_all_land
dose_lag1,0.09185780366710765,0.08714243837532175,-0.08270947722602827,0.26642508456024355,0.29635901401299625,513,57,2016,2024,0.5267061492960337,0.8099609884302236,0.07440123745323993,physical_onset_snapshot_capacity,road_km,exp_50mi,2,distributed_0_2,soy_share_all_land
dose_lag2,0.1380630688032609,0.07313770255442108,-0.008449355036739409,0.2845754926432612,0.06425007850638687,513,57,2016,2024,0.44065937535921873,0.6267949223416197,0.08653723048878563,physical_onset_snapshot_capacity,road_km,exp_50mi,2,distributed_0_2,soy_share_all_land
dose_100mgy,-0.05813872825704106,0.016798976209905378,-0.09179112143568022,-0.024486335078401915,0.0010375798810577765,570,57,2014,2024,0.9747620652160425,1.2826560566224885,-0.07457199192322274,physical_onset_snapshot_capacity,road_km,exp_50mi,2,exclude_2019,soy_share_all_land
dose_100mgy,-0.05487274539872376,0.020645194353937253,-0.09623003937705904,-0.013515451420388479,0.010229311236785003,513,57,2014,2024,1.0245112583729965,1.3368923820478085,-0.07335895530560273,physical_onset_snapshot_capacity,road_km,exp_50mi,2,exclude_2019_2021,soy_share_all_land
dose_100mgy,-0.3379796309928215,0.0552562690726679,-0.4486712391708042,-0.22728802281483884,9.815850520239305e-08,627,57,2014,2024,0.9365790939038805,1.2324262878817251,-0.4165349820041183,physical_onset_snapshot_capacity,road_km,exp_50mi,2,cropland_denominator,soy_share_cropland
dose_100mgy,-0.03792989465532185,0.08626169716426357,-0.21073283889169864,0.13487304958105495,0.6618414449393536,627,57,2014,2024,0.5328304749010072,1.2324262878817251,-0.0467457992698032,physical_onset_snapshot_capacity,road_km,exp_50mi,2,hub_trends,soy_share_all_land
dose_100mgy,-0.2864264434328444,0.16138591561628518,-0.6097212810439335,0.03686839417824472,0.08136745633304306,570,57,2014,2023,0.5316434060214519,0.7690068662555989,-0.22026390167702822,physical_onset_snapshot_capacity,road_km,exp_50mi,2,lead_diagnostic,soy_share_all_land
dose_lead1,0.08652287916935907,0.08835489071896749,-0.09047323562823052,0.26351899396694867,0.3316606401672436,570,57,2014,2023,0.9484485940339153,1.29163621702886,0.1117560843367561,physical_onset_snapshot_capacity,road_km,exp_50mi,2,lead_diagnostic,soy_share_all_land
dose_100mgy,-0.07260912961577162,0.0168727998139694,-0.10645168027244083,-0.03876657895910242,7.27903932089158e-05,594,54,2014,2024,0.960909971066489,1.2656978244767356,-0.09190121739183146,physical_onset_snapshot_capacity,road_km,exp_50mi,3,current,soy_share_all_land
dose_lag2,-0.0381769573880887,0.03339278898459157,-0.10515441016642788,0.02880049539025048,0.2580646392869016,486,54,2016,2024,0.45229110967854746,0.6437566080612911,-0.024576668594256428,physical_onset_snapshot_capacity,road_km,exp_50mi,3,lag2,soy_share_all_land
dose_lag3,-0.14265738169060493,0.05556714593105817,-0.2541109621130685,-0.0312038012681414,0.013107606204373677,432,54,2017,2024,0.2634282447246362,0.41547074729192346,-0.05926996897770479,physical_onset_snapshot_capacity,road_km,exp_50mi,3,lag3,soy_share_all_land
dose_lag1,0.06337068700385147,0.046143347151525,-0.029181146755881987,0.15592252076358493,0.1754275208193523,432,54,2017,2024,0.5238739702128143,0.8813259485460001,0.055850230833681076,physical_onset_snapshot_capacity,road_km,exp_50mi,3,distributed_1_3,soy_share_all_land
dose_lag2,0.050109852286813326,0.07181540067553054,-0.0939336000202802,0.19415330459390687,0.4883777860989754,432,54,2017,2024,0.44926488185900426,0.6822582145048903,0.03418785835030506,physical_onset_snapshot_capacity,road_km,exp_50mi,3,distributed_1_3,soy_share_all_land
dose_lag3,-0.29271567029430673,0.14843457487306005,-0.5904377244126573,0.005006383824043836,0.05383611168195275,432,54,2017,2024,0.2634282447246362,0.41547074729192346,-0.1216147982812319,physical_onset_snapshot_capacity,road_km,exp_50mi,3,distributed_1_3,soy_share_all_land
dose_100mgy,-0.1375369635219125,0.037699948147661824,-0.21315348354277652,-0.061920443501048486,0.0006036516562104775,540,54,2014,2023,0.5456335920514658,0.7897718969894557,-0.1086228285868704,physical_onset_snapshot_capacity,road_km,exp_50mi,3,exclude_2024,soy_share_all_land
dose_lag1,-0.053682034514589236,0.029359003218663037,-0.11256873764694704,0.005204668617768568,0.07310897594341965,540,54,2015,2024,0.5456335920514658,0.7897718969894557,-0.04239656223284058,physical_onset_snapshot_capacity,road_km,exp_50mi,3,lag1,soy_share_all_land
dose_100mgy,-0.16433884323830222,0.09943346366142859,-0.36377711477779745,0.035099428301193,0.10429393022937378,486,54,2016,2024,0.9790872201696351,1.3968855457205624,-0.22956255472002177,physical_onset_snapshot_capacity,road_km,exp_50mi,3,distributed_0_2,soy_share_all_land
dose_lag1,0.1297835652286636,0.08804738872414658,-0.04681713210298907,0.30638426256031626,0.14639162254036336,486,54,2016,2024,0.5405530639668333,0.8317951758991201,0.10795334346819117,physical_onset_snapshot_capacity,road_km,exp_50mi,3,distributed_0_2,soy_share_all_land
dose_lag2,0.12581660456248653,0.08592937579380196,-0.04653589681609596,0.29816910594106905,0.1490496240373141,486,54,2016,2024,0.4522911096785476,0.6437566080612911,0.08099527059093509,physical_onset_snapshot_capacity,road_km,exp_50mi,3,distributed_0_2,soy_share_all_land
dose_100mgy,-0.056898759274758265,0.018973355730851526,-0.09495449154965505,-0.018843026999861484,0.004120532714539026,540,54,2014,2024,1.0000882992018505,1.3172713725809635,-0.07495110672801465,physical_onset_snapshot_capacity,road_km,exp_50mi,3,exclude_2019,soy_share_all_land
dose_100mgy,-0.05160374101058771,0.022409664734641583,-0.09655183630851114,-0.00665564571266429,0.02524848846349598,486,54,2014,2024,1.051133727406359,1.3729810467798678,-0.0708509583504739,physical_onset_snapshot_capacity,road_km,exp_50mi,3,exclude_2019_2021,soy_share_all_land
dose_100mgy,-0.6291587968494416,0.13671513669470298,-0.9033746347741771,-0.3549429589247062,2.6484475355423216e-05,594,54,2014,2024,0.960909971066489,1.2656978244767356,-0.7963249204227387,physical_onset_snapshot_capacity,road_km,exp_50mi,3,cropland_denominator,soy_share_cropland
dose_100mgy,-0.08208759045242979,0.08793116666642846,-0.25845517585724676,0.09427999495238716,0.35477301839169817,594,54,2014,2024,0.5466116564783572,1.2656978244767356,-0.10389808465217763,physical_onset_snapshot_capacity,road_km,exp_50mi,3,hub_trends,soy_share_all_land
dose_100mgy,-0.277459974676969,0.16705001573891734,-0.6125198747630893,0.05759992540915143,0.10263085051623304,540,54,2014,2023,0.5456335920514658,0.7897718969894557,-0.21913009053927612,physical_onset_snapshot_capacity,road_km,exp_50mi,3,lead_diagnostic,soy_share_all_land
dose_lead1,0.09488030544660557,0.09147100333203222,-0.08858729317432547,0.2783479040675366,0.3043185554754681,540,54,2014,2023,0.973069008941696,1.326452879400687,0.12585425435806663,physical_onset_snapshot_capacity,road_km,exp_50mi,3,lead_diagnostic,soy_share_all_land
dose_100mgy,-0.06468429371135559,0.025628766623790777,-0.11621438268018916,-0.013154204742522019,0.014969464951992514,539,49,2014,2024,1.0061503210782572,1.327715906666053,-0.08588236567202576,physical_onset_snapshot_capacity,road_km,exp_50mi,4,current,soy_share_all_land
dose_lag2,-0.05912545589670528,0.02895246147065033,-0.11733828124837122,-0.0009126305450393446,0.04665078806789915,441,49,2016,2024,0.4739278257634776,0.6753780682827342,-0.039932036189852804,physical_onset_snapshot_capacity,road_km,exp_50mi,4,lag2,soy_share_all_land
dose_lag3,-0.1754448314614695,0.050575191627061825,-0.277133069620346,-0.07375659330259296,0.001113391192401356,392,49,2017,2024,0.27618668286895537,0.435881014735369,-0.07647307116750111,physical_onset_snapshot_capacity,road_km,exp_50mi,4,lag3,soy_share_all_land
dose_lag1,0.13606786842572313,0.08238862890976582,-0.029585572493256662,0.3017213093447029,0.10515722812369113,392,49,2017,2024,0.5487868446364684,0.9243442653802831,0.12577355388183606,physical_onset_snapshot_capacity,road_km,exp_50mi,4,distributed_1_3,soy_share_all_land
dose_lag2,-0.0147047624726447,0.07735027427067277,-0.1702279124330267,0.14081838748773728,0.8500276607976663,392,49,2017,2024,0.47073404280656783,0.715713651422615,-0.01052439924259878,physical_onset_snapshot_capacity,road_km,exp_50mi,4,distributed_1_3,soy_share_all_land
dose_lag3,-0.3425384041349622,0.09156500165750484,-0.5266421790494619,-0.1584346292204626,0.0004892831824873838,392,49,2017,2024,0.27618668286895537,0.435881014735369,-0.14930598718018126,physical_onset_snapshot_capacity,road_km,exp_50mi,4,distributed_1_3,soy_share_all_land
dose_100mgy,-0.13845988865725545,0.024468684527738097,-0.1876574762420679,-0.08926230107244297,8.293177634344824e-07,490,49,2014,2023,0.5716518080436824,0.8284770677031741,-0.11471084254927097,physical_onset_snapshot_capacity,road_km,exp_50mi,4,exclude_2024,soy_share_all_land
dose_lag1,-0.0582354927347014,0.04520016096851801,-0.14911650742821386,0.03264552195881108,0.2037857193839392,490,49,2015,2024,0.5716518080436824,0.8284770677031741,-0.04824677025709491,physical_onset_snapshot_capacity,road_km,exp_50mi,4,lag1,soy_share_all_land
dose_100mgy,-0.07152701193095305,0.054573722026868686,-0.18125483429109837,0.03820081042919227,0.19621287708387156,441,49,2016,2024,1.025097560333133,1.4650870719355775,-0.10479330047422113,physical_onset_snapshot_capacity,road_km,exp_50mi,4,distributed_0_2,soy_share_all_land
dose_lag1,0.12494205196717383,0.10851151378463392,-0.09323496925063209,0.34311907318497975,0.2552637223057215,441,49,2016,2024,0.5663030806239058,0.8724871443270792,0.10901033412720502,physical_onset_snapshot_capacity,road_km,exp_50mi,4,distributed_0_2,soy_share_all_land
dose_lag2,-0.05641520256255116,0.07200142660785404,-0.20118377349883268,0.08835336837373034,0.43716578165932035,441,49,2016,2024,0.47392782576347764,0.6753780682827342,-0.038101590528474956,physical_onset_snapshot_capacity,road_km,exp_50mi,4,distributed_0_2,soy_share_all_land
dose_100mgy,-0.05552598274473181,0.029752079483594065,-0.11534654786604484,0.004294582376581223,0.06811682428435369,490,49,2014,2024,1.0471792498674308,1.38179452455889,-0.07672549892742182,physical_onset_snapshot_capacity,road_km,exp_50mi,4,exclude_2019,soy_share_all_land
dose_100mgy,-0.05431449748606014,0.03369091855443636,-0.12205462934789703,0.013425634375776749,0.1134879969437453,441,49,2014,2024,1.1006356025373372,1.4402522848390025,-0.07822657910418038,physical_onset_snapshot_capacity,road_km,exp_50mi,4,exclude_2019_2021,soy_share_all_land
dose_100mgy,-0.7889000217729114,0.14143280296523833,-1.073269731283039,-0.5045303122627838,1.0990173437879326e-06,539,49,2014,2024,1.0061503210782572,1.327715906666053,-1.04743510767709,physical_onset_snapshot_capacity,road_km,exp_50mi,4,cropland_denominator,soy_share_cropland
dose_100mgy,-0.012236205073828095,0.047351660990894176,-0.1074431004933594,0.0829706903457032,0.7971943380727565,539,49,2014,2024,0.5722407151311758,1.327715906666053,-0.016246204113749427,physical_onset_snapshot_capacity,road_km,exp_50mi,4,hub_trends,soy_share_all_land
dose_100mgy,-0.23038120288122918,0.08783315126482484,-0.40698158968595277,-0.05378081607650559,0.011649326724200047,490,49,2014,2023,0.5716518080436824,0.8284770677031741,-0.1908655434169708,physical_onset_snapshot_capacity,road_km,exp_50mi,4,lead_diagnostic,soy_share_all_land
dose_lead1,0.06238503899971328,0.06262635426893388,-0.06353368563669387,0.18830376363612045,0.3241742668486027,490,49,2014,2023,1.0188468490543308,1.3913436172739988,0.08679902582564056,physical_onset_snapshot_capacity,road_km,exp_50mi,4,lead_diagnostic,soy_share_all_land
dose_100mgy,-0.07188080044456657,0.03732854224234513,-0.14732459852657845,0.003562997637445303,0.061280671075755556,451,41,2014,2024,1.0940093758016212,1.449180266141938,-0.10416823751875252,physical_onset_snapshot_capacity,road_km,exp_50mi,5,current,soy_share_all_land
dose_lag2,-0.12810154284653258,0.04474095881938327,-0.2185263936550945,-0.037676692037970666,0.006646161886228352,369,41,2016,2024,0.5160129523700525,0.7373267308325934,-0.09445269180164526,physical_onset_snapshot_capacity,road_km,exp_50mi,5,lag2,soy_share_all_land
dose_lag3,-0.24331460397760934,0.06078613330525274,-0.36616796207273217,-0.12046124588248654,0.00026368063205490106,328,41,2017,2024,0.301085267731651,0.4758691978739413,-0.11578592542584064,physical_onset_snapshot_capacity,road_km,exp_50mi,5,lag3,soy_share_all_land
dose_lag1,0.07126802100864982,0.03198977280605763,0.006614278448837899,0.13592176356846175,0.03158084063056199,328,41,2017,2024,0.5971558595428126,1.0084766514487062,0.07187213518217922,physical_onset_snapshot_capacity,road_km,exp_50mi,5,distributed_1_3,soy_share_all_land
dose_lag2,-0.04112692156308713,0.06851791904340546,-0.17960680153671144,0.09735295841053716,0.5517346773547435,328,41,2017,2024,0.5124797939115682,0.7812256368986175,-0.032129405491802224,physical_onset_snapshot_capacity,road_km,exp_50mi,5,distributed_1_3,soy_share_all_land
dose_lag3,-0.2883081659327926,0.0641824900748052,-0.41802581711155806,-0.15859051475402722,5.8791422593878124e-05,328,41,2017,2024,0.301085267731651,0.4758691978739413,-0.1371969756629452,physical_onset_snapshot_capacity,road_km,exp_50mi,5,distributed_1_3,soy_share_all_land
dose_100mgy,-0.13601055942753104,0.023647016805576158,-0.18380296314743988,-0.08821815570762222,1.0557093419328166e-06,410,41,2014,2023,0.6222092697701258,0.9042558704296751,-0.12298834680276914,physical_onset_snapshot_capacity,road_km,exp_50mi,5,exclude_2024,soy_share_all_land
dose_lag1,-0.10439001912268246,0.033309214876188036,-0.1717104535793697,-0.03706958466599522,0.0032246190416076316,410,41,2015,2024,0.6222092697701258,0.9042558704296751,-0.09439528760595166,physical_onset_snapshot_capacity,road_km,exp_50mi,5,lag1,soy_share_all_land
dose_100mgy,-0.00466516470626627,0.031218304647858387,-0.06775971195713679,0.05842938254460425,0.8819598738998717,369,41,2016,2024,1.1144304626741746,1.598546960639057,-0.007457484862082545,physical_onset_snapshot_capacity,road_km,exp_50mi,5,distributed_0_2,soy_share_all_land
dose_lag1,0.016940535979589007,0.03140293031162535,-0.04652715365673989,0.0804082256159179,0.5925618855946112,369,41,2016,2024,0.6163238549454031,0.952117809083385,0.01612938600158454,physical_onset_snapshot_capacity,road_km,exp_50mi,5,distributed_0_2,soy_share_all_land
dose_lag2,-0.13673500591375312,0.06402334329615755,-0.2661310094547472,-0.0073390023727590015,0.03887705628016421,369,41,2016,2024,0.5160129523700525,0.7373267308325934,-0.10081837490076291,physical_onset_snapshot_capacity,road_km,exp_50mi,5,distributed_0_2,soy_share_all_land
dose_100mgy,-0.06948182881871477,0.03929342436182448,-0.1488968017972592,0.009933144159829654,0.08464037817270406,410,41,2014,2024,1.1386374321837713,1.5081535982931114,-0.10478927014893069,physical_onset_snapshot_capacity,road_km,exp_50mi,5,exclude_2019,soy_share_all_land
dose_100mgy,-0.07073299780244956,0.04179957889373505,-0.15521309802974298,0.013747102424843852,0.09838597718532072,369,41,2014,2024,1.1967775641006773,1.5720079608742337,-0.11119283564195039,physical_onset_snapshot_capacity,road_km,exp_50mi,5,exclude_2019_2021,soy_share_all_land
dose_100mgy,-0.5579667919978144,0.15547310763981595,-0.8721896637030846,-0.24374392029254421,0.0008964107953787718,451,41,2014,2024,1.0940093758016212,1.449180266141938,-0.808594464125756,physical_onset_snapshot_capacity,road_km,exp_50mi,5,cropland_denominator,soy_share_cropland
dose_100mgy,-0.0038541277769950084,0.03328086188531751,-0.07111725870159225,0.06340900314760223,0.9083856371030897,451,41,2014,2024,0.6220529200665242,1.449180266141938,-0.005585325917610662,physical_onset_snapshot_capacity,road_km,exp_50mi,5,hub_trends,soy_share_all_land
dose_100mgy,-0.1468705322582008,0.04483601387868229,-0.23748749650783607,-0.05625356800856553,0.0021815984939990447,410,41,2014,2023,0.6222092697701257,0.9042558704296751,-0.13280854098760905,physical_onset_snapshot_capacity,road_km,exp_50mi,5,lead_diagnostic,soy_share_all_land
dose_lead1,0.007383113291985678,0.03723405989291452,-0.06786972883877367,0.08263595542274503,0.8438231360651403,410,41,2014,2023,1.1077409760011458,1.5183852149589017,0.011210410062917597,physical_onset_snapshot_capacity,road_km,exp_50mi,5,lead_diagnostic,soy_share_all_land
dose_100mgy,-0.0770588269554019,0.03439133844709491,-0.14702853112577408,-0.007089122785029725,0.03189822149279503,374,34,2014,2024,1.1925167046459033,1.5880916907532094,-0.12237648278706319,physical_onset_snapshot_capacity,road_km,exp_50mi,6,current,soy_share_all_land
dose_lag2,-0.23512732251632018,0.04338232024942348,-0.32338931670261845,-0.14686532833002192,5.341657453020734e-06,306,34,2016,2024,0.5637109172101411,0.8082673619489855,-0.1900457406923944,physical_onset_snapshot_capacity,road_km,exp_50mi,6,lag2,soy_share_all_land
dose_lag3,-0.33086054132036846,0.04173140710479841,-0.41576372745916684,-0.24595735518157008,3.830920291289847e-09,272,34,2017,2024,0.32944112977914913,0.5216644862568947,-0.17259819431056808,physical_onset_snapshot_capacity,road_km,exp_50mi,6,lag3,soy_share_all_land
dose_lag1,0.07720020702115449,0.02066568927865641,0.03515554605139324,0.11924486799091574,0.0007077209713009575,272,34,2017,2024,0.6518369518880732,1.1045873531306094,0.08527437233463213,physical_onset_snapshot_capacity,road_km,exp_50mi,6,distributed_1_3,soy_share_all_land
dose_lag2,-0.2202927576150713,0.07826015536895525,-0.37951424089397273,-0.06107127433616988,0.008166091389927332,272,34,2017,2024,0.5597718069068705,0.8561980540337855,-0.18861423038776043,physical_onset_snapshot_capacity,road_km,exp_50mi,6,distributed_1_3,soy_share_all_land
dose_lag3,-0.15784537159798614,0.0830853695811894,-0.3268838270051479,0.011193083809175608,0.0662281455613554,272,34,2017,2024,0.32944112977914913,0.5216644862568947,-0.08234232468269208,physical_onset_snapshot_capacity,road_km,exp_50mi,6,distributed_1_3,soy_share_all_land
dose_100mgy,-0.1028020431534045,0.02326790658324971,-0.1501409550366482,-0.05546313127016079,0.00010124641929743473,340,34,2014,2023,0.679431315138572,0.9909581557957136,-0.10187252309532908,physical_onset_snapshot_capacity,road_km,exp_50mi,6,exclude_2024,soy_share_all_land
dose_lag1,-0.17278874840879024,0.03437725838691827,-0.242729806481344,-0.10284769033623646,1.7074000067227703e-05,340,34,2015,2024,0.679431315138572,0.9909581557957136,-0.17122641946542433,physical_onset_snapshot_capacity,road_km,exp_50mi,6,lag1,soy_share_all_land
dose_100mgy,0.06221057494603056,0.05287269949205436,-0.045359740987995896,0.16978089088005702,0.24776877618162774,306,34,2016,2024,1.2144645461835917,1.7509431834648923,0.10892718214118402,physical_onset_snapshot_capacity,road_km,exp_50mi,6,distributed_0_2,soy_share_all_land
dose_lag1,-0.0025475527588729205,0.03014674389495995,-0.06388156438145638,0.05878645886371055,0.9331654586826452,306,34,2016,2024,0.6729139762922206,1.043164838087992,-0.0026575174612302878,physical_onset_snapshot_capacity,road_km,exp_50mi,6,distributed_0_2,soy_share_all_land
dose_lag2,-0.34283306981816897,0.09271066787944741,-0.5314543418556498,-0.1542117977806882,0.0007861503262143756,306,34,2016,2024,0.5637109172101411,0.8082673619489855,-0.2771007809308038,physical_onset_snapshot_capacity,road_km,exp_50mi,6,distributed_0_2,soy_share_all_land
dose_100mgy,-0.07944348509892335,0.03730045448161372,-0.15533183034357917,-0.0035551398542675167,0.040732873051146416,340,34,2014,2024,1.2411875834895971,1.6526342401756886,-0.13129102363336784,physical_onset_snapshot_capacity,road_km,exp_50mi,6,exclude_2019,soy_share_all_land
dose_100mgy,-0.08073638526461266,0.04001605926370194,-0.16214966998025357,0.0006768994510282511,0.051825400503927824,306,34,2014,2024,1.3045879781136156,1.722670569473751,-0.13908219478104245,physical_onset_snapshot_capacity,road_km,exp_50mi,6,exclude_2019_2021,soy_share_all_land
dose_100mgy,-0.5795939347482617,0.273325589801885,-1.1356790283845597,-0.02350884111196383,0.04156491355447071,374,34,2014,2024,1.1925167046459033,1.5880916907532094,-0.9204483117846722,physical_onset_snapshot_capacity,road_km,exp_50mi,6,cropland_denominator,soy_share_cropland
dose_100mgy,-0.020622353436219616,0.024349472196625095,-0.07016172710507071,0.02891702023263148,0.40313335811299833,374,34,2014,2024,0.6776632555983217,1.5880916907532094,-0.032750188135836265,physical_onset_snapshot_capacity,road_km,exp_50mi,6,hub_trends,soy_share_all_land
dose_100mgy,-0.07710878922054787,0.02465772007675558,-0.12727529791693076,-0.026942280524164967,0.003672640193446584,340,34,2014,2023,0.679431315138572,0.9909581557957136,-0.07641158356163451,physical_onset_snapshot_capacity,road_km,exp_50mi,6,lead_diagnostic,soy_share_all_land
dose_lead1,-0.0175131658434366,0.02462693293012756,-0.06761703761903998,0.03259070593216677,0.4819949266702347,340,34,2014,2023,1.20735761446825,1.6635754701142995,-0.029134473101184732,physical_onset_snapshot_capacity,road_km,exp_50mi,6,lead_diagnostic,soy_share_all_land
dose_100mgy,-0.02429978021234644,0.0673825620748676,-0.15928327230101558,0.1106837118763227,0.7197371973766299,627,57,2014,2024,0.9060103213397701,3.912757374931419,-0.09507914423507109,physical_onset_snapshot_capacity,road_km,inverse_1,1,current,soy_share_all_land
dose_lag2,0.03810464584016009,0.07461636336904104,-0.1113698915530517,0.18757918323337186,0.6115865910980962,513,57,2016,2024,0.4299020008387732,0.9328593637108078,0.035546275672877416,physical_onset_snapshot_capacity,road_km,inverse_1,1,lag2,soy_share_all_land
dose_lag3,0.009125257072574292,0.1168087017510432,-0.22487069059087217,0.24312120473602072,0.9380099727767418,456,57,2017,2024,0.24883033371956118,0.5092417388850498,0.004646961779410831,physical_onset_snapshot_capacity,road_km,inverse_1,1,lag3,soy_share_all_land
dose_lag1,0.24720619487439835,0.15327899579580323,-0.05984853084786643,0.5542609205966631,0.11241300349984838,456,57,2017,2024,0.4988982420100885,1.3019587125485066,0.3218522592126869,physical_onset_snapshot_capacity,road_km,inverse_1,1,distributed_1_3,soy_share_all_land
dose_lag2,-0.06739959771466432,0.1940287714502019,-0.4560859333117362,0.3212867378824076,0.7296162267822836,456,57,2017,2024,0.42792852003870085,0.9734624945506064,-0.06561098052302448,physical_onset_snapshot_capacity,road_km,inverse_1,1,distributed_1_3,soy_share_all_land
dose_lag3,-0.23342572103328343,0.17777753324034895,-0.5895569145166815,0.12270547245011462,0.19453088038294727,456,57,2017,2024,0.24883033371956118,0.5092417388850498,-0.11887012007948579,physical_onset_snapshot_capacity,road_km,inverse_1,1,distributed_1_3,soy_share_all_land
dose_100mgy,-0.12591621852790147,0.0643761294592321,-0.2548771023824572,0.003044665326654289,0.055466866962239104,570,57,2014,2023,0.5172296460567506,1.2164487035166507,-0.153170620779985,physical_onset_snapshot_capacity,road_km,inverse_1,1,exclude_2024,soy_share_all_land
dose_lag1,0.04758948149066773,0.09598817966385653,-0.1446979485400549,0.23987691152139035,0.6219864352385598,570,57,2015,2024,0.5172296460567506,1.2164487035166507,0.057890163060352405,physical_onset_snapshot_capacity,road_km,inverse_1,1,lag1,soy_share_all_land
dose_100mgy,-0.025709414196329577,0.1256721082381611,-0.27746089864247103,0.22604207024981185,0.8386456476387991,513,57,2016,2024,0.9262470317954966,4.2177097669818195,-0.1084348473592403,physical_onset_snapshot_capacity,road_km,inverse_1,1,distributed_0_2,soy_share_all_land
dose_lag1,0.2118105332069923,0.17056509660589214,-0.1298724135281518,0.5534934799421364,0.21948027039238868,513,57,2016,2024,0.5132937445795451,1.2582158041042344,0.26650336035678246,physical_onset_snapshot_capacity,road_km,inverse_1,1,distributed_0_2,soy_share_all_land
dose_lag2,-0.1274487051808079,0.18252277275662326,-0.4930857556838927,0.23818834532227687,0.4879029467789283,513,57,2016,2024,0.4299020008387732,0.9328593637108078,-0.11889171802073478,physical_onset_snapshot_capacity,road_km,inverse_1,1,distributed_0_2,soy_share_all_land
dose_100mgy,-0.030007823501972612,0.061801800441919276,-0.1538117066453357,0.09379605964139048,0.6291810753390462,570,57,2014,2024,0.9420160503949185,4.061822399408982,-0.12188644965782362,physical_onset_snapshot_capacity,road_km,inverse_1,1,exclude_2019,soy_share_all_land
dose_100mgy,-0.02516415984885399,0.06739813400737299,-0.16017884626678905,0.10985052656908108,0.7102858942645133,513,57,2014,2024,0.9898137355862078,4.256840966785763,-0.1071198265393471,physical_onset_snapshot_capacity,road_km,inverse_1,1,exclude_2019_2021,soy_share_all_land
dose_100mgy,-0.10155102543836719,0.14339260092662567,-0.3888009223960868,0.18569887151935244,0.48175691605484827,627,57,2014,2024,0.9060103213397701,3.912757374931419,-0.39734452371581935,physical_onset_snapshot_capacity,road_km,inverse_1,1,cropland_denominator,soy_share_cropland
dose_100mgy,0.057970319727060564,0.12524366750250465,-0.1929228947918007,0.30886353424592183,0.6452581922798728,627,57,2014,2024,0.5307803634355784,3.912757374931419,0.22682379603918854,physical_onset_snapshot_capacity,road_km,inverse_1,1,hub_trends,soy_share_all_land
dose_100mgy,-0.28078628271351846,0.1285242155337506,-0.5382512246287079,-0.023321340798329093,0.03311296022721273,570,57,2014,2023,0.5172296460567505,1.2164487035166507,-0.3415621095721193,physical_onset_snapshot_capacity,road_km,inverse_1,1,lead_diagnostic,soy_share_all_land
dose_lead1,0.10870215911141178,0.08689716060692826,-0.06537377136865015,0.2827780895914737,0.2161616280730175,570,57,2014,2023,0.9187383677195177,4.05795504440558,0.4411084749039314,physical_onset_snapshot_capacity,road_km,inverse_1,1,lead_diagnostic,soy_share_all_land
dose_100mgy,-0.020929117042038786,0.056648619201728825,-0.1344099376934494,0.09255170360937182,0.7131820015308528,627,57,2014,2024,0.9060103213397701,3.912757374931419,-0.0818905570570401,physical_onset_snapshot_capacity,road_km,inverse_1,2,current,soy_share_all_land
dose_lag2,0.05675862111869703,0.0777125754431456,-0.09891837437554943,0.2124356166129435,0.4682111111478773,513,57,2016,2024,0.4299020008387732,0.9328593637108078,0.05294781118189053,physical_onset_snapshot_capacity,road_km,inverse_1,2,lag2,soy_share_all_land
dose_lag3,0.024413588681936167,0.14185635801813992,-0.2597588439274635,0.30858602129133583,0.8639787572023364,456,57,2017,2024,0.24883033371956118,0.5092417388850498,0.012432418352813543,physical_onset_snapshot_capacity,road_km,inverse_1,2,lag3,soy_share_all_land
dose_lag1,0.2331857655104747,0.1277132819369482,-0.022654681203318316,0.48902621222426773,0.07320569451042548,456,57,2017,2024,0.4988982420100885,1.3019587125485066,0.3035982390486556,physical_onset_snapshot_capacity,road_km,inverse_1,2,distributed_1_3,soy_share_all_land
dose_lag2,-0.019711073735506648,0.13407179381047798,-0.2882891503456322,0.2488670028746189,0.8836452062581327,456,57,2017,2024,0.42792852003870085,0.9734624945506064,-0.01918799100883724,physical_onset_snapshot_capacity,road_km,inverse_1,2,distributed_1_3,soy_share_all_land
dose_lag3,-0.2589722765171275,0.13996933640154358,-0.5393645505868152,0.021419997552560244,0.06956198539478771,456,57,2017,2024,0.24883033371956118,0.5092417388850498,-0.13187949241660196,physical_onset_snapshot_capacity,road_km,inverse_1,2,distributed_1_3,soy_share_all_land
dose_100mgy,-0.15117015532393702,0.058063229517318383,-0.26748478096083883,-0.034855529687035175,0.01178964676722762,570,57,2014,2023,0.5172296460567506,1.2164487035166507,-0.1838907394542139,physical_onset_snapshot_capacity,road_km,inverse_1,2,exclude_2024,soy_share_all_land
dose_lag1,0.05319615362234594,0.09327357944699784,-0.13365327871857208,0.24004558596326397,0.5707393318609282,570,57,2015,2024,0.5172296460567506,1.2164487035166507,0.0647103921059753,physical_onset_snapshot_capacity,road_km,inverse_1,2,lag1,soy_share_all_land
dose_100mgy,-0.023891618536965024,0.1192346668581539,-0.26274735828547974,0.2149641212115497,0.841913419335976,513,57,2016,2024,0.9262470317954966,4.2177097669818195,-0.10076791285236128,physical_onset_snapshot_capacity,road_km,inverse_1,2,distributed_0_2,soy_share_all_land
dose_lag1,0.19132445679946514,0.14654174938982298,-0.10223394258942853,0.4848828561883588,0.1970280964293173,513,57,2016,2024,0.5132937445795451,1.2582158041042344,0.24072745525674488,physical_onset_snapshot_capacity,road_km,inverse_1,2,distributed_0_2,soy_share_all_land
dose_lag2,-0.09164560855285322,0.1399289429119052,-0.37195696473932105,0.18866574763361457,0.5151851986780817,513,57,2016,2024,0.4299020008387732,0.9328593637108078,-0.08549246408150442,physical_onset_snapshot_capacity,road_km,inverse_1,2,distributed_0_2,soy_share_all_land
dose_100mgy,-0.03362877749072348,0.0483975688876808,-0.13058075817977055,0.0633232031983236,0.49002591843638976,570,57,2014,2024,0.9420160503949185,4.061822399408982,-0.1365941216765612,physical_onset_snapshot_capacity,road_km,inverse_1,2,exclude_2019,soy_share_all_land
dose_100mgy,-0.02859227350254651,0.05241905077122143,-0.13360025045081123,0.0764157034457182,0.5876062499170396,513,57,2014,2024,0.9898137355862078,4.256840966785763,-0.12171276117918303,physical_onset_snapshot_capacity,road_km,inverse_1,2,exclude_2019_2021,soy_share_all_land
dose_100mgy,-0.2938025353040931,0.12827122991422243,-0.5507606861249608,-0.03684438448322552,0.02578093309561416,627,57,2014,2024,0.9060103213397701,3.912757374931419,-1.1495780367846389,physical_onset_snapshot_capacity,road_km,inverse_1,2,cropland_denominator,soy_share_cropland
dose_100mgy,0.0927469894127435,0.13536314375637984,-0.17841797199129467,0.3639119508167817,0.49606207570670635,627,57,2014,2024,0.5307803634355784,3.912757374931419,0.36289646682739835,physical_onset_snapshot_capacity,road_km,inverse_1,2,hub_trends,soy_share_all_land
dose_100mgy,-0.29294565233190556,0.15797399229185863,-0.6094055862099166,0.023514281546105464,0.06895157333738101,570,57,2014,2023,0.5172296460567505,1.2164487035166507,-0.356353358979986,physical_onset_snapshot_capacity,road_km,inverse_1,2,lead_diagnostic,soy_share_all_land
dose_lead1,0.09951117870906744,0.08657350626693051,-0.07391639421827918,0.27293875163641407,0.2552595248544515,570,57,2014,2023,0.9187383677195177,4.05795504440558,0.4038118896172054,physical_onset_snapshot_capacity,road_km,inverse_1,2,lead_diagnostic,soy_share_all_land
dose_100mgy,-0.0411883130290766,0.05293767909548609,-0.14736785087627027,0.06499122481811709,0.4399974942342222,594,54,2014,2024,0.9281976096214994,3.9082228461913986,-0.16097310597632,physical_onset_snapshot_capacity,road_km,inverse_1,3,current,soy_share_all_land
dose_lag2,0.0030581100634000102,0.059441187715258664,-0.11616581415341774,0.12228203428021776,0.9591622229035851,486,54,2016,2024,0.4414246120142248,0.9418893686980816,0.002880401357025086,physical_onset_snapshot_capacity,road_km,inverse_1,3,lag2,soy_share_all_land
dose_lag3,-0.13952756778496905,0.0936293590589349,-0.3273242797616065,0.04826914419166842,0.14209619976480853,432,54,2017,2024,0.2552848976301134,0.5159924357695533,-0.07199516955836764,physical_onset_snapshot_capacity,road_km,inverse_1,3,lag3,soy_share_all_land
dose_lag1,0.23495449662800788,0.15103133264124133,-0.06797599398468279,0.5378849872406986,0.1257390105784798,432,54,2017,2024,0.5122345131405104,1.3139062083870157,0.3087081718079857,physical_onset_snapshot_capacity,road_km,inverse_1,3,distributed_1_3,soy_share_all_land
dose_lag2,-0.025678788333107726,0.14640019250226674,-0.3193203881582943,0.26796281149207885,0.8614327091561438,432,54,2017,2024,0.4393674057286041,0.983194302725781,-0.02524723839001277,physical_onset_snapshot_capacity,road_km,inverse_1,3,distributed_1_3,soy_share_all_land
dose_lag3,-0.41837364869421517,0.13470309383833304,-0.6885538397173787,-0.14819345767105163,0.0030447328180137918,432,54,2017,2024,0.2552848976301134,0.5159924357695533,-0.2158776380515235,physical_onset_snapshot_capacity,road_km,inverse_1,3,distributed_1_3,soy_share_all_land
dose_100mgy,-0.11620097519632185,0.045973355358013064,-0.20841184859698184,-0.023990101795661856,0.014502892986678518,540,54,2014,2023,0.5311337541580299,1.2266050400978519,-0.14253270184009384,physical_onset_snapshot_capacity,road_km,inverse_1,3,exclude_2024,soy_share_all_land
dose_lag1,0.031702589759235254,0.08797979323266183,-0.14476252818607033,0.20816770770454085,0.7200254267695028,540,54,2015,2024,0.5311337541580299,1.2266050400978519,0.038886556382832504,physical_onset_snapshot_capacity,road_km,inverse_1,3,lag1,soy_share_all_land
dose_100mgy,-0.09802887756640269,0.11602648309382192,-0.33074853138265237,0.13469077624984702,0.4019737303137124,486,54,2016,2024,0.9485734141964917,4.213183179522845,-0.4130136180702722,physical_onset_snapshot_capacity,road_km,inverse_1,3,distributed_0_2,soy_share_all_land
dose_lag1,0.2445523107482051,0.16058613328591942,-0.07754268299360928,0.5666473044900195,0.13373527483899642,486,54,2016,2024,0.527063230057539,1.269161548806686,0.310376389473446,physical_onset_snapshot_capacity,road_km,inverse_1,3,distributed_0_2,soy_share_all_land
dose_lag2,-0.07207739857652735,0.13997372034145916,-0.35282912760115237,0.2086743304480977,0.608739289611674,486,54,2016,2024,0.44142461201422484,0.9418893686980816,-0.06788893544264535,physical_onset_snapshot_capacity,road_km,inverse_1,3,distributed_0_2,soy_share_all_land
dose_100mgy,-0.0660971591815539,0.04180071853963334,-0.14993878299383284,0.017744464630725057,0.11977216754454077,540,54,2014,2024,0.9651434018255415,4.057299252691713,-0.26817595455236387,physical_onset_snapshot_capacity,road_km,inverse_1,3,exclude_2019,soy_share_all_land
dose_100mgy,-0.059571464623018704,0.04426043756603601,-0.148346660022112,0.029203730776074584,0.18405425031388142,486,54,2014,2024,1.0141073516250219,4.251931889504275,-0.25329381013508895,physical_onset_snapshot_capacity,road_km,inverse_1,3,exclude_2019_2021,soy_share_all_land
dose_100mgy,-0.7006307799647516,0.13948326723370894,-0.9803987846326154,-0.42086277529688787,6.122999203778717e-06,594,54,2014,2024,0.9281976096214994,3.9082228461913986,-2.7382212210031414,physical_onset_snapshot_capacity,road_km,inverse_1,3,cropland_denominator,soy_share_cropland
dose_100mgy,0.029486733211697612,0.12323919119343119,-0.21769978099074014,0.27667324741413535,0.8118235389106658,594,54,2014,2024,0.5425262544872419,3.9082228461913986,0.11524072439750728,physical_onset_snapshot_capacity,road_km,inverse_1,3,hub_trends,soy_share_all_land
dose_100mgy,-0.12805491082028814,0.12850751842683414,-0.38580835127314794,0.12969852963257167,0.32354586742279345,540,54,2014,2023,0.5311337541580298,1.2266050400978519,-0.15707279902144639,physical_onset_snapshot_capacity,road_km,inverse_1,3,lead_diagnostic,soy_share_all_land
dose_lead1,0.008328248163332148,0.07908220312877799,-0.15029056406312855,0.16694706038979282,0.9165263722564603,540,54,2014,2023,0.9410918137862703,4.053404826547742,0.033757761301937896,physical_onset_snapshot_capacity,road_km,inverse_1,3,lead_diagnostic,soy_share_all_land
dose_100mgy,-0.015488638834374822,0.05987139664167109,-0.13586814990962542,0.10489087224087579,0.7969740523063705,539,49,2014,2024,0.9668118356483013,3.8977931206551375,-0.06037150989693819,physical_onset_snapshot_capacity,road_km,inverse_1,4,current,soy_share_all_land
dose_lag2,0.0008731100439117572,0.07897575949883422,-0.15791829701421642,0.1596645171020399,0.9912250547246452,441,49,2016,2024,0.4625500475923586,0.9579403971251762,0.0008363873821988088,physical_onset_snapshot_capacity,road_km,inverse_1,4,lag2,soy_share_all_land
dose_lag3,-0.16925576077862747,0.06833309330419159,-0.30664865327201474,-0.03186286828524021,0.01682687660008086,392,49,2017,2024,0.26699120299320955,0.5285620346603757,-0.08946216929514114,physical_onset_snapshot_capacity,road_km,inverse_1,4,lag3,soy_share_all_land
dose_lag1,0.26369003025289506,0.18889606380136986,-0.11611096120454367,0.6434910217103338,0.16915219422415825,392,49,2017,2024,0.5365792054513768,1.33500699754827,0.3520280355713299,physical_onset_snapshot_capacity,road_km,inverse_1,4,distributed_1_3,soy_share_all_land
dose_lag2,-0.008376055629059163,0.10318800220655096,-0.21584943943535645,0.19909732817723813,0.9356420804446643,392,49,2017,2024,0.46030073620543227,1.000521956118871,-0.008380427562546753,physical_onset_snapshot_capacity,road_km,inverse_1,4,distributed_1_3,soy_share_all_land
dose_lag3,-0.5088428913565395,0.1812233466465124,-0.8732168510170021,-0.14446893169607689,0.007189877484220822,392,49,2017,2024,0.26699120299320955,0.5285620346603757,-0.268955033977881,physical_onset_snapshot_capacity,road_km,inverse_1,4,distributed_1_3,soy_share_all_land
dose_100mgy,-0.07857583608622105,0.07446640403477561,-0.22830057631383022,0.07114890414138812,0.2966230507861819,490,49,2014,2023,0.5566225007044954,1.244414309374709,-0.09778089479677511,physical_onset_snapshot_capacity,road_km,inverse_1,4,exclude_2024,soy_share_all_land
dose_lag1,0.03478523824269331,0.12172948341807004,-0.2099682921453209,0.27953876863070753,0.7762926712246425,490,49,2015,2024,0.5566225007044954,1.244414309374709,0.04328724822421592,physical_onset_snapshot_capacity,road_km,inverse_1,4,lag1,soy_share_all_land
dose_100mgy,-0.0454485690097265,0.07398971254687267,-0.1942148567630944,0.10331771874364143,0.5419473370892454,441,49,2016,2024,0.9870799008126021,4.202680588120476,-0.1910058187350314,physical_onset_snapshot_capacity,road_km,inverse_1,4,distributed_0_2,soy_share_all_land
dose_lag1,0.220054625387622,0.1910809815343103,-0.1641394376062163,0.6042486883814603,0.25517711967717305,441,49,2016,2024,0.5522656166010289,1.2884172589097778,0.2835221772523379,physical_onset_snapshot_capacity,road_km,inverse_1,4,distributed_0_2,soy_share_all_land
dose_lag2,-0.13968614348299105,0.10720330466432222,-0.3552328339732572,0.07586054700727515,0.19879030640455891,441,49,2016,2024,0.4625500475923586,0.9579403971251762,-0.1338109997609808,physical_onset_snapshot_capacity,road_km,inverse_1,4,distributed_0_2,soy_share_all_land
dose_100mgy,-0.03575756579605192,0.04899338038910949,-0.13426535929990088,0.06275022770779703,0.46903201866803335,490,49,2014,2024,1.0054523117186351,4.046849263592242,-0.14470547880960385,physical_onset_snapshot_capacity,road_km,inverse_1,4,exclude_2019,soy_share_all_land
dose_100mgy,-0.03155346191070226,0.05432669845838538,-0.14078461009810267,0.07767768627669816,0.5640860757407712,441,49,2014,2024,1.0564427770022855,4.240672927214801,-0.13380791168461847,physical_onset_snapshot_capacity,road_km,inverse_1,4,exclude_2019_2021,soy_share_all_land
dose_100mgy,-0.8461972990210459,0.22273693135844802,-1.2940399150169042,-0.3983546830251876,0.0004089085293430854,539,49,2014,2024,0.9668118356483013,3.8977931206551375,-3.298302010841191,physical_onset_snapshot_capacity,road_km,inverse_1,4,cropland_denominator,soy_share_cropland
dose_100mgy,0.015191558040863369,0.0821280773163177,-0.14993800878817526,0.18032112486990198,0.8540288040575335,539,49,2014,2024,0.5619238607904388,3.8977931206551375,0.05921355042371048,physical_onset_snapshot_capacity,road_km,inverse_1,4,hub_trends,soy_share_all_land
dose_100mgy,-0.12823050824174875,0.09080282258133135,-0.3108018194141601,0.05434080293066254,0.16434577287964808,490,49,2014,2023,0.5566225007044955,1.244414309374709,-0.1595718793544237,physical_onset_snapshot_capacity,road_km,inverse_1,4,lead_diagnostic,soy_share_all_land
dose_lead1,0.03499655324325724,0.06928341911795999,-0.10430709736236032,0.1743002038488748,0.6157849085256193,490,49,2014,2023,0.9798525536251657,4.0429004896039045,0.1414875822416138,physical_onset_snapshot_capacity,road_km,inverse_1,4,lead_diagnostic,soy_share_all_land
dose_100mgy,-0.0290342072031917,0.06277860977565343,-0.15591451045840565,0.09784609605202227,0.6462391247932512,451,41,2014,2024,1.0370032183497984,3.910599953516251,-0.11354116933918265,physical_onset_snapshot_capacity,road_km,inverse_1,5,current,soy_share_all_land
dose_lag2,-0.09099449662882263,0.08146186820282132,-0.2556350737019179,0.07364608044427264,0.2706507779370053,369,41,2016,2024,0.5034426611482167,1.0021246192666644,-0.09118782528952066,physical_onset_snapshot_capacity,road_km,inverse_1,5,lag2,soy_share_all_land
dose_lag3,-0.2553100016625089,0.05874034914613721,-0.3740286757397649,-0.1365913275852529,9.236860699079115e-05,328,41,2017,2024,0.2901490106277305,0.5578091719022262,-0.14241426060572007,physical_onset_snapshot_capacity,road_km,inverse_1,5,lag3,soy_share_all_land
dose_lag1,0.15950213683341094,0.08511209327428083,-0.012515820300690095,0.331520093967512,0.06824458858020542,328,41,2017,2024,0.5836346412637015,1.3936585510939925,0.22229151691564722,physical_onset_snapshot_capacity,road_km,inverse_1,5,distributed_1_3,soy_share_all_land
dose_lag2,-0.04424645987774891,0.06572410036345148,-0.17707982167234027,0.08858690191684243,0.5046817321137831,328,41,2017,2024,0.5008485443469236,1.0476142146668188,-0.04635322031661483,physical_onset_snapshot_capacity,road_km,inverse_1,5,distributed_1_3,soy_share_all_land
dose_lag3,-0.41218438609604985,0.1557537207332879,-0.7269743980187339,-0.09739437417336583,0.01157712303128572,328,41,2017,2024,0.2901490106277305,0.5578091719022262,-0.22992023107926507,physical_onset_snapshot_capacity,road_km,inverse_1,5,distributed_1_3,soy_share_all_land
dose_100mgy,-0.0827926998297092,0.0706300134340948,-0.22554128179835964,0.05995588213894122,0.2480500329277092,410,41,2014,2023,0.605813213084455,1.296042734824641,-0.1073028771108119,physical_onset_snapshot_capacity,road_km,inverse_1,5,exclude_2024,soy_share_all_land
dose_lag1,-0.04237276636622388,0.09025827086044895,-0.224791536373875,0.14004600364142727,0.6412890441827133,410,41,2015,2024,0.605813213084455,1.296042734824641,-0.05491691600336636,physical_onset_snapshot_capacity,road_km,inverse_1,5,lag1,soy_share_all_land
dose_100mgy,0.035728990304424106,0.051082852625494925,-0.06751330600360586,0.1389712866124541,0.4883296392533975,369,41,2016,2024,1.056412634078035,4.217121662539787,0.1506734989934609,physical_onset_snapshot_capacity,road_km,inverse_1,5,distributed_0_2,soy_share_all_land
dose_lag1,0.0733446334629211,0.08155728547673746,-0.09148878911429618,0.23817805604013836,0.37387391128837555,369,41,2016,2024,0.6009316129703808,1.343209451782876,0.09851720490494624,physical_onset_snapshot_capacity,road_km,inverse_1,5,distributed_0_2,soy_share_all_land
dose_lag2,-0.22365210497949584,0.04975016953089349,-0.3242009482819497,-0.12310326167704203,5.815398241262274e-05,369,41,2016,2024,0.5034426611482168,1.0021246192666644,-0.22412728055076533,physical_onset_snapshot_capacity,road_km,inverse_1,5,distributed_0_2,soy_share_all_land
dose_100mgy,-0.04711793206744142,0.05251398984875538,-0.15325266459755435,0.05901680046267151,0.3749568202725787,410,41,2014,2024,1.0786271677434638,4.060447864673208,-0.19131990665105977,physical_onset_snapshot_capacity,road_km,inverse_1,5,exclude_2019,soy_share_all_land
dose_100mgy,-0.044508139071844574,0.05783116945454216,-0.1613892924490516,0.07237301430536243,0.44604547118271803,369,41,2014,2024,1.133302101983651,4.2543094716272725,-0.18935139761785225,physical_onset_snapshot_capacity,road_km,inverse_1,5,exclude_2019_2021,soy_share_all_land
dose_100mgy,-0.9676282073636265,0.4653591456800394,-1.9081541243515057,-0.027102290375747295,0.04404299260781511,451,41,2014,2024,1.0370032183497984,3.910599953516251,-3.784006822737211,physical_onset_snapshot_capacity,road_km,inverse_1,5,cropland_denominator,soy_share_cropland
dose_100mgy,0.0024995763212761913,0.06270976160606069,-0.12424157959270625,0.12924073223525864,0.9684034696093989,451,41,2014,2024,0.594088732513574,3.910599953516251,0.009774843045792994,physical_onset_snapshot_capacity,road_km,inverse_1,5,hub_trends,soy_share_all_land
dose_100mgy,-0.07755915965773963,0.05676699614168772,-0.1922895385413158,0.03717121922583656,0.179485750955101,410,41,2014,2023,0.605813213084455,1.296042734824641,-0.10051998539351784,physical_onset_snapshot_capacity,road_km,inverse_1,5,lead_diagnostic,soy_share_all_land
dose_lead1,-0.003709966629432615,0.03698540635678458,-0.07846026121760712,0.07104032795874189,0.9206001520916037,410,41,2014,2023,1.0500406577547932,4.056452339241057,-0.015049302812468189,physical_onset_snapshot_capacity,road_km,inverse_1,5,lead_diagnostic,soy_share_all_land
dose_100mgy,-0.02560718411276833,0.06727850454880636,-0.16248633080682978,0.11127196258129313,0.7059283735041824,374,34,2014,2024,1.1213989819368186,4.005454234059659,-0.10256840402683315,physical_onset_snapshot_capacity,road_km,inverse_1,6,current,soy_share_all_land
dose_lag2,-0.18507668459027077,0.10176133416513046,-0.3921116756380827,0.021958306457541155,0.07803779765582965,306,34,2016,2024,0.5485142005147974,1.0644816308598244,-0.19701073104678077,physical_onset_snapshot_capacity,road_km,inverse_1,6,lag2,soy_share_all_land
dose_lag3,-0.3462075189056867,0.04854721356448993,-0.44497756755118145,-0.2474374702601919,3.609156427248415e-08,272,34,2017,2024,0.31682150706808065,0.5986746640868146,-0.20726567008519148,physical_onset_snapshot_capacity,road_km,inverse_1,6,lag3,soy_share_all_land
dose_lag1,0.15170818359286567,0.07300861141344682,0.003171046826673768,0.3002453203590576,0.04556892353373899,272,34,2017,2024,0.6349610500701982,1.4757980127553167,0.2238906358650699,physical_onset_snapshot_capacity,road_km,inverse_1,6,distributed_1_3,soy_share_all_land
dose_lag2,-0.1753335657714798,0.122940487987206,-0.42545786925733703,0.07479073771437744,0.163212707244763,272,34,2017,2024,0.5455045930813412,1.1133720940516318,-0.19521149928053197,physical_onset_snapshot_capacity,road_km,inverse_1,6,distributed_1_3,soy_share_all_land
dose_lag3,-0.3277044462047909,0.23984393400962606,-0.8156705989478048,0.16026170653822297,0.18107611317675235,272,34,2017,2024,0.31682150706808065,0.5986746640868146,-0.1961883492514088,physical_onset_snapshot_capacity,road_km,inverse_1,6,distributed_1_3,soy_share_all_land
dose_100mgy,-0.040897013599013245,0.07696471428583161,-0.19748290217735529,0.11568887497932881,0.5987188144783739,340,34,2014,2023,0.659629924573956,1.3704546728348952,-0.056047503391759956,physical_onset_snapshot_capacity,road_km,inverse_1,6,exclude_2024,soy_share_all_land
dose_lag1,-0.10664386021451464,0.10104449475641407,-0.3122204305194785,0.09893271009044924,0.2989015911834862,340,34,2015,2024,0.659629924573956,1.3704546728348952,-0.14615057656013294,physical_onset_snapshot_capacity,road_km,inverse_1,6,lag1,soy_share_all_land
dose_100mgy,0.1162027208738073,0.05978772581130029,-0.005436321888989792,0.2378417636366044,0.060513892742626293,306,34,2016,2024,1.1412105352374238,4.319588645363445,0.5019479536468358,physical_onset_snapshot_capacity,road_km,inverse_1,6,distributed_0_2,soy_share_all_land
dose_lag1,0.024742801193854587,0.07704789241717111,-0.13201231456511092,0.18149791695282008,0.7501329108548599,306,34,2016,2024,0.6541151689385121,1.4212013649861381,0.035164502830286784,physical_onset_snapshot_capacity,road_km,inverse_1,6,distributed_0_2,soy_share_all_land
dose_lag2,-0.40302964104413697,0.07439173709118203,-0.5543807681599762,-0.25167851392829776,5.376832347538654e-06,306,34,2016,2024,0.5485142005147973,1.0644816308598244,-0.4290176495835125,physical_onset_snapshot_capacity,road_km,inverse_1,6,distributed_0_2,soy_share_all_land
dose_100mgy,-0.03540132502845464,0.06532193532263073,-0.16829980170134312,0.09749715164443384,0.5914928196527692,340,34,2014,2024,1.166532684765287,4.15911900256193,-0.14723832364171693,physical_onset_snapshot_capacity,road_km,inverse_1,6,exclude_2019,soy_share_all_land
dose_100mgy,-0.033030501492176186,0.07089511239143918,-0.17726769216694935,0.11120668918259699,0.6443429917552196,306,34,2014,2024,1.2256959545530546,4.357436948680364,-0.1439283276354504,physical_onset_snapshot_capacity,road_km,inverse_1,6,exclude_2019_2021,soy_share_all_land
dose_100mgy,-1.0137352009471055,0.6046539708934887,-2.2439129543933953,0.2164425524991842,0.10307963024674734,374,34,2014,2024,1.1213989819368186,4.005454234059659,-4.060469952848903,physical_onset_snapshot_capacity,road_km,inverse_1,6,cropland_denominator,soy_share_cropland
dose_100mgy,-0.022590607593056436,0.04907152383981423,-0.12242737351430838,0.07724615832819551,0.648276497372167,374,34,2014,2024,0.6396745670258179,4.005454234059659,-0.09048564483358819,physical_onset_snapshot_capacity,road_km,inverse_1,6,hub_trends,soy_share_all_land
dose_100mgy,-0.02142901884826501,0.06868909755747447,-0.1611780385969368,0.11832000090040679,0.7570250952718507,340,34,2014,2023,0.659629924573956,1.3704546728348952,-0.029367499014871828,physical_onset_snapshot_capacity,road_km,inverse_1,6,lead_diagnostic,soy_share_all_land
dose_lead1,-0.013896191786696837,0.033436132231020016,-0.08192251429824593,0.05413013072485226,0.6803899422084577,340,34,2014,2023,1.1350178351551323,4.154921811957724,-0.05773759035769446,physical_onset_snapshot_capacity,road_km,inverse_1,6,lead_diagnostic,soy_share_all_land
dose_100mgy,-0.03126992509306416,0.061667918523611205,-0.15480561052615505,0.09226576034002675,0.6140970293483063,627,57,2014,2024,1.0140028021017684,2.591953942089913,-0.08105020561382394,physical_onset_snapshot_capacity,road_km,inverse_2,1,current,soy_share_all_land
dose_lag2,0.02527350956557865,0.068609885950768,-0.11216860768650834,0.16271562681766563,0.7139896568754163,513,57,2016,2024,0.4419428345239886,0.7328177673821606,0.018520876853759027,physical_onset_snapshot_capacity,road_km,inverse_2,1,lag2,soy_share_all_land
dose_lag3,-0.01241393228499149,0.09137442531151702,-0.19545890173034602,0.17063103716036304,0.8924208633160902,456,57,2017,2024,0.2558006855922878,0.42860883421956814,-0.005320721044750862,physical_onset_snapshot_capacity,road_km,inverse_2,1,lag3,soy_share_all_land
dose_lag1,0.21178741332197804,0.12442562120049461,-0.03746705753479379,0.46104188417874986,0.09427862090038465,456,57,2017,2024,0.5164756289873756,1.0290686695814395,0.21794379166134237,physical_onset_snapshot_capacity,road_km,inverse_2,1,distributed_1_3,soy_share_all_land
dose_lag2,-0.04366626921223967,0.1659748944151074,-0.376153936011059,0.2888213975865797,0.7934470971561682,456,57,2017,2024,0.4400295669484217,0.7716545427303183,-0.03369527500170978,physical_onset_snapshot_capacity,road_km,inverse_2,1,distributed_1_3,soy_share_all_land
dose_lag3,-0.24161089711637432,0.16044709833814444,-0.563025057728334,0.07980326349558534,0.13772331330826276,456,57,2017,2024,0.25580068559228775,0.42860883421956814,-0.10355656494779321,physical_onset_snapshot_capacity,road_km,inverse_2,1,distributed_1_3,soy_share_all_land
dose_100mgy,-0.11673349944050403,0.06539418605651097,-0.24773379572482052,0.014266796843812476,0.07966548216183428,570,57,2014,2023,0.5345587456844033,0.9404045884907364,-0.1097767185044308,physical_onset_snapshot_capacity,road_km,inverse_2,1,exclude_2024,soy_share_all_land
dose_lag1,0.03212749202586663,0.08862328820480084,-0.14540628754418072,0.20966127159591397,0.718329968387539,570,57,2015,2024,0.5345587456844033,0.9404045884907364,0.030212840917824522,physical_onset_snapshot_capacity,road_km,inverse_2,1,lag1,soy_share_all_land
dose_100mgy,-0.043568138235431264,0.10348778692559472,-0.250879086908235,0.1637428104373725,0.6753680483744886,513,57,2016,2024,1.0455955397871717,2.810113017395916,-0.12243139239909014,physical_onset_snapshot_capacity,road_km,inverse_2,1,distributed_0_2,soy_share_all_land
dose_lag1,0.19521514666721418,0.14815889989004388,-0.10158279445222718,0.49201308778665553,0.19300065073832093,513,57,2016,2024,0.5308223185111887,0.981972297225511,0.19169586602601937,physical_onset_snapshot_capacity,road_km,inverse_2,1,distributed_0_2,soy_share_all_land
dose_lag2,-0.0888015439206911,0.15447909018691203,-0.398260347593686,0.22065725975230377,0.5676984622444308,513,57,2016,2024,0.4419428345239886,0.7328177673821606,-0.06507534915604973,physical_onset_snapshot_capacity,road_km,inverse_2,1,distributed_0_2,soy_share_all_land
dose_100mgy,-0.03363287020610983,0.05826619073540779,-0.15035407601943535,0.08308833560721568,0.5660990224346061,570,57,2014,2024,1.0543244722092757,2.693326321923245,-0.09058429460794368,physical_onset_snapshot_capacity,road_km,inverse_2,1,exclude_2019,soy_share_all_land
dose_100mgy,-0.02694682309541071,0.06499006568498823,-0.15713756899617695,0.10324392280535552,0.6799969659602045,513,57,2014,2024,1.1071987001429349,2.818934814787962,-0.07596133777158556,physical_onset_snapshot_capacity,road_km,inverse_2,1,exclude_2019_2021,soy_share_all_land
dose_100mgy,-0.11849646233029282,0.12865119633603753,-0.3762157773591353,0.13922285269854967,0.3609661341405052,627,57,2014,2024,1.0140028021017684,2.591953942089913,-0.30713737266071134,physical_onset_snapshot_capacity,road_km,inverse_2,1,cropland_denominator,soy_share_cropland
dose_100mgy,0.023828344805342246,0.1032447202770302,-0.1829956828596632,0.23065237247034767,0.8183153428103541,627,57,2014,2024,0.6229627631361496,2.591953942089913,0.06176197225168453,physical_onset_snapshot_capacity,road_km,inverse_2,1,hub_trends,soy_share_all_land
dose_100mgy,-0.29196067551563276,0.11903387488783623,-0.5304141806131895,-0.05350717041807607,0.01731737008280248,570,57,2014,2023,0.5345587456844033,0.9404045884907364,-0.27456115891375604,physical_onset_snapshot_capacity,road_km,inverse_2,1,lead_diagnostic,soy_share_all_land
dose_lead1,0.11473348224674979,0.08137414811228999,-0.048278524713347204,0.2777454892068468,0.1640845166220214,570,57,2014,2023,1.0319090954675896,2.694945060660015,0.30920043127320185,physical_onset_snapshot_capacity,road_km,inverse_2,1,lead_diagnostic,soy_share_all_land
dose_100mgy,-0.02470324039128528,0.04733605472352117,-0.11952875268305403,0.07012227190048347,0.6038193873586558,627,57,2014,2024,1.0140028021017684,2.591953942089913,-0.06402966131458665,physical_onset_snapshot_capacity,road_km,inverse_2,2,current,soy_share_all_land
dose_lag2,0.039670536323506644,0.06372618098207083,-0.0879883442764465,0.1673294169234598,0.5361296923362738,513,57,2016,2024,0.4419428345239886,0.7328177673821606,0.029071273859445048,physical_onset_snapshot_capacity,road_km,inverse_2,2,lag2,soy_share_all_land
dose_lag3,0.0065020957255715675,0.115072962929547,-0.22401674925336867,0.2370209407045118,0.9551413452933617,456,57,2017,2024,0.2558006855922878,0.42860883421956814,0.0027868556689212664,physical_onset_snapshot_capacity,road_km,inverse_2,2,lag3,soy_share_all_land
dose_lag1,0.1941186182898095,0.09713926773132063,-0.0004747182286371221,0.38871195480825615,0.05054254256965543,456,57,2017,2024,0.5164756289873756,1.0290686695814395,0.19976138826448156,physical_onset_snapshot_capacity,road_km,inverse_2,2,distributed_1_3,soy_share_all_land
dose_lag2,-0.013739830325456198,0.12000905214493184,-0.25414685021252115,0.22666718956160878,0.9092589265589287,456,57,2017,2024,0.4400295669484217,0.7716545427303183,-0.010602402486982063,physical_onset_snapshot_capacity,road_km,inverse_2,2,distributed_1_3,soy_share_all_land
dose_lag3,-0.23643454261293728,0.14009981159117915,-0.5170881898953024,0.044219104669427856,0.0970479924353604,456,57,2017,2024,0.25580068559228775,0.42860883421956814,-0.10133793367856786,physical_onset_snapshot_capacity,road_km,inverse_2,2,distributed_1_3,soy_share_all_land
dose_100mgy,-0.1436944861669287,0.05052431766911472,-0.24490685661370432,-0.042482115720153105,0.0062079446616748685,570,57,2014,2023,0.5345587456844033,0.9404045884907364,-0.1351309541321984,physical_onset_snapshot_capacity,road_km,inverse_2,2,exclude_2024,soy_share_all_land
dose_lag1,0.0359410019068863,0.079133385283877,-0.12258221771405307,0.19446422152782566,0.6514529672155994,570,57,2015,2024,0.5345587456844033,0.9404045884907364,0.03379908310819019,physical_onset_snapshot_capacity,road_km,inverse_2,2,lag1,soy_share_all_land
dose_100mgy,-0.03136367805896219,0.09557908460572254,-0.22283159221135135,0.160104236093427,0.7440267894177088,513,57,2016,2024,1.0455955397871717,2.810113017395916,-0.08813547998690432,physical_onset_snapshot_capacity,road_km,inverse_2,2,distributed_0_2,soy_share_all_land
dose_lag1,0.16844494831858584,0.12349970693076408,-0.0789546933708995,0.41584459000807117,0.17804691708004128,513,57,2016,2024,0.5308223185111887,0.981972297225511,0.16540827285643422,physical_onset_snapshot_capacity,road_km,inverse_2,2,distributed_0_2,soy_share_all_land
dose_lag2,-0.07030938570265333,0.12293592127406566,-0.316579629007938,0.17596085760263136,0.5696656119953086,513,57,2016,2024,0.4419428345239886,0.7328177673821606,-0.051523967056629615,physical_onset_snapshot_capacity,road_km,inverse_2,2,distributed_0_2,soy_share_all_land
dose_100mgy,-0.03316165447603218,0.04135677013589899,-0.11600922041229667,0.0496859114602323,0.4260330865211041,570,57,2014,2024,1.0543244722092757,2.693326321923245,-0.08931515687882126,physical_onset_snapshot_capacity,road_km,inverse_2,2,exclude_2019,soy_share_all_land
dose_100mgy,-0.026001619528963613,0.04634396879812331,-0.11883974489837949,0.06683650584045227,0.5769967663984281,513,57,2014,2024,1.1071987001429349,2.818934814787962,-0.0732968705310661,physical_onset_snapshot_capacity,road_km,inverse_2,2,exclude_2019_2021,soy_share_all_land
dose_100mgy,-0.28137909708028175,0.11360386318255947,-0.5089549816260075,-0.053803212534556055,0.016300890581636262,627,57,2014,2024,1.0140028021017684,2.591953942089913,-0.7293216598989366,physical_onset_snapshot_capacity,road_km,inverse_2,2,cropland_denominator,soy_share_cropland
dose_100mgy,0.05110895640902979,0.11246040493161787,-0.17417630600810713,0.2763942188261667,0.6512532340606795,627,57,2014,2024,0.6229627631361496,2.591953942089913,0.13247206104048628,physical_onset_snapshot_capacity,road_km,inverse_2,2,hub_trends,soy_share_all_land
dose_100mgy,-0.3095129592010504,0.15160700875164887,-0.6132182923950791,-0.005807626007021727,0.04591834366109479,570,57,2014,2023,0.5345587456844033,0.9404045884907364,-0.2910674070300139,physical_onset_snapshot_capacity,road_km,inverse_2,2,lead_diagnostic,soy_share_all_land
dose_lead1,0.10857294660667591,0.07985397856162839,-0.0513937948099831,0.26853968802333494,0.17939231916286683,570,57,2014,2023,1.0319090954675896,2.694945060660015,0.29259812617896475,physical_onset_snapshot_capacity,road_km,inverse_2,2,lead_diagnostic,soy_share_all_land
dose_100mgy,-0.044883558168323776,0.04431837148746015,-0.1337749542983066,0.04400783796165904,0.315779490915963,594,54,2014,2024,1.0388499541511076,2.59481899889811,-0.11646470947331498,physical_onset_snapshot_capacity,road_km,inverse_2,3,current,soy_share_all_land
dose_lag2,-0.009808838289093139,0.04948260998158074,-0.1090583850975247,0.08944070851933843,0.8436250870315586,486,54,2016,2024,0.4538856330474569,0.7465153191510722,-0.007322448045883621,physical_onset_snapshot_capacity,road_km,inverse_2,3,lag2,soy_share_all_land
dose_lag3,-0.1359688695846207,0.08054949838207918,-0.2975307033893392,0.02559296422009777,0.09728492410576389,432,54,2017,2024,0.2625782386798594,0.43818997625130923,-0.059580195734202306,physical_onset_snapshot_capacity,road_km,inverse_2,3,lag3,soy_share_all_land
dose_lag1,0.18058223436244134,0.10541160644304146,-0.03084667312071232,0.392011141845595,0.09253603718472635,432,54,2017,2024,0.5303910532406128,1.047113154465617,0.18909003306370528,physical_onset_snapshot_capacity,road_km,inverse_2,3,distributed_1_3,soy_share_all_land
dose_lag2,-0.017833730280619613,0.12961300533903106,-0.27780449668049473,0.2421370361192555,0.8910841685664109,432,54,2017,2024,0.4519038635811162,0.7862673338182311,-0.014022079559776237,physical_onset_snapshot_capacity,road_km,inverse_2,3,distributed_1_3,soy_share_all_land
dose_lag3,-0.355899528112918,0.13121817180254133,-0.6190898507187974,-0.0927092055070386,0.008990429989415703,432,54,2017,2024,0.2625782386798594,0.43818997625130923,-0.15595160577165168,physical_onset_snapshot_capacity,road_km,inverse_2,3,distributed_1_3,soy_share_all_land
dose_100mgy,-0.11578112563720162,0.04150425631299158,-0.19902812152563087,-0.032534129748772386,0.0073160531244662545,540,54,2014,2023,0.5490102637782298,0.9562069433016689,-0.11071071623757506,physical_onset_snapshot_capacity,road_km,inverse_2,3,exclude_2024,soy_share_all_land
dose_lag1,0.012872634008941525,0.0720267252349784,-0.13159468168697686,0.15733994970485993,0.8588388065677323,540,54,2015,2024,0.5490102637782298,0.9562069433016689,0.012308902017931084,physical_onset_snapshot_capacity,road_km,inverse_2,3,lag1,soy_share_all_land
dose_100mgy,-0.09756069182759741,0.09445130130344578,-0.28700601116954516,0.09188462751435036,0.3063315188201045,486,54,2016,2024,1.0708642079899213,2.8138614005866507,-0.27452226494820586,physical_onset_snapshot_capacity,road_km,inverse_2,3,distributed_0_2,soy_share_all_land
dose_lag1,0.20845153653542167,0.12931170438097617,-0.050914896674449345,0.46781796974529266,0.11289989172161105,486,54,2016,2024,0.5451546717447818,0.9987846925756599,0.2081982038354551,physical_onset_snapshot_capacity,road_km,inverse_2,3,distributed_0_2,soy_share_all_land
dose_lag2,-0.03713499977351927,0.11476696513713477,-0.26732838049211277,0.19305838094507424,0.7475379131471178,486,54,2016,2024,0.45388563304745694,0.7465153191510722,-0.02772184620760373,physical_onset_snapshot_capacity,road_km,inverse_2,3,distributed_0_2,soy_share_all_land
dose_100mgy,-0.06297150110225258,0.03654262960325167,-0.13626673408735882,0.010323731882853654,0.09067643307314224,540,54,2014,2024,1.080195182297817,2.6964682208290993,-0.1698006515401287,physical_onset_snapshot_capacity,road_km,inverse_2,3,exclude_2019,soy_share_all_land
dose_100mgy,-0.054618520214524534,0.0400597792744153,-0.1349682620675008,0.025731221638451714,0.1785122529148485,486,54,2014,2024,1.1343634502219615,2.8220437223291173,-0.15413585209430494,physical_onset_snapshot_capacity,road_km,inverse_2,3,exclude_2019_2021,soy_share_all_land
dose_100mgy,-0.6404621381885319,0.13033168790288113,-0.901874399262754,-0.37904987711430976,8.978749743853546e-06,594,54,2014,2024,1.0388499541511076,2.59481899889811,-1.6618833242465094,physical_onset_snapshot_capacity,road_km,inverse_2,3,cropland_denominator,soy_share_cropland
dose_100mgy,-0.00586916743944983,0.10325196690918743,-0.21296638657624561,0.20122805169734598,0.9548838994464472,594,54,2014,2024,0.6368889765950684,2.59481899889811,-0.015229427179598591,physical_onset_snapshot_capacity,road_km,inverse_2,3,hub_trends,soy_share_all_land
dose_100mgy,-0.19057985168121608,0.13394782806952807,-0.4592451714131984,0.07808546805076624,0.16065613461518574,540,54,2014,2023,0.5490102637782298,0.9562069433016689,-0.18223377743098104,physical_onset_snapshot_capacity,road_km,inverse_2,3,lead_diagnostic,soy_share_all_land
dose_lead1,0.04902473815249916,0.0778722415618573,-0.10716719850662182,0.20521667481162015,0.5316913896781036,540,54,2014,2023,1.057050327099602,2.6981953766189926,0.13227832182302995,physical_onset_snapshot_capacity,road_km,inverse_2,3,lead_diagnostic,soy_share_all_land
dose_100mgy,-0.01691338235391776,0.05012347332523658,-0.11769337999448946,0.08386661528665394,0.7372606736301838,539,49,2014,2024,1.0812887837669662,2.596778651996329,-0.04392031022970506,physical_onset_snapshot_capacity,road_km,inverse_2,4,current,soy_share_all_land
dose_lag2,-0.009319699144953716,0.06881504423805689,-0.14768161893744003,0.12904222064753257,0.8928373727576528,441,49,2016,2024,0.4758003071828172,0.7714939049383664,-0.007190091086191098,physical_onset_snapshot_capacity,road_km,inverse_2,4,lag2,soy_share_all_land
dose_lag3,-0.15990919864809022,0.06686961718894874,-0.29435957519721734,-0.025458822098963108,0.020753942985444022,392,49,2017,2024,0.2748615201635092,0.4558104798521908,-0.0728882885685653,physical_onset_snapshot_capacity,road_km,inverse_2,4,lag3,soy_share_all_land
dose_lag1,0.23543121518615182,0.16033262901914996,-0.08693914150102264,0.5578015718733262,0.1485208826097263,392,49,2017,2024,0.5558020373300772,1.0799431887807085,0.25425233726665,physical_onset_snapshot_capacity,road_km,inverse_2,4,distributed_1_3,soy_share_all_land
dose_lag2,-0.02117677829199134,0.10437375164284221,-0.23103427112872915,0.1886807145447465,0.8400757231599578,392,49,2017,2024,0.4736588389272969,0.8129328797606243,-0.017215299360960796,physical_onset_snapshot_capacity,road_km,inverse_2,4,distributed_1_3,soy_share_all_land
dose_lag3,-0.4498039299921473,0.13750934082506744,-0.7262849901530246,-0.17332286983126993,0.0019875254755319168,392,49,2017,2024,0.2748615201635092,0.4558104798521908,-0.2050253451691219,physical_onset_snapshot_capacity,road_km,inverse_2,4,distributed_1_3,soy_share_all_land
dose_100mgy,-0.07798961626106862,0.07083233926197588,-0.22040757954502885,0.0644283470228916,0.27636781133755867,490,49,2014,2023,0.5754973143155517,0.984888995714664,-0.0768111148355359,physical_onset_snapshot_capacity,road_km,inverse_2,4,exclude_2024,soy_share_all_land
dose_lag1,0.022314267026410945,0.10893458134550162,-0.19671338853409887,0.24134192258692078,0.8385625267274177,490,49,2015,2024,0.5754973143155517,0.984888995714664,0.02197707604175072,physical_onset_snapshot_capacity,road_km,inverse_2,4,lag1,soy_share_all_land
dose_100mgy,-0.03695718666425216,0.06006529068045877,-0.15772654783318543,0.08381217450468109,0.5412738034042878,441,49,2016,2024,1.1135933228343928,2.8172240607679724,-0.10411667548882443,physical_onset_snapshot_capacity,road_km,inverse_2,4,distributed_0_2,soy_share_all_land
dose_lag1,0.19863491876725212,0.1744143419604961,-0.15204861940667982,0.5493184569411841,0.26041024982396155,441,49,2016,2024,0.5713873833462487,1.0293328193016875,0.2044614409464573,physical_onset_snapshot_capacity,road_km,inverse_2,4,distributed_0_2,soy_share_all_land
dose_lag2,-0.1393514988640458,0.10332477573375677,-0.34709988427806593,0.06839688654997436,0.18377054279921254,441,49,2016,2024,0.4758003071828172,0.7714939049383664,-0.10750883201763703,physical_onset_snapshot_capacity,road_km,inverse_2,4,distributed_0_2,soy_share_all_land
dose_100mgy,-0.031676068104614305,0.043129987352178226,-0.11839471977079735,0.05504258356156874,0.4662579682714558,490,49,2014,2024,1.1244364484312865,2.6988080748025713,-0.08548762837872927,physical_onset_snapshot_capacity,road_km,inverse_2,4,exclude_2019,soy_share_all_land
dose_100mgy,-0.02646727263601666,0.04878601946550691,-0.1245581390594972,0.07162359378746389,0.5899721725605591,441,49,2014,2024,1.1808074690205388,2.824129475929193,-0.0747470047988288,physical_onset_snapshot_capacity,road_km,inverse_2,4,exclude_2019_2021,soy_share_all_land
dose_100mgy,-0.7766805735564457,0.20296655215918769,-1.1847721779628602,-0.36858896915003136,0.00037542096828621646,539,49,2014,2024,1.0812887837669662,2.596778651996329,-2.0168675328316428,physical_onset_snapshot_capacity,road_km,inverse_2,4,cropland_denominator,soy_share_cropland
dose_100mgy,-0.004578810411309754,0.06954042840415661,-0.14439921282078644,0.13524159199816693,0.9477756152642697,539,49,2014,2024,0.6593042154023454,2.596778651996329,-0.011890157127627698,physical_onset_snapshot_capacity,road_km,inverse_2,4,hub_trends,soy_share_all_land
dose_100mgy,-0.18775041753468447,0.08573112088206312,-0.3601243889902452,-0.015376446079123751,0.03341636605376197,490,49,2014,2023,0.5754973143155517,0.984888995714664,-0.18491332017074424,physical_onset_snapshot_capacity,road_km,inverse_2,4,lead_diagnostic,soy_share_all_land
dose_lead1,0.0722087202856978,0.06835479668327187,-0.06522780977602616,0.20964525034742176,0.29608206188448527,490,49,2014,2023,1.0998152905908758,2.7007562470899007,0.19501815240596557,physical_onset_snapshot_capacity,road_km,inverse_2,4,lead_diagnostic,soy_share_all_land
dose_100mgy,-0.024581079762988605,0.05449262889924346,-0.13471479098434197,0.08555263145836475,0.6543607535153219,451,41,2014,2024,1.160169038536413,2.640602262262028,-0.06490885483099107,physical_onset_snapshot_capacity,road_km,inverse_2,5,current,soy_share_all_land
dose_lag2,-0.08673449860985935,0.08119559937191952,-0.25083692630161336,0.07736792908189463,0.2918273049882631,369,41,2016,2024,0.518022208839727,0.8276068698231909,-0.0717820669001896,physical_onset_snapshot_capacity,road_km,inverse_2,5,lag2,soy_share_all_land
dose_lag3,-0.23742910709634274,0.06744126092838326,-0.37373297984992215,-0.10112523434276335,0.0010914978933753243,328,41,2017,2024,0.299150500218052,0.4928317625138983,-0.11701260532239172,physical_onset_snapshot_capacity,road_km,inverse_2,5,lag3,soy_share_all_land
dose_lag1,0.136617849905828,0.06482232616712492,0.005607041747045488,0.26762865806461056,0.04138340369469393,328,41,2017,2024,0.6045819664381727,1.154585121566574,0.15773693684168438,physical_onset_snapshot_capacity,road_km,inverse_2,5,distributed_1_3,soy_share_all_land
dose_lag2,-0.03504507020551828,0.07155022553595328,-0.1796534702070969,0.10956332979606034,0.6269533459990028,328,41,2017,2024,0.5155713885958815,0.8724460976434806,-0.030574934742446234,physical_onset_snapshot_capacity,road_km,inverse_2,5,distributed_1_3,soy_share_all_land
dose_lag3,-0.37699055733272024,0.12375021527597706,-0.6270990719721008,-0.12688204269333964,0.004088540084631712,328,41,2017,2024,0.29915050021805206,0.4928317625138983,-0.18579292082138135,physical_onset_snapshot_capacity,road_km,inverse_2,5,distributed_1_3,soy_share_all_land
dose_100mgy,-0.08039072268222937,0.06837791977278306,-0.21858765357533788,0.05780620821087916,0.2466722198367552,410,41,2014,2023,0.6263575321317464,1.0514656639252122,-0.08452808459849792,physical_onset_snapshot_capacity,road_km,inverse_2,5,exclude_2024,soy_share_all_land
dose_lag1,-0.04363723781827175,0.08497366324644108,-0.21537541742982644,0.12810094179328294,0.6103999092031976,410,41,2015,2024,0.6263575321317464,1.0514656639252122,-0.045883057234451484,physical_onset_snapshot_capacity,road_km,inverse_2,5,lag1,soy_share_all_land
dose_100mgy,0.03192709174817111,0.042687443260000464,-0.054347449299711206,0.11820163279605343,0.4588791036856455,369,41,2016,2024,1.192623355158049,2.8661426097881413,0.09150759806604858,physical_onset_snapshot_capacity,road_km,inverse_2,5,distributed_0_2,soy_share_all_land
dose_lag1,0.0598423068399989,0.06728850742948514,-0.07615283957617432,0.19583745325617213,0.3791382937236774,369,41,2016,2024,0.6217538637631862,1.0995940408374907,0.0658022439912314,physical_onset_snapshot_capacity,road_km,inverse_2,5,distributed_0_2,soy_share_all_land
dose_lag2,-0.20500764702223523,0.055948171306742046,-0.31808311918293114,-0.09193217486153933,0.0007199941087251867,369,41,2016,2024,0.518022208839727,0.8276068698231909,-0.1696657370418897,physical_onset_snapshot_capacity,road_km,inverse_2,5,distributed_0_2,soy_share_all_land
dose_100mgy,-0.03886880194175606,0.047517445835312415,-0.1349051423297173,0.05716753844620515,0.41820906212234726,410,41,2014,2024,1.2065941946404932,2.744618078625238,-0.10668001650384744,physical_onset_snapshot_capacity,road_km,inverse_2,5,exclude_2019,soy_share_all_land
dose_100mgy,-0.03532868664786414,0.05280231200953282,-0.1420461400016043,0.07138876670587602,0.5072914047402524,369,41,2014,2024,1.267086767505474,2.8714661872558147,-0.10144512914949785,physical_onset_snapshot_capacity,road_km,inverse_2,5,exclude_2019_2021,soy_share_all_land
dose_100mgy,-0.8686034651078398,0.3992401176526819,-1.6754978417186561,-0.06170908849702339,0.03554902323769537,451,41,2014,2024,1.160169038536413,2.640602262262028,-2.2936362749723984,physical_onset_snapshot_capacity,road_km,inverse_2,5,cropland_denominator,soy_share_cropland
dose_100mgy,-0.010521141460233483,0.0534070139755867,-0.11846074307603494,0.09741846015556796,0.8448257233627116,451,41,2014,2024,0.6991657904527537,2.640602262262028,-0.02778214994147135,physical_onset_snapshot_capacity,road_km,inverse_2,5,hub_trends,soy_share_all_land
dose_100mgy,-0.1105298039350029,0.052348987063482906,-0.21633105339646963,-0.0047285544735361645,0.04103412520805751,410,41,2014,2023,0.6263575321317463,1.0514656639252122,-0.11621829367804136,physical_onset_snapshot_capacity,road_km,inverse_2,5,lead_diagnostic,soy_share_all_land
dose_lead1,0.019960418055303818,0.033789412300619964,-0.048330531598391256,0.08825136770899888,0.5580246256660267,410,41,2014,2023,1.1791425779017202,2.746916302180244,0.05482959775444694,physical_onset_snapshot_capacity,road_km,inverse_2,5,lead_diagnostic,soy_share_all_land
dose_100mgy,-0.020625485427951423,0.0594608510634712,-0.14159949651594034,0.10034852566003749,0.7308875359471133,374,34,2014,2024,1.2515281194729868,2.772279967119725,-0.05717962006402954,physical_onset_snapshot_capacity,road_km,inverse_2,6,current,soy_share_all_land
dose_lag2,-0.1843123467079336,0.09499945054471566,-0.3775901820904395,0.008965488674572308,0.06094767929737535,306,34,2016,2024,0.5641277462964982,0.8983108008179479,-0.1655697717718391,physical_onset_snapshot_capacity,road_km,inverse_2,6,lag2,soy_share_all_land
dose_lag3,-0.33538488141974554,0.04495305274715202,-0.4268425549008733,-0.24392720793861775,1.4161392868760887e-08,272,34,2017,2024,0.3266043969219059,0.538036334913186,-0.1804492523843734,physical_onset_snapshot_capacity,road_km,inverse_2,6,lag3,soy_share_all_land
dose_lag1,0.13271718411914477,0.055616354768105634,0.0195648595550644,0.24586950868322513,0.02291062018497767,272,34,2017,2024,0.6572261454405265,1.2490977642571448,0.16577673796172757,physical_onset_snapshot_capacity,road_km,inverse_2,6,distributed_1_3,soy_share_all_land
dose_lag2,-0.1718519095649325,0.12064187294203957,-0.4172996455784514,0.07359582644858642,0.16369636400932241,272,34,2017,2024,0.5612694738136454,0.9469547006101832,-0.16273597357134892,physical_onset_snapshot_capacity,road_km,inverse_2,6,distributed_1_3,soy_share_all_land
dose_lag3,-0.2973561791204417,0.207500120579099,-0.7195183486612009,0.12480599042031748,0.16125266111736505,272,34,2017,2024,0.3266043969219059,0.538036334913186,-0.15998842877775132,physical_onset_snapshot_capacity,road_km,inverse_2,6,distributed_1_3,soy_share_all_land
dose_100mgy,-0.04285788168849698,0.07166801042128451,-0.18866754522835893,0.10295178185136496,0.5539183706499469,340,34,2014,2023,0.6814796686420597,1.1373428238970813,-0.04874410418584217,physical_onset_snapshot_capacity,road_km,inverse_2,6,exclude_2024,soy_share_all_land
dose_lag1,-0.10862634780548036,0.09323822067555851,-0.29832093407686133,0.08106823846590061,0.2523551983819619,340,34,2015,2024,0.6814796686420597,1.1373428238970813,-0.12354539716271155,physical_onset_snapshot_capacity,road_km,inverse_2,6,lag1,soy_share_all_land
dose_100mgy,0.10747534093423004,0.05661702069934071,-0.007712853774584458,0.22266353564304453,0.06643330660329633,306,34,2016,2024,1.2852040940030554,3.0091764680752036,0.32341226683764474,physical_onset_snapshot_capacity,road_km,inverse_2,6,distributed_0_2,soy_share_all_land
dose_lag1,0.015731250319258868,0.06165001201816808,-0.10969664221963965,0.1411591428581574,0.8001752560235195,306,34,2016,2024,0.6762551707991916,1.1894911539271333,0.018712183094971815,physical_onset_snapshot_capacity,road_km,inverse_2,6,distributed_0_2,soy_share_all_land
dose_lag2,-0.39453899755829147,0.08180807470553579,-0.5609787770015823,-0.22809921811500064,3.1070930755908096e-05,306,34,2016,2024,0.5641277462964982,0.8983108008179479,-0.3544186428504992,physical_onset_snapshot_capacity,road_km,inverse_2,6,distributed_0_2,soy_share_all_land
dose_100mgy,-0.028003286545032997,0.05896819343811474,-0.14797497815782915,0.09196840506776315,0.6379947657944317,340,34,2014,2024,1.3017198379535355,2.8815088496059125,-0.08069171799756275,physical_onset_snapshot_capacity,road_km,inverse_2,6,exclude_2019,soy_share_all_land
dose_100mgy,-0.024786090070674435,0.06444118476061857,-0.15589266625191212,0.10632048611056323,0.7029783711929722,306,34,2014,2024,1.3670180468872384,3.0145321483246845,-0.07471846534931934,physical_onset_snapshot_capacity,road_km,inverse_2,6,exclude_2019_2021,soy_share_all_land
dose_100mgy,-0.9912590123075956,0.530830884597246,-2.071242567379257,0.08872454276406583,0.07075347794970437,374,34,2014,2024,1.2515281194729868,2.772279967119725,-2.7480475020472324,physical_onset_snapshot_capacity,road_km,inverse_2,6,cropland_denominator,soy_share_cropland
dose_100mgy,-0.029956849863063958,0.04111699638562191,-0.1136100079947809,0.05369630826865297,0.4714002245506249,374,34,2014,2024,0.750979231380717,2.772279967119725,-0.08304877475338548,physical_onset_snapshot_capacity,road_km,inverse_2,6,hub_trends,soy_share_all_land
dose_100mgy,-0.039973938291586956,0.06641207597114368,-0.17509032279024642,0.09514244620707249,0.5513489451253406,340,34,2014,2023,0.6814796686420597,1.1373428238970813,-0.04546407185884118,physical_onset_snapshot_capacity,road_km,inverse_2,6,lead_diagnostic,soy_share_all_land
dose_lead1,-0.0019268659091606192,0.030029045040397155,-0.06302141741164381,0.059167685593322576,0.9492245865353943,340,34,2014,2023,1.2714494746474234,2.883943001862897,-0.005556971454251956,physical_onset_snapshot_capacity,road_km,inverse_2,6,lead_diagnostic,soy_share_all_land
dose_100mgy,-0.0360988631203756,0.035166665914938125,-0.10654616022729921,0.034348433986548,0.30906589585983274,627,57,2014,2024,0.9372635504743331,1.230697658045984,-0.044426786300368795,physical_onset_snapshot_capacity,road_km,nearest_only,1,current,soy_share_all_land
dose_lag2,0.01966246252118706,0.05027534735877956,-0.08105116046214096,0.12037608550451508,0.6972107132191965,513,57,2016,2024,0.44083170009062944,0.6265961745008685,0.012320423797042514,physical_onset_snapshot_capacity,road_km,nearest_only,1,lag2,soy_share_all_land
dose_lag3,-0.054851438430200336,0.053299635751769894,-0.1616234390679056,0.05192056220750492,0.3078503242596875,456,57,2017,2024,0.2566626831423315,0.4045705612382449,-0.022191277230431187,physical_onset_snapshot_capacity,road_km,nearest_only,1,lag3,soy_share_all_land
dose_lag1,0.09898616121596908,0.04968939626157751,-0.0005536606701902064,0.19852598310212838,0.05124439352104477,456,57,2017,2024,0.5106863821838058,0.858030193015648,0.084933115014016,physical_onset_snapshot_capacity,road_km,nearest_only,1,distributed_1_3,soy_share_all_land
dose_lag2,0.11832572284540163,0.0545249682890854,0.009099086174816778,0.22755235951598649,0.03425516113514622,456,57,2017,2024,0.43788363011492265,0.6641290473664079,0.07858354959225819,physical_onset_snapshot_capacity,road_km,nearest_only,1,distributed_1_3,soy_share_all_land
dose_lag3,-0.34056739248513,0.12320566580348963,-0.5873779990154433,-0.09375678595481679,0.007709764635693118,456,57,2017,2024,0.2566626831423315,0.4045705612382449,-0.13778354111715468,physical_onset_snapshot_capacity,road_km,nearest_only,1,distributed_1_3,soy_share_all_land
dose_100mgy,-0.09682053823867282,0.0491441195349408,-0.19526803958299338,0.0016269631056477357,0.05377540065477834,570,57,2014,2023,0.5319022570739218,0.7687149201724056,-0.07442739232319072,physical_onset_snapshot_capacity,road_km,nearest_only,1,exclude_2024,soy_share_all_land
dose_lag1,-0.012364418292897169,0.05493511806478596,-0.1224126836949917,0.09768384710919736,0.8227417047015038,570,57,2015,2024,0.5319022570739218,0.7687149201724056,-0.00950471282100268,physical_onset_snapshot_capacity,road_km,nearest_only,1,lag1,soy_share_all_land
dose_100mgy,-0.09947542832197291,0.048284539692916656,-0.19620098432564986,-0.0027498723182959456,0.04403825977073259,513,57,2016,2024,0.9549870012270952,1.358629806277488,-0.1351502819104522,physical_onset_snapshot_capacity,road_km,nearest_only,1,distributed_0_2,soy_share_all_land
dose_lag1,0.09171323758507857,0.06829628379128087,-0.04510065905160518,0.22852713422176232,0.18473086124674032,513,57,2016,2024,0.5269481098021893,0.8097024026969636,0.07426042883175558,physical_onset_snapshot_capacity,road_km,nearest_only,1,distributed_0_2,soy_share_all_land
dose_lag2,0.10610756637065061,0.04065667554598422,0.024662458423948486,0.18755267431735273,0.01159828046920935,513,57,2016,2024,0.4408317000906294,0.6265961745008685,0.06648659517344667,physical_onset_snapshot_capacity,road_km,nearest_only,1,distributed_0_2,soy_share_all_land
dose_100mgy,-0.024527088453019565,0.03689164995679776,-0.09842994383195917,0.04937576692592004,0.5088808306445801,570,57,2014,2024,0.9754784035169187,1.28088977147374,-0.03141649672350444,physical_onset_snapshot_capacity,road_km,nearest_only,1,exclude_2019,soy_share_all_land
dose_100mgy,-0.02095972175832359,0.044926299612573314,-0.11095791448938981,0.06903847097274264,0.6426420106773194,513,57,2014,2024,1.0252987224310566,1.335031184955105,-0.027981882175344037,physical_onset_snapshot_capacity,road_km,nearest_only,1,exclude_2019_2021,soy_share_all_land
dose_100mgy,-0.17155478233293386,0.06297113498661969,-0.2977011240501962,-0.04540844061567148,0.00857902326620668,627,57,2014,2024,0.9372635504743331,1.230697658045984,-0.21113206884373026,physical_onset_snapshot_capacity,road_km,nearest_only,1,cropland_denominator,soy_share_cropland
dose_100mgy,-0.02797585905260937,0.06798429285706176,-0.164164762745954,0.10821304464073526,0.6822731901903758,627,57,2014,2024,0.5328402515746151,1.230697658045984,-0.03442982421787089,physical_onset_snapshot_capacity,road_km,nearest_only,1,hub_trends,soy_share_all_land
dose_100mgy,-0.21778069918083248,0.09415996093378223,-0.40640576700850994,-0.029155631353155048,0.024427294896113123,570,57,2014,2023,0.5319022570739218,0.7687149201724056,-0.16741127278588433,physical_onset_snapshot_capacity,road_km,nearest_only,1,lead_diagnostic,soy_share_all_land
dose_lead1,0.08190808488971855,0.07953412065524469,-0.0774179041446272,0.24123407392406432,0.30750877983402625,570,57,2014,2023,0.9491207312621203,1.2899313527823897,0.10565580674560947,physical_onset_snapshot_capacity,road_km,nearest_only,1,lead_diagnostic,soy_share_all_land
dose_100mgy,-0.05927740548443717,0.017086883051824823,-0.09350654537204425,-0.025048265596830092,0.0010115073878999654,627,57,2014,2024,0.9372635504743331,1.230697658045984,-0.07295256410473899,physical_onset_snapshot_capacity,road_km,nearest_only,2,current,soy_share_all_land
dose_lag2,-0.017335037382890165,0.03481158616717237,-0.08707102428065118,0.052400949514870857,0.6204569734972073,513,57,2016,2024,0.44083170009062944,0.6265961745008685,-0.010862068108948525,physical_onset_snapshot_capacity,road_km,nearest_only,2,lag2,soy_share_all_land
dose_lag3,-0.07237484683979366,0.04876398123354868,-0.17006083965997185,0.02531114598038453,0.1433666402253594,456,57,2017,2024,0.2566626831423315,0.4045705612382449,-0.029280732405507336,physical_onset_snapshot_capacity,road_km,nearest_only,2,lag3,soy_share_all_land
dose_lag1,0.06605123734056209,0.04766403199403352,-0.029431292374353574,0.16153376705547776,0.17131227981257674,456,57,2017,2024,0.5106863821838058,0.858030193015648,0.056673955924244866,physical_onset_snapshot_capacity,road_km,nearest_only,2,distributed_1_3,soy_share_all_land
dose_lag2,0.07655615119161399,0.0457009253707519,-0.014993803400103978,0.16810610578333196,0.09947975820185377,456,57,2017,2024,0.43788363011492265,0.6641290473664079,0.05084316376092529,physical_onset_snapshot_capacity,road_km,nearest_only,2,distributed_1_3,soy_share_all_land
dose_lag3,-0.25998370020712647,0.1165034325752374,-0.49336812022738963,-0.026599280186863333,0.029664620803855277,456,57,2017,2024,0.2566626831423315,0.4045705612382449,-0.10518175150559277,physical_onset_snapshot_capacity,road_km,nearest_only,2,distributed_1_3,soy_share_all_land
dose_100mgy,-0.142568715773362,0.0374465890034166,-0.21758324764696707,-0.06755418389975691,0.0003506400013848976,570,57,2014,2023,0.5319022570739218,0.7687149201724056,-0.10959469896480235,physical_onset_snapshot_capacity,road_km,nearest_only,2,exclude_2024,soy_share_all_land
dose_lag1,-0.042840051819578374,0.032975824198279144,-0.10889856559114014,0.023218461951983384,0.19922103723780452,570,57,2015,2024,0.5319022570739218,0.7687149201724056,-0.03293178701466891,physical_onset_snapshot_capacity,road_km,nearest_only,2,lag1,soy_share_all_land
dose_100mgy,-0.11717044423049143,0.07343783236124105,-0.26428410032045346,0.02994321185947059,0.11622796846445635,513,57,2016,2024,0.9549870012270952,1.358629806277488,-0.15919125794631978,physical_onset_snapshot_capacity,road_km,nearest_only,2,distributed_0_2,soy_share_all_land
dose_lag1,0.0810766742797302,0.07863164675056145,-0.07644144228105643,0.23859479084051682,0.30692917704268635,513,57,2016,2024,0.5269481098021893,0.8097024026969636,0.06564797796697665,physical_onset_snapshot_capacity,road_km,nearest_only,2,distributed_0_2,soy_share_all_land
dose_lag2,0.11147895588558354,0.05710962705096692,-0.002925374461129296,0.22588328623229637,0.05594320359009958,513,57,2016,2024,0.4408317000906294,0.6265961745008685,0.06985228729525772,physical_onset_snapshot_capacity,road_km,nearest_only,2,distributed_0_2,soy_share_all_land
dose_100mgy,-0.04830952824236382,0.01909303865273652,-0.08655748071806194,-0.010061575766665713,0.014238237057825646,570,57,2014,2024,0.9754784035169187,1.28088977147374,-0.06187918059036558,physical_onset_snapshot_capacity,road_km,nearest_only,2,exclude_2019,soy_share_all_land
dose_100mgy,-0.045305502369051974,0.023880097308189283,-0.0931430856668662,0.0025320809287622537,0.06296142410320235,513,57,2014,2024,1.0252987224310566,1.335031184955105,-0.06048425851274178,physical_onset_snapshot_capacity,road_km,nearest_only,2,exclude_2019_2021,soy_share_all_land
dose_100mgy,-0.3308738868429297,0.05699436696817585,-0.44504732349853765,-0.2167004501873217,3.14445304737076e-07,627,57,2014,2024,0.9372635504743331,1.230697658045984,-0.4072057176461655,physical_onset_snapshot_capacity,road_km,nearest_only,2,cropland_denominator,soy_share_cropland
dose_100mgy,-0.032874833070684784,0.08316913042102647,-0.19948262168125425,0.13373295553988468,0.6941403066369303,627,57,2014,2024,0.5328402515746151,1.230697658045984,-0.04045898006874443,physical_onset_snapshot_capacity,road_km,nearest_only,2,hub_trends,soy_share_all_land
dose_100mgy,-0.2648532635632854,0.14855445130520423,-0.5624435893839739,0.03273706225740308,0.08002787560526375,570,57,2014,2023,0.5319022570739218,0.7687149201724056,-0.20359665535745206,physical_onset_snapshot_capacity,road_km,nearest_only,2,lead_diagnostic,soy_share_all_land
dose_lead1,0.08280489247916403,0.08545605531325771,-0.08838415719646986,0.2539939421547979,0.33672353373867625,570,57,2014,2023,0.9491207312621203,1.2899313527823897,0.10681262697264839,physical_onset_snapshot_capacity,road_km,nearest_only,2,lead_diagnostic,soy_share_all_land
dose_100mgy,-0.06675325389138981,0.01676017151152166,-0.10036990078146502,-0.03313660700131461,0.00020887935211046874,594,54,2014,2024,0.961774554526267,1.2639671921748048,-0.08437392288963183,physical_onset_snapshot_capacity,road_km,nearest_only,3,current,soy_share_all_land
dose_lag2,-0.0360120563829265,0.032374321887964824,-0.10094672286084357,0.028922610094990572,0.2710014974174747,486,54,2016,2024,0.4524993758105941,0.6435612781605288,-0.023175965034985205,physical_onset_snapshot_capacity,road_km,nearest_only,3,lag2,soy_share_all_land
dose_lag3,-0.1403810473562128,0.055638745389111614,-0.2519782381049339,-0.028783856607491637,0.014668844862727551,432,54,2017,2024,0.2635183100956335,0.41552153481187004,-0.05833134825595135,physical_onset_snapshot_capacity,road_km,nearest_only,3,lag3,soy_share_all_land
dose_lag1,0.057675133447122745,0.04905710527778806,-0.04072095900568774,0.15607122589993322,0.24497973541882878,432,54,2017,2024,0.5241462225194866,0.8811365375542035,0.05081966738857437,physical_onset_snapshot_capacity,road_km,nearest_only,3,distributed_1_3,soy_share_all_land
dose_lag2,0.05771108696248352,0.06708998506784858,-0.07685438191328937,0.19227655583825642,0.39355104517228157,432,54,2017,2024,0.44946409418886907,0.6820827029120118,0.03936373418336092,physical_onset_snapshot_capacity,road_km,nearest_only,3,distributed_1_3,soy_share_all_land
dose_lag3,-0.2925295371184712,0.1483202623555109,-0.5900223093625327,0.004963235125590437,0.05380502210524961,432,54,2017,2024,0.2635183100956335,0.41552153481187004,-0.12155232224127305,physical_onset_snapshot_capacity,road_km,nearest_only,3,distributed_1_3,soy_share_all_land
dose_100mgy,-0.12880766935911384,0.034398050841293965,-0.19780142208077967,-0.05981391663744802,0.00044662734057182503,540,54,2014,2023,0.5459489897258865,0.7894899728953335,-0.10169236339103786,physical_onset_snapshot_capacity,road_km,nearest_only,3,exclude_2024,soy_share_all_land
dose_lag1,-0.05312309185213707,0.028859737107075907,-0.11100839398058107,0.004762210276306918,0.07126149322914015,540,54,2015,2024,0.5459489897258865,0.7894899728953335,-0.04194014834646001,physical_onset_snapshot_capacity,road_km,nearest_only,3,lag1,soy_share_all_land
dose_100mgy,-0.14466462462353166,0.0891834168972782,-0.3235439059140114,0.034214656666948035,0.11071589148523514,486,54,2016,2024,0.9799282345056971,1.3952440087832845,-0.20184245078886537,physical_onset_snapshot_capacity,road_km,nearest_only,3,distributed_0_2,soy_share_all_land
dose_lag1,0.11048300034363456,0.08145744309290301,-0.05289993992878883,0.27386594061605796,0.1807449804097974,486,54,2016,2024,0.5408538216942362,0.8315506443128426,0.09187221012136533,physical_onset_snapshot_capacity,road_km,nearest_only,3,distributed_0_2,soy_share_all_land
dose_lag2,0.11246890512184374,0.07692017545493617,-0.0418134287560423,0.26675123899972975,0.14960447309700176,486,54,2016,2024,0.4524993758105941,0.6435612781605288,0.072380632333529,physical_onset_snapshot_capacity,road_km,nearest_only,3,distributed_0_2,soy_share_all_land
dose_100mgy,-0.05071255619492949,0.019493595492511735,-0.08981175728838137,-0.011613355101477617,0.012005363677447764,540,54,2014,2024,1.0009913092359897,1.3155072636108598,-0.06671273603070364,physical_onset_snapshot_capacity,road_km,nearest_only,3,exclude_2019,soy_share_all_land
dose_100mgy,-0.04602952312742739,0.02352445124670235,-0.09321359700755108,0.0011545507526962914,0.05566412527908796,486,54,2014,2024,1.0521168991689287,1.3711243661650134,-0.0631122007229717,physical_onset_snapshot_capacity,road_km,nearest_only,3,exclude_2019_2021,soy_share_all_land
dose_100mgy,-0.6181064905836704,0.13857259260194463,-0.8960479132558353,-0.34016506791150547,4.288711607164228e-05,594,54,2014,2024,0.961774554526267,1.2639671921748048,-0.7812663253680643,physical_onset_snapshot_capacity,road_km,nearest_only,3,cropland_denominator,soy_share_cropland
dose_100mgy,-0.07528206211817504,0.08399533634732516,-0.2437553716221999,0.09319124738584983,0.3741643111017657,594,54,2014,2024,0.5467437697746877,1.2639671921748048,-0.09515405667663894,physical_onset_snapshot_capacity,road_km,nearest_only,3,hub_trends,soy_share_all_land
dose_100mgy,-0.2624576877814175,0.15831192811861206,-0.5799912036163739,0.055075828053538944,0.10325550024595345,540,54,2014,2023,0.5459489897258865,0.7894899728953335,-0.20720771281272318,physical_onset_snapshot_capacity,road_km,nearest_only,3,lead_diagnostic,soy_share_all_land
dose_lead1,0.09053617961298788,0.08857025839328612,-0.08711326146361462,0.2681856206895904,0.3113313380988602,540,54,2014,2023,0.973928263449459,1.3247536620703086,0.11993813549216091,physical_onset_snapshot_capacity,road_km,nearest_only,3,lead_diagnostic,soy_share_all_land
dose_100mgy,-0.06420018552018462,0.0252392194027083,-0.11494703730657384,-0.013453333733795411,0.014244843707504827,539,49,2014,2024,1.0072629002696891,1.3259634691282831,-0.08512710071102338,physical_onset_snapshot_capacity,road_km,nearest_only,4,current,soy_share_all_land
dose_lag2,-0.0630764199957051,0.026377371431229587,-0.11611167981009973,-0.01004116018131046,0.020756463028020256,441,49,2016,2024,0.47418543867975527,0.6751808525672729,-0.04258799102959154,physical_onset_snapshot_capacity,road_km,nearest_only,4,lag2,soy_share_all_land
dose_lag3,-0.17456689207352105,0.05062358989517893,-0.2763524414724826,-0.07278134267455946,0.001183736000455663,392,49,2017,2024,0.2762749166142077,0.43593133470979983,-0.07609917825775162,physical_onset_snapshot_capacity,road_km,nearest_only,4,lag3,soy_share_all_land
dose_lag1,0.12167276191163587,0.07467790449656526,-0.028477228495701168,0.2718227523189729,0.10979559611301058,392,49,2017,2024,0.5491501138700738,0.9241741329664346,0.1124468192453175,physical_onset_snapshot_capacity,road_km,nearest_only,4,distributed_1_3,soy_share_all_land
dose_lag2,-0.013134163466060129,0.07493599887379476,-0.16380308739900218,0.1375347604668819,0.8616033942591831,392,49,2017,2024,0.4709859313749221,0.7155385286485132,-0.009398000001533721,physical_onset_snapshot_capacity,road_km,nearest_only,4,distributed_1_3,soy_share_all_land
dose_lag3,-0.32436448739943097,0.09336582994950185,-0.5120890702703329,-0.13663990452852906,0.0010965374632816592,392,49,2017,2024,0.2762749166142077,0.43593133470979983,-0.141400643924494,physical_onset_snapshot_capacity,road_km,nearest_only,4,distributed_1_3,soy_share_all_land
dose_100mgy,-0.13757289708381992,0.02440466008649967,-0.18664175490174095,-0.08850403926589889,8.939400612563402e-07,490,49,2014,2023,0.5720495998510204,0.8282020596199838,-0.11393815671270772,physical_onset_snapshot_capacity,road_km,nearest_only,4,exclude_2024,soy_share_all_land
dose_lag1,-0.06387464913423244,0.04124245810448691,-0.146798168888975,0.01904887062051014,0.1280083009788685,490,49,2015,2024,0.5720495998510204,0.8282020596199838,-0.05290111597047512,physical_onset_snapshot_capacity,road_km,nearest_only,4,lag1,soy_share_all_land
dose_100mgy,-0.06033460602408815,0.04911845208447482,-0.1590938730258336,0.03842466097765733,0.22530489363091777,441,49,2016,2024,1.026207140755149,1.4634473139167614,-0.08829651712217786,physical_onset_snapshot_capacity,road_km,nearest_only,4,distributed_0_2,soy_share_all_land
dose_lag1,0.10480678398804072,0.09845540580352355,-0.09315107699652225,0.3027646449726037,0.29242347606003355,441,49,2016,2024,0.566690025188702,0.8722547274889838,0.09141821280648525,physical_onset_snapshot_capacity,road_km,nearest_only,4,distributed_0_2,soy_share_all_land
dose_lag2,-0.060076404941302716,0.06861890696843888,-0.19804396432222954,0.07789115443962409,0.38565772296006245,441,49,2016,2024,0.47418543867975527,0.6751808525672729,-0.04056243830744549,physical_onset_snapshot_capacity,road_km,nearest_only,4,distributed_0_2,soy_share_all_land
dose_100mgy,-0.05478074395024529,0.029469305348177845,-0.11403275356633333,0.004471265665842751,0.06917669794333438,490,49,2014,2024,1.0483396137969285,1.3800133799203667,-0.07559815961333019,physical_onset_snapshot_capacity,road_km,nearest_only,4,exclude_2019,soy_share_all_land
dose_100mgy,-0.054134551519215514,0.0331274604958735,-0.12074177502404243,0.01247267198561141,0.1087744600151856,441,49,2014,2024,1.1018881341187883,1.4383830400642037,-0.07786622078672147,physical_onset_snapshot_capacity,road_km,nearest_only,4,exclude_2019_2021,soy_share_all_land
dose_100mgy,-0.7792540301829227,0.1414104057560746,-1.063578707085832,-0.49492935328001336,1.3891825657504927e-06,539,49,2014,2024,1.0072629002696891,1.3259634691282831,-1.033262377193544,physical_onset_snapshot_capacity,road_km,nearest_only,4,cropland_denominator,soy_share_cropland
dose_100mgy,-0.007938541698855299,0.045012740398142764,-0.09844272207927754,0.08256563868156694,0.860751476541292,539,49,2014,2024,0.5725390141179663,1.3259634691282831,-0.010526216290833706,physical_onset_snapshot_capacity,road_km,nearest_only,4,hub_trends,soy_share_all_land
dose_100mgy,-0.21641379162443916,0.0820206167581381,-0.38132729452012815,-0.05150028872875015,0.011192922576996339,490,49,2014,2023,0.5720495998510204,0.8282020596199838,-0.17923434795353052,physical_onset_snapshot_capacity,road_km,nearest_only,4,lead_diagnostic,soy_share_all_land
dose_lead1,0.05344829606184337,0.05821826067828698,-0.06360736238634852,0.17050395451003525,0.3631737833351635,490,49,2014,2023,1.0199637085115087,1.3896325551035957,0.07427349222235285,physical_onset_snapshot_capacity,road_km,nearest_only,4,lead_diagnostic,soy_share_all_land
dose_100mgy,-0.07345718446663836,0.03677277970238482,-0.14777774455628234,0.0008633756230056328,0.05259302013645375,451,41,2014,2024,1.095629745762997,1.447428932592253,-0.10632405410377858,physical_onset_snapshot_capacity,road_km,nearest_only,5,current,soy_share_all_land
dose_lag2,-0.1330099228399621,0.04086310644386467,-0.21559734164512268,-0.050422504034801544,0.0023109216512150993,369,41,2016,2024,0.5164468774448663,0.7371547756805145,-0.0980488998343748,physical_onset_snapshot_capacity,road_km,nearest_only,5,lag2,soy_share_all_land
dose_lag3,-0.24355097628848701,0.06036666427546053,-0.3655565558505012,-0.12154539672647288,0.00023961154111703153,328,41,2017,2024,0.3011933248713446,0.4759316872703605,-0.11591362708132319,physical_onset_snapshot_capacity,road_km,nearest_only,5,lag3,soy_share_all_land
dose_lag1,0.06762580979945497,0.03156594342175366,0.003828658377948463,0.13142296122096148,0.03830358677983452,328,41,2017,2024,0.5978237911348769,1.0084140494691176,0.06819481670849672,physical_onset_snapshot_capacity,road_km,nearest_only,5,distributed_1_3,soy_share_all_land
dose_lag2,-0.048141979416081886,0.06311036863407783,-0.1756927923355735,0.07940883350340971,0.45004498913623786,328,41,2017,2024,0.5129186799133418,0.781086390789732,-0.03760304494758097,physical_onset_snapshot_capacity,road_km,nearest_only,5,distributed_1_3,soy_share_all_land
dose_lag3,-0.2749023454051919,0.06065756579675504,-0.39749585887289696,-0.15230883193748676,5.188902577506884e-05,328,41,2017,2024,0.3011933248713446,0.4759316872703605,-0.1308347370832724,physical_onset_snapshot_capacity,road_km,nearest_only,5,distributed_1_3,soy_share_all_land
dose_100mgy,-0.13748747278695977,0.023159666983509616,-0.18429490577501978,-0.09068003979889977,5.805159439282303e-07,410,41,2014,2023,0.6228844934713174,0.9040430391116803,-0.12429459273810756,physical_onset_snapshot_capacity,road_km,nearest_only,5,exclude_2024,soy_share_all_land
dose_lag1,-0.10949710552078266,0.029746794180473407,-0.16961761917944332,-0.04937659186212201,0.0006856608904505547,410,41,2015,2024,0.6228844934713174,0.9040430391116803,-0.0989900960489407,physical_onset_snapshot_capacity,road_km,nearest_only,5,lag1,soy_share_all_land
dose_100mgy,-0.0011885860011459,0.029099129036213388,-0.06000011957558347,0.057622947573291665,0.967621788354657,369,41,2016,2024,1.116077653443302,1.5969703586236692,-0.0018981366125050407,physical_onset_snapshot_capacity,road_km,nearest_only,5,distributed_0_2,soy_share_all_land
dose_lag1,0.011280812610868074,0.030550027280346684,-0.050463095698625886,0.07302472092036204,0.7138837368186186,369,41,2016,2024,0.6170003075238948,0.9519668188554264,0.010738959295272259,physical_onset_snapshot_capacity,road_km,nearest_only,5,distributed_0_2,soy_share_all_land
dose_lag2,-0.14217722335156457,0.05983144819194111,-0.2631010908586815,-0.021253355844447652,0.022363717558223754,369,41,2016,2024,0.5164468774448662,0.7371547756805145,-0.10480661918660099,physical_onset_snapshot_capacity,road_km,nearest_only,5,distributed_0_2,soy_share_all_land
dose_100mgy,-0.07044367176834948,0.038868246491223044,-0.1489993282161185,0.008111984679419551,0.0774399109306241,410,41,2014,2024,1.1403220930540625,1.5063880365997275,-0.10611550440599964,physical_onset_snapshot_capacity,road_km,nearest_only,5,exclude_2019,soy_share_all_land
dose_100mgy,-0.072184395733804,0.041215954593533104,-0.15548494725077455,0.011116155783166534,0.08754758922705708,369,41,2014,2024,1.1985797620492682,1.5701613803489574,-0.11334115044504509,physical_onset_snapshot_capacity,road_km,nearest_only,5,exclude_2019_2021,soy_share_all_land
dose_100mgy,-0.5535747791806089,0.1450106685686948,-0.8466522727566573,-0.26049728560456054,0.00045878379668307643,451,41,2014,2024,1.095629745762997,1.447428932592253,-0.8012601517393809,physical_onset_snapshot_capacity,road_km,nearest_only,5,cropland_denominator,soy_share_cropland
dose_100mgy,-0.0018019497357684,0.03182989388907999,-0.06613256495104798,0.06252866547951118,0.955136230072207,451,41,2014,2024,0.6226194712055333,1.447428932592253,-0.0026081941826281473,physical_onset_snapshot_capacity,road_km,nearest_only,5,hub_trends,soy_share_all_land
dose_100mgy,-0.14020366478353083,0.044162578343879655,-0.22945956504681875,-0.05094776452024291,0.0028843703280592,410,41,2014,2023,0.6228844934713174,0.9040430391116803,-0.12675014720549846,physical_onset_snapshot_capacity,road_km,nearest_only,5,lead_diagnostic,soy_share_all_land
dose_lead1,0.0018443591691025185,0.03701427138842268,-0.07296427382415616,0.07665299216236118,0.960507181983557,410,41,2014,2023,1.1093802885522155,1.5167016836731089,0.002797342657075726,physical_onset_snapshot_capacity,road_km,nearest_only,5,lead_diagnostic,soy_share_all_land
dose_100mgy,-0.07888022753779131,0.034108516907105264,-0.14827452695860638,-0.009485928116976253,0.027121672934369945,374,34,2014,2024,1.1954434638879645,1.5864951939647065,-0.1251431018875484,physical_onset_snapshot_capacity,road_km,nearest_only,6,current,soy_share_all_land
dose_lag2,-0.24133582434339174,0.039152490385115694,-0.32099216496514776,-0.1616794837216357,5.958949975719267e-07,306,34,2016,2024,0.5644256691758499,0.8081511931640862,-0.19503583439635036,physical_onset_snapshot_capacity,road_km,nearest_only,6,lag2,soy_share_all_land
dose_lag3,-0.3285749069588125,0.042319864294802514,-0.41467531825256826,-0.2424744956650567,6.046920967269922e-09,272,34,2017,2024,0.32958862890851653,0.5217508725725061,-0.1714342444111904,physical_onset_snapshot_capacity,road_km,nearest_only,6,lag3,soy_share_all_land
dose_lag1,0.06929262544978354,0.023929320454802377,0.020608056926920748,0.11797719397264633,0.006663464963255787,272,34,2017,2024,0.6529854323485549,1.1047153500884637,0.07654862698230641,physical_onset_snapshot_capacity,road_km,nearest_only,6,distributed_1_3,soy_share_all_land
dose_lag2,-0.23053153897251472,0.06962732718131436,-0.3721894012434089,-0.08887367670162055,0.0022588483898801585,272,34,2017,2024,0.5605086579760298,0.8561321089497933,-0.19736545263998048,physical_onset_snapshot_capacity,road_km,nearest_only,6,distributed_1_3,soy_share_all_land
dose_lag3,-0.13178735355467705,0.061866991961516855,-0.25765669510755834,-0.005918012001795758,0.04070219545919372,272,34,2017,2024,0.32958862890851653,0.5217508725725061,-0.06876016671117412,physical_onset_snapshot_capacity,road_km,nearest_only,6,distributed_1_3,soy_share_all_land
dose_100mgy,-0.10711222849836284,0.022763426035853917,-0.15342476699066418,-0.060799690006061495,4.382416467516351e-05,340,34,2014,2023,0.6805431202953379,0.9908642778799489,-0.10613368094314238,physical_onset_snapshot_capacity,road_km,nearest_only,6,exclude_2024,soy_share_all_land
dose_lag1,-0.1792095917474313,0.031199292099480892,-0.24268502879341547,-0.11573415470144716,2.050835940077006e-06,340,34,2015,2024,0.6805431202953379,0.9908642778799489,-0.17757238271597897,physical_onset_snapshot_capacity,road_km,nearest_only,6,lag1,soy_share_all_land
dose_100mgy,0.06913661662731296,0.05108495268365974,-0.034796501077068415,0.17306973433169434,0.18513735051948962,306,34,2016,2024,1.2175313156515732,1.7496558707119065,0.12096528716313654,physical_onset_snapshot_capacity,road_km,nearest_only,6,distributed_0_2,soy_share_all_land
dose_lag1,-0.012602628740104989,0.026593318726812476,-0.06670714249975093,0.041501885019540954,0.6386902889144149,306,34,2016,2024,0.6740464332154446,1.0431632987434327,-0.013146599769366711,physical_onset_snapshot_capacity,road_km,nearest_only,6,distributed_0_2,soy_share_all_land
dose_lag2,-0.35160476643730626,0.08838851227069117,-0.531432546770816,-0.17177698610379652,0.00035817776621716637,306,34,2016,2024,0.5644256691758499,0.8081511931640862,-0.2841498115184889,physical_onset_snapshot_capacity,road_km,nearest_only,6,distributed_0_2,soy_share_all_land
dose_100mgy,-0.08101464428537004,0.03703439590372337,-0.15636168928329036,-0.005667599287449726,0.035891285643238915,340,34,2014,2024,1.2442242344134475,1.6510601274660075,-0.13376004892041632,physical_onset_snapshot_capacity,road_km,nearest_only,6,exclude_2019,soy_share_all_land
dose_100mgy,-0.08273463034644568,0.039639163649644565,-0.1633811151697453,-0.0020881455231460677,0.04467168726223302,306,34,2014,2024,1.3078052594032128,1.7210393380413547,-0.14238955344454304,physical_onset_snapshot_capacity,road_km,nearest_only,6,exclude_2019_2021,soy_share_all_land
dose_100mgy,-0.5543087781194667,0.2614439490050161,-1.0862204917957365,-0.022397064443196668,0.041595938848943956,374,34,2014,2024,1.1954434638879645,1.5864951939647065,-0.8794082124589827,physical_onset_snapshot_capacity,road_km,nearest_only,6,cropland_denominator,soy_share_cropland
dose_100mgy,-0.01715419398189228,0.022576833824567672,-0.06308710776594686,0.028778719802162296,0.45276002203619303,374,34,2014,2024,0.6791324599988883,1.5864951939647065,-0.027215046308610394,physical_onset_snapshot_capacity,road_km,nearest_only,6,hub_trends,soy_share_all_land
dose_100mgy,-0.08000705841487768,0.027194208230396106,-0.13533409106164127,-0.0246800257681141,0.005923515320108085,340,34,2014,2023,0.6805431202953379,0.9908642778799489,-0.07927613616155667,physical_onset_snapshot_capacity,road_km,nearest_only,6,lead_diagnostic,soy_share_all_land
dose_lead1,-0.018443408861860116,0.026048979267262008,-0.07144045566404533,0.034553637940325094,0.48389908610484506,340,34,2014,2023,1.2103558918549935,1.6621046208885613,-0.03065487509423474,physical_onset_snapshot_capacity,road_km,nearest_only,6,lead_diagnostic,soy_share_all_land
