hub_id,year,ring_index,inner_miles,outer_miles,soy_pixels,all_valid_pixels,cropland_pixels,soy_acres,all_valid_acres,cropland_acres,soy_share_all_land,soy_share_cropland
1,2013,1,0.0,25.0,1247708,5646896,2462646,277483.8251696705,1255840.551166869,547679.7713237299,0.2209546625261028,0.5066534126301547
1,2014,1,0.0,25.0,1248183,5646896,2458634,277589.46272024774,1255840.551166869,546787.5232123283,0.2210387795348099,0.5076733665929943
1,2014,2,25.0,50.0,1555004,13394477,3283323,345824.87094267114,2978862.613774355,730194.1041554259,0.1160929239715742,0.4736067697268895
1,2015,1,0.0,25.0,766761,5646896,2520591,170523.69245923063,1255840.551166869,560566.4405199334,0.1357845088700057,0.3041988962112457
1,2015,2,25.0,50.0,1040777,13394477,3392221,231463.43784652677,2978862.613774355,754412.4578033361,0.0777019513341207,0.3068128521107557
1,2016,1,0.0,25.0,1308252,5646896,2629420,290948.49856366374,1255840.551166869,584769.4489236545,0.2316763050001275,0.4975439450525211
1,2016,2,25.0,50.0,1756760,13394477,3726837,390694.3649516317,2978862.613774355,828829.3306958514,0.1311555501569788,0.4713809592423816
1,2017,1,0.0,25.0,1361201,5646896,2595101,302724.0831226382,1255840.551166869,577137.0802957399,0.2410529607770357,0.5245271763989148
1,2017,2,25.0,50.0,1813091,13394477,3702997,403222.0888707158,2978862.613774355,823527.4376310919,0.135361089499799,0.489627995917901
1,2018,1,0.0,25.0,1366005,5646896,2673996,303792.46794994967,1255840.551166869,594682.9214595067,0.2419036936398332,0.5108478097947791
1,2018,2,25.0,50.0,1868000,13394477,3856690,415433.5673225984,2978862.613774355,857707.9682855416,0.1394604656829826,0.4843531629454273
1,2019,1,0.0,25.0,1398832,5646896,2754247,311093.02347163,1255840.551166869,612530.3300308161,0.24771697583947,0.5078818275920787
1,2019,2,25.0,50.0,1610048,13394477,4010713,358066.3726984019,2978862.613774355,891961.8892382871,0.1202023789357359,0.4014368517517958
1,2020,1,0.0,25.0,1454492,5646896,2848278,323471.5204508462,1255840.551166869,633442.3395430812,0.2575737183755465,0.5106566142771176
1,2020,2,25.0,50.0,1964464,13394477,4235860,436886.6634886621,2978862.613774355,942033.4210273562,0.1466622399665175,0.463769812977766
1,2021,1,0.0,25.0,1389198,5646896,2798961,308950.4715510808,1255840.551166869,622474.4930550467,0.2460109058144509,0.4963263153720255
1,2021,2,25.0,50.0,1911887,13394477,4066374,425193.80981140287,2978862.613774355,904340.6086123466,0.1427369653925271,0.4701699843644485
1,2022,1,0.0,25.0,1485893,5646896,2736303,330454.9409259516,1255840.551166869,608539.676962274,0.2631344724606226,0.5430294086583247
1,2022,2,25.0,50.0,2078053,13394477,3954475,462148.27134658856,2978862.613774355,879454.8480396317,0.1551425262815412,0.5254940289166071
1,2023,1,0.0,25.0,1310568,5646896,2690883,291463.56502079393,1255840.551166869,598438.5031786592,0.2320864418257393,0.4870401277201573
1,2023,2,25.0,50.0,1812339,13394477,3832069,403054.8479485389,2978862.613774355,852232.3848481489,0.1353049469568688,0.4729400749308011
1,2024,1,0.0,25.0,1410664,5646896,2473938,313724.3992577976,1255840.551166869,550191.0538945044,0.2498122862542536,0.5702099244200945
1,2024,2,25.0,50.0,1939320,13394477,3185526,431294.7675482127,2978862.613774355,708444.5556632159,0.144785048344926,0.6087911384179567
3,2013,1,0.0,25.0,1048123,5646896,2432906,233097.1503655588,1255840.551166869,541065.7486833797,0.1856104663517798,0.4308111369695335
3,2014,1,0.0,25.0,1035110,5646896,2474025,230203.1262694297,1255840.551166869,550210.4022458734,0.1833060144900844,0.4183910833560695
3,2014,2,25.0,50.0,2660891,13392935,5982658,591768.4370377923,2978519.6809259546,1330512.2885498295,0.1986787063477871,0.4447673592573735
3,2015,1,0.0,25.0,805080,5646896,2589158,179045.64046042692,1255840.551166869,575815.3877418865,0.1425703607787357,0.3109427852606909
3,2015,2,25.0,50.0,2121884,13392935,6176947,471896.0597241672,2978519.6809259546,1373721.1602637162,0.1584330843090032,0.3435166272270104
3,2016,1,0.0,25.0,1134571,5646896,2686625,252322.7397809249,1255840.551166869,597491.5459358008,0.2009194077595904,0.4223034476341134
3,2016,2,25.0,50.0,2846035,13392935,6339695,632943.5079095134,2978519.6809259546,1409915.4762244325,0.2125027113175715,0.4489230160126
3,2017,1,0.0,25.0,1139675,5646896,2663463,253457.84306123247,1255840.551166869,592340.4365748125,0.2018232671542029,0.42789218397252
3,2017,2,25.0,50.0,3062206,13392935,6378164,681018.8235849382,2978519.6809259546,1418470.783452127,0.2286433854864523,0.4801077551470925
3,2018,1,0.0,25.0,1273093,5646896,2710506,283129.3182673601,1255840.551166869,602802.5571891364,0.2254500525598488,0.4696883164988382
3,2018,2,25.0,50.0,3180305,13392935,6457068,707283.4321862399,2978519.6809259546,1436018.6261694836,0.2374613928911026,0.4925308204900429
3,2019,1,0.0,25.0,1120833,5646896,2807952,249267.47942338852,1255840.551166869,624474.0450913408,0.1984865667793421,0.3991638745961469
3,2019,2,25.0,50.0,2973509,13392935,6667443,661293.0681669443,2978519.6809259546,1482804.9413330231,0.2220207146529121,0.4459744162792243
3,2020,1,0.0,25.0,1288294,5646896,2878008,286509.94228067424,1255840.551166869,640054.1382349982,0.2281419739269149,0.4476339190162084
3,2020,2,25.0,50.0,3236817,13392935,6813153,719851.4095719651,2978519.6809259546,1515210.0939532456,0.2416809310281876,0.4750835626324552
3,2021,1,0.0,25.0,1318124,5646896,2833314,293143.98045692325,1255840.551166869,630114.4231076341,0.2334245220737198,0.4652234097597372
3,2021,2,25.0,50.0,3292421,13392935,6737331,732217.4524399553,2978519.6809259546,1498347.6721430025,0.2458326722260654,0.488683278289281
3,2022,1,0.0,25.0,1386618,5646896,2763917,308376.69285531406,1255840.551166869,614680.8881657248,0.2455540176408419,0.5016858320998785
3,2022,2,25.0,50.0,3422969,13392935,6560999,761250.6544457533,2978519.6809259546,1459132.3446306211,0.2555801995604398,0.5217146047423571
3,2023,1,0.0,25.0,1208952,5646896,2730473,268864.6906219432,1255840.551166869,607243.1150257158,0.2140914229693623,0.4427628473161976
3,2023,2,25.0,50.0,3052677,13392935,6491057,678899.6231229376,2978519.6809259546,1443577.6044991023,0.2279318909559405,0.4702896616067306
3,2024,1,0.0,25.0,1302357,5646896,2694664,289637.48096228973,1255840.551166869,599279.3780812538,0.2306323686499627,0.4833096074315758
3,2024,2,25.0,50.0,3299199,13392935,6399940,733724.8446879813,2978519.6809259546,1423313.6535602731,0.2463387599506754,0.5155046766063431
5,2013,1,0.0,25.0,1914682,5475136,4385316,425815.4033984835,1217642.0128781486,975271.6647306572,0.349704920571836,0.4366120936324771
5,2014,1,0.0,25.0,1979797,5475136,4414829,440296.6436212945,1217642.0128781486,981835.2037415736,0.3615977758360705,0.4484425104573699
5,2014,2,25.0,50.0,3857587,11814129,8551633,857907.4564600001,2627401.36792257,1901839.0811689796,0.3265231825384673,0.4510936098403661
5,2015,1,0.0,25.0,1988775,5475136,4439716,442293.3045246256,1217642.0128781486,987369.9442072896,0.363237552455318,0.4479509500157217
5,2015,2,25.0,50.0,3930955,11814129,8646555,874224.1213247348,2627401.36792257,1922949.244486643,0.3327333737425755,0.4546267270606617
5,2016,1,0.0,25.0,2016600,5475136,4441817,448481.441040017,1217642.0128781486,987837.1957731058,0.3683196179967036,0.4540033954573095
5,2016,2,25.0,50.0,3954544,11814129,8654158,879470.1932838209,2627401.36792257,1924640.1124804085,0.3347300507722575,0.4569530623314249
5,2017,1,0.0,25.0,2174290,5475136,4445114,483550.8838832186,1217642.0128781486,988570.4315715334,0.3971207290558627,0.4891415608238619
5,2017,2,25.0,50.0,4175173,11814129,8672611,928536.945170768,2627401.36792257,1928743.964524201,0.3534050627007712,0.4814205318329163
5,2018,1,0.0,25.0,2181763,5475136,4446568,485212.84054735233,1217642.0128781486,988893.7936737214,0.3984856266584063,0.4906622365833604
5,2018,2,25.0,50.0,4317082,11814129,8675963,960096.7749915296,2627401.36792257,1929489.4320390108,0.365416866533284,0.4975911031432476
5,2019,1,0.0,25.0,2110204,5475136,4479317,469298.4879541843,1217642.0128781486,996177.0023976228,0.3854158143286303,0.4710995002139835
5,2019,2,25.0,50.0,4206504,11814129,8793248,935504.7980068412,2627401.36792257,1955573.0112378497,0.3560570567665208,0.4783788652384192
5,2020,1,0.0,25.0,2173032,5475136,4475745,483271.1111703215,1217642.0128781486,995382.608017282,0.3968909630737939,0.4855129146097465
5,2020,2,25.0,50.0,4232169,11814129,8780235,941212.5616606604,2627401.36792257,1952678.9871417207,0.358229455595076,0.4820109028972459
5,2021,1,0.0,25.0,2275896,5475136,4445814,506147.5343336361,1217642.0128781486,988726.1079618576,0.4156784415948754,0.5119188522056928
5,2021,2,25.0,50.0,4282741,11814129,8695057,952459.513677062,2627401.36792257,1933735.8391773717,0.3625100927880506,0.4925489275113435
5,2022,1,0.0,25.0,2162129,5475136,4424989,480846.3401935986,1217642.0128781486,984094.7353497094,0.3948995970145764,0.488617937807303
5,2022,2,25.0,50.0,4298985,11814129,8622955,956072.0955119596,2627401.36792257,1917700.7261842808,0.3638850566131452,0.4985512507023404
5,2023,1,0.0,25.0,2151795,5475136,4423751,478548.1118827251,1217642.0128781486,983819.4105336786,0.3930121553144981,0.4864186524060689
5,2023,2,25.0,50.0,4093525,11814129,8620002,910378.85100334,2627401.36792257,1917043.9942119552,0.3464940157670532,0.4748867807687283
5,2024,1,0.0,25.0,2204757,5475136,4517317,490326.5875746627,1217642.0128781486,1004628.0064437996,0.4026853396883657,0.4880678066206113
5,2024,2,25.0,50.0,4339519,11814129,8873396,965086.6480911106,2627401.36792257,1973397.513140297,0.3673160332005855,0.4890482741894986
6,2013,1,0.0,25.0,1208606,5646896,2974978,268787.7420061543,1255840.551166869,661619.7661917821,0.2140301503693356,0.4062571219014056
6,2014,1,0.0,25.0,1285818,5646896,2973533,285959.2926486128,1255840.551166869,661298.4056431841,0.2277035029510017,0.4324209618659016
6,2014,2,25.0,50.0,2952478,16803956,6699566,656615.882217072,3737113.1617837152,1489948.9308850055,0.1757013646072389,0.4406969048442839
6,2015,1,0.0,25.0,1465353,5646896,3088894,325886.9508441496,1255840.551166869,686954.0971634743,0.2594970759156889,0.474394071146501
6,2015,2,25.0,50.0,3439976,16803956,7113030,765032.9235461041,3737113.1617837152,1581901.192383652,0.2047122713246809,0.4836161242114823
6,2016,1,0.0,25.0,1543797,5646896,3123022,343332.49193357886,1255840.551166869,694543.9883763146,0.2733886014546752,0.4943279298064503
6,2016,2,25.0,50.0,3421599,16803956,7193173,760945.9735104042,3737113.1617837152,1599724.5823118826,0.2036186597965384,0.4756731139373403
6,2017,1,0.0,25.0,1798802,5646896,3128343,400044.28895451,1255840.551166869,695727.3513376227,0.3185470389396228,0.5750015263671535
6,2017,2,25.0,50.0,3878275,16803956,7243649,862508.3609786135,3737113.1617837152,1610950.1844233256,0.2307953555698432,0.5354034962213106
6,2018,1,0.0,25.0,1760877,5646896,3151122,391609.9645215819,1255840.551166869,700793.2834736193,0.3118309598760098,0.5588095287964097
6,2018,2,25.0,50.0,3871147,16803956,7301476,860923.1305354254,3737113.1617837152,1623810.6110280172,0.2303711697412204,0.5301869101535087
6,2019,1,0.0,25.0,1336514,5646896,3194511,297233.8216255863,1255840.551166869,710442.7733304502,0.2366811784739793,0.4183782744839507
6,2019,2,25.0,50.0,3013256,16803956,7467681,670132.5960044023,3737113.1617837152,1660773.7459620924,0.179318251011845,0.4035062558242646
6,2020,1,0.0,25.0,1744683,5646896,3200738,388008.50242885057,1255840.551166869,711827.6260198066,0.308963189688636,0.545087726643043
6,2020,2,25.0,50.0,3717811,16803956,7551204,826821.994840041,3737113.1617837152,1679348.830460746,0.2212461756029354,0.4923467833738831
6,2021,1,0.0,25.0,1701020,5646896,3179613,378298.0763849498,1255840.551166869,707129.5349546621,0.3012309771598414,0.5349770553837842
6,2021,2,25.0,50.0,3614846,16803956,7400857,803923.1097975511,3737113.1617837152,1645912.4329520466,0.2151187494182917,0.4884361365177033
6,2022,1,0.0,25.0,1798601,5646896,3146593,399999.5875910025,1255840.551166869,699786.0572282209,0.3185114441633067,0.5716026826475493
6,2022,2,25.0,50.0,3825316,16803956,7310753,850730.5524712058,3737113.1617837152,1625873.767989501,0.2276437762631609,0.5232451431473611
6,2023,1,0.0,25.0,1534064,5646896,3140085,341167.92292354093,1255840.551166869,698338.7115878914,0.2716649996741572,0.4885421891445614
6,2023,2,25.0,50.0,3324922,16803956,7280237,739445.5072427132,3737113.1617837152,1619087.166950734,0.1978654312115551,0.456705186932788
6,2024,1,0.0,25.0,1667616,5646896,3044437,370869.1990386736,1255840.551166869,677067.0896139771,0.2953155149306805,0.5477584197012453
6,2024,2,25.0,50.0,3728861,16803956,6889713,829279.457858732,3737113.1617837152,1532236.643157859,0.2219037588529748,0.5412215283858703
7,2013,1,0.0,25.0,1100526,5474482,3254282,244751.3073400802,1217496.5666506172,723735.5355105568,0.2010283347355969,0.3381778223276286
7,2014,1,0.0,25.0,1235468,5474482,3264379,274761.7122874282,1217496.5666506172,725981.0562435633,0.2256776074887085,0.3784695343279686
7,2014,2,25.0,50.0,2414399,11673555,5520929,536949.8873180483,2596138.4352176418,1227826.139938322,0.2068263695163983,0.4373175239167176
7,2015,1,0.0,25.0,1448142,5474482,3370752,322059.3131957613,1217496.5666506172,749637.8629120894,0.2645258492036324,0.4296198593073593
7,2015,2,25.0,50.0,2761259,11673555,5829196,614089.7626721791,2596138.4352176418,1296383.1311041869,0.2365396830699817,0.4736946570333198
7,2016,1,0.0,25.0,1398319,5474482,3376425,310978.93491700664,1217496.5666506172,750899.5088582463,0.2554248968212882,0.4141418808354991
7,2016,2,25.0,50.0,2871849,11673555,5848022,638684.4083949876,2596138.4352176418,1300569.9364245376,0.2460132324728842,0.4910804029123009
7,2017,1,0.0,25.0,1558435,5474482,3372859,346587.9076501036,1217496.5666506172,750106.4488469656,0.2846725955076662,0.4620516303824144
7,2017,2,25.0,50.0,2904942,11673555,5896014,646044.1209449911,2596138.4352176418,1311243.1097451726,0.2488481015423322,0.4926959128658785
7,2018,1,0.0,25.0,1586928,5474482,3389451,352924.60392083315,1217496.5666506172,753796.4240873385,0.289877288846689,0.4681961769029851
7,2018,2,25.0,50.0,3033824,11673555,5900427,674706.8131418172,2596138.4352176418,1312224.5381887455,0.2598886114812497,0.5141702456449339
7,2019,1,0.0,25.0,1376618,5474482,3439061,306152.7444221096,1217496.5666506172,764829.432264466,0.2514608688091403,0.4002889160733118
7,2019,2,25.0,50.0,2632957,11673555,6062052,585556.0594844789,2596138.4352176418,1348169.1047404131,0.2255488580813642,0.4343342815271133
7,2020,1,0.0,25.0,1584844,5474482,3438969,352461.13306735334,1217496.5666506172,764808.9719388804,0.2894966135608812,0.4608485857243842
7,2020,2,25.0,50.0,2867015,11673555,6064313,637609.3517223765,2596138.4352176418,1348671.9394811608,0.2455991341112454,0.4727683086278693
7,2021,1,0.0,25.0,1558496,5474482,3379034,346601.47373554617,1217496.5666506172,751479.7370044694,0.2846837381144006,0.4612253087716785
7,2021,2,25.0,50.0,2881313,11673555,5897049,640789.1531921723,2596138.4352176418,1311473.288408009,0.2468239537998493,0.4886025196670402
7,2022,1,0.0,25.0,1640836,5474482,3349355,364913.4651345519,1217496.5666506172,744879.2804495618,0.2997244305488629,0.4898961143264897
7,2022,2,25.0,50.0,3016568,11673555,5830473,670869.1677254796,2596138.4352176418,1296667.129319107,0.2584103985461156,0.5173796362662172
7,2023,1,0.0,25.0,1478046,5474482,3348897,328709.80859041604,1217496.5666506172,744777.423611321,0.2699882838230174,0.4413530783419138
7,2023,2,25.0,50.0,2674394,11673555,5840640,594771.4346071483,2596138.4352176418,1298928.217691146,0.2290985051254737,0.4578939979180363
7,2024,1,0.0,25.0,1699890,5474482,3337995,378046.7702119977,1217496.5666506172,742352.8750294414,0.3105115698617696,0.5092548071521976
7,2024,2,25.0,50.0,3042873,11673555,5833265,676719.264079024,2596138.4352176418,1297288.0557216576,0.260663782369638,0.521641482085933
8,2013,1,0.0,25.0,1971714,5475136,4305809,438499.02610273537,1217642.0128781486,957589.7179227782,0.360121465475926,0.457919522208254
8,2014,1,0.0,25.0,2050029,5475136,4336115,455915.8782573763,1217642.0128781486,964329.6160444478,0.3744252197570982,0.4727801269108407
8,2014,2,25.0,50.0,3828421,11813153,8713347,851421.0884597158,2627184.3105554897,1937803.4408617024,0.3240812169282832,0.4393743299790539
8,2015,1,0.0,25.0,2044200,5475136,4363974,454619.5387156614,1217642.0128781486,970525.313984512,0.3733605886684824,0.4684262555184793
8,2015,2,25.0,50.0,3823568,11813153,8783701,850341.8062850818,2627184.3105554897,1953449.8076686691,0.3236704036593786,0.4353026133289373
8,2016,1,0.0,25.0,2073796,5475136,4371424,461201.53649857343,1217642.0128781486,972182.1555672496,0.3787661164946405,0.4743982738805478
8,2016,2,25.0,50.0,3901825,11813153,8800987,867745.7595388101,2627184.3105554897,1957294.1249303063,0.3302949686675522,0.4433394799924144
8,2017,1,0.0,25.0,2121831,5475136,4374408,471884.2727974712,1217642.0128781486,972845.7817797178,0.3875394145460496,0.4850555778061854
8,2017,2,25.0,50.0,4067706,11813153,8808627,904636.8385436494,2627184.3105554897,1958993.2215332747,0.3443370283953826,0.4617866098768854
8,2018,1,0.0,25.0,2210615,5475136,4378744,491629.3765668339,1217642.0128781486,973810.0858203552,0.4037552674490642,0.5048513911751863
8,2018,2,25.0,50.0,4203181,11813153,8820448,934765.7799424873,2627184.3105554897,1961622.150976166,0.355805177500029,0.4765269292444102
8,2019,1,0.0,25.0,2071050,5475136,4417037,460590.8402588154,1217642.0128781486,982326.2515556252,0.3782645764415715,0.4688776661821035
8,2019,2,25.0,50.0,4005972,11813153,8893221,890907.5152861049,2627184.3105554897,1977806.490909125,0.3391111585535208,0.4504523164329324
8,2020,1,0.0,25.0,2175528,5475136,4412489,483826.2086992493,1217642.0128781486,981314.7998082036,0.3973468421606331,0.4930387361872176
8,2020,2,25.0,50.0,4145354,11813153,8890341,921905.3533377956,2627184.3105554897,1977165.993760362,0.350910040697856,0.4662761529619617
8,2021,1,0.0,25.0,2155487,5475136,4368563,479369.1936442642,1217642.0128781486,971545.8839205096,0.3936864764637809,0.4934087021292814
8,2021,2,25.0,50.0,4198335,11813153,8789498,933688.0545317564,2627184.3105554897,1954739.030575398,0.35539495679096,0.4776535588266816
8,2022,1,0.0,25.0,2172592,5475136,4354592,483173.2574392605,1217642.0128781486,968438.8055644796,0.3968105997732293,0.4989197610246838
8,2022,2,25.0,50.0,4182839,11813153,8765111,930241.8240396628,2627184.3105554897,1949315.487531342,0.3540831986176764,0.4772146068657887
8,2023,1,0.0,25.0,2075053,5475136,4348906,461481.0868166272,1217642.0128781486,967174.2684853596,0.3789956998328443,0.4771436770534935
8,2023,2,25.0,50.0,4035261,11813153,8754022,897421.2378521175,2627184.3105554897,1946849.3511137615,0.3415905135572188,0.4609608017891661
8,2024,1,0.0,25.0,2195770,5475136,4423472,488327.92511774186,1217642.0128781486,983757.3623723922,0.401043919274334,0.496390618048447
8,2024,2,25.0,50.0,4150175,11813153,8863042,922977.5188774436,2627184.3105554897,1971094.8369325567,0.3513181451217977,0.4682562713795105
9,2013,1,0.0,25.0,944223,5474482,2359156,209990.3261445641,1217496.5666506172,524664.1289884967,0.1724771403029547,0.4002376273548675
9,2014,1,0.0,25.0,1054512,5474482,2326519,234518.03101953308,1217496.5666506172,517405.8284870472,0.1926231559442519,0.4532574202058956
9,2014,2,25.0,50.0,886196,11810667,2131845,197085.42057120844,2626631.436974995,474111.3347584821,0.0750335268956444,0.4156943867870319
9,2015,1,0.0,25.0,1197601,5474482,2497452,266340.2867554128,1217496.5666506172,555420.4462403414,0.218760606026287,0.4795291360955085
9,2015,2,25.0,50.0,1067627,11810667,2729960,237434.7393896808,2626631.436974995,607129.0264710924,0.0903951487244539,0.3910778912511539
9,2016,1,0.0,25.0,1201732,5474482,2490522,267258.99985316955,1217496.5666506172,553879.2499761308,0.2195151979675885,0.4825221379293176
9,2016,2,25.0,50.0,1143490,11810667,2658158,254306.2793885,2626631.436974995,591160.6319309975,0.0968184100017382,0.4301813511461696
9,2017,1,0.0,25.0,1333948,5474482,2493482,296663.156457626,1217496.5666506172,554537.5387123593,0.2436665240656559,0.534973984171532
9,2017,2,25.0,50.0,1200005,11810667,2675588,266874.9239587552,2626631.436974995,595036.974050073,0.101603491149145,0.4485014135210652
9,2018,1,0.0,25.0,1351596,5474482,2521066,300587.9806525453,1217496.5666506172,560672.0780705105,0.2468902080598675,0.5361208314260714
9,2018,2,25.0,50.0,1299413,11810667,2713215,288982.7505435543,2626631.436974995,603405.0248196914,0.110020289285948,0.4789200266104971
9,2019,1,0.0,25.0,1155981,5474482,2590510,257084.2133764157,1217496.5666506172,576116.0655700557,0.2111580602511799,0.4462368413941656
9,2019,2,25.0,50.0,1092256,11810667,2957842,242912.1019858201,2626631.436974995,657808.8081566428,0.0924804670218879,0.3692746265689648
9,2020,1,0.0,25.0,1317952,5474482,2586759,293105.72854387213,1217496.5666506172,575281.8625127608,0.2407446037816911,0.5094993387478308
9,2020,2,25.0,50.0,1276902,11810667,2945094,283976.4202255677,2626631.436974995,654973.7186939938,0.1081143004031863,0.4335691831907572
9,2021,1,0.0,25.0,1275246,5474482,2500034,283608.13436502905,1217496.5666506172,555994.6697257948,0.2329436830735766,0.5100914627561065
9,2021,2,25.0,50.0,1252801,11810667,2709641,278616.4821067016,2626631.436974995,602610.1856496641,0.1060736874555857,0.4623494403871214
9,2022,1,0.0,25.0,1355502,5474482,2478986,301456.654910555,1217496.5666506172,551313.703063586,0.247603700222231,0.5467969564975357
9,2022,2,25.0,50.0,1297152,11810667,2663118,288479.9158028068,2626631.436974995,592263.7103538669,0.1098288521723624,0.4870801819521328
9,2023,1,0.0,25.0,1186794,5474482,2491280,263936.8656836487,1217496.5666506172,554047.8252673676,0.2167865379774744,0.4763792106868758
9,2023,2,25.0,50.0,1149840,11810667,2686884,255718.4866435848,2626631.436974995,597549.1462002207,0.0973560595688626,0.4279455309570491
9,2024,1,0.0,25.0,1402775,5474482,2347403,311969.92633884255,1217496.5666506172,522050.3223949514,0.2562388551099446,0.5975859279382364
9,2024,2,25.0,50.0,1245990,11810667,2211028,277101.750828846,2626631.436974995,491721.22563712526,0.1054970053765803,0.5635342474179431
10,2013,1,0.0,25.0,1206898,4247082,3026695,268407.891613763,944529.1359590982,673121.3603037858,0.284171108539934,0.3987511130127086
10,2014,1,0.0,25.0,1324802,4247082,3049215,294629.1332206172,944529.1359590982,678129.6921753623,0.3119322866853053,0.4344731348888156
10,2014,2,25.0,50.0,2856169,9287609,6814799,635197.2572517229,2065516.34837659,1515576.155865351,0.3075246815407496,0.419112728049646
10,2015,1,0.0,25.0,1325213,4247082,3070439,294720.5375012219,944529.1359590982,682849.8003299955,0.3120290590103982,0.4316037543817024
10,2015,2,25.0,50.0,2860748,9287609,6864849,636215.6032392873,2065516.34837659,1526707.0177735395,0.3080177040183324,0.4167240969174995
10,2016,1,0.0,25.0,1355092,4247082,3076524,301365.4730247936,944529.1359590982,684203.0729516004,0.3190642422256033,0.4404620279250218
10,2016,2,25.0,50.0,2990470,9287609,6868502,665065.1071045025,2065516.34837659,1527519.4261361891,0.3219849156009905,0.435388968366028
10,2017,1,0.0,25.0,1392122,4247082,3084547,309600.7540729498,944529.1359590982,685987.3467795603,0.3277831697151126,0.451321377174671
10,2017,2,25.0,50.0,3041252,9287609,6877666,676358.7620380016,2065516.34837659,1529557.4524803776,0.3274526307039842,0.4421924530792859
10,2018,1,0.0,25.0,1491428,4247082,3090164,331685.8963837303,944529.1359590982,687236.5386144914,0.3511653412860877,0.4826371674771954
10,2018,2,25.0,50.0,3220816,9287609,6881343,716292.8696839946,2065516.34837659,1530375.198319267,0.3467863472719405,0.4680504953756846
10,2019,1,0.0,25.0,1372476,4247082,3122959,305231.58498107624,944529.1359590982,694529.9775011854,0.3231574054845185,0.4394793527548712
10,2019,2,25.0,50.0,2939645,9287609,6961221,653761.8891927407,2065516.34837659,1548139.653614018,0.3165125706734639,0.4222887048119862
10,2020,1,0.0,25.0,1430342,4247082,3123164,318100.68498465733,944529.1359590982,694575.5684440661,0.3367822895814114,0.4579785115350971
10,2020,2,25.0,50.0,3095559,9287609,6968548,688436.3587942051,2065516.34837659,1549769.1406310268,0.3332998837483361,0.44421865214963
10,2021,1,0.0,25.0,1435423,4247082,3086851,319230.6731835686,944529.1359590982,686499.7444985707,0.337978640393569,0.4650120786523223
10,2021,2,25.0,50.0,3092316,9287609,6894694,687715.132317317,2065516.34837659,1533344.3918724384,0.3329507088422865,0.4485066342320631
10,2022,1,0.0,25.0,1442407,4247082,3071897,320783.8787693186,944529.1359590982,683174.0520115567,0.3396230635528111,0.4695492719970754
10,2022,2,25.0,50.0,3167169,9287609,6852619,704362.0535243824,2065516.34837659,1523987.1288397303,0.3410101566506514,0.462183728586107
10,2023,1,0.0,25.0,1406494,4247082,3072913,312797.0127611513,944529.1359590982,683400.0051723702,0.3311671401682378,0.4577070681792813
10,2023,2,25.0,50.0,2995705,9287609,6865118,666229.344109285,2065516.34837659,1526766.8419863926,0.3225485698202842,0.4363661338377578
10,2024,1,0.0,25.0,1459680,4247082,3050795,324625.3048979927,944529.1359590982,678481.0760278086,0.3436900912202778,0.4784588935015299
10,2024,2,25.0,50.0,3150024,9287609,6916312,700549.0939356533,2065516.34837659,1538152.1235953397,0.3391641487060878,0.4554485107091756
11,2013,1,0.0,25.0,1465207,4247082,3348658,325854.4811970248,944529.1359590982,744724.2712437673,0.3449914553097868,0.437550505306902
11,2014,1,0.0,25.0,1616682,4247082,3350181,359541.7400889898,944529.1359590982,745062.9785901444,0.3806571194057473,0.4825655688453847
11,2014,2,25.0,50.0,1651637,5121696,3319178,367315.55183725606,1139038.779454969,738168.0712626806,0.3224785305492555,0.4976042261065842
11,2015,1,0.0,25.0,1634553,4247082,3376484,363516.1583339696,944529.1359590982,750912.6301540022,0.3848649496289452,0.4840991398152634
11,2015,2,25.0,50.0,1671754,5121696,3346709,371789.4689003336,1139038.779454969,744290.8236941359,0.326406331027847,0.4995217689975436
11,2016,1,0.0,25.0,1626968,4247082,3377952,361829.2934473839,944529.1359590982,751239.1057839966,0.3830790175466355,0.4816433152395297
11,2016,2,25.0,50.0,1646963,5121696,3353292,366276.0783395763,1139038.779454969,745754.8489477143,0.3215659422191399,0.4911481016267
11,2017,1,0.0,25.0,1720988,4247082,3377924,382738.8566163725,944529.1359590982,751232.8787283837,0.405216569870796,0.5094809711526962
11,2017,2,25.0,50.0,1793310,5121696,3352205,398822.896474994,1139038.779454969,745513.105753025,0.3501398755412269,0.5349642996177143
11,2018,1,0.0,25.0,1783544,4247082,3382668,396650.9884351265,944529.1359590982,752287.9198650959,0.4199457415703299,0.527259547788905
11,2018,2,25.0,50.0,1795032,5121696,3366598,399205.8603951918,1139038.779454969,748714.0347329363,0.3504760922944274,0.533188696719953
11,2019,1,0.0,25.0,1661288,4247082,3403155,369461.8844701417,944529.1359590982,756844.1230202019,0.3911598598755569,0.4881611328311522
11,2019,2,25.0,50.0,1727612,5121696,3386111,384212.0000585272,1139038.779454969,753053.6253106481,0.3373124839896784,0.510205365388199
11,2020,1,0.0,25.0,1679837,4247082,3403504,373587.0864188927,944529.1359590982,756921.7388205207,0.3955273291167912,0.4935610476732214
11,2020,2,25.0,50.0,1711860,5121696,3390064,380708.8364865434,1139038.779454969,753932.752126294,0.3342369402635377,0.5049639180853223
11,2021,1,0.0,25.0,1693381,4247082,3368387,376599.2021768249,944529.1359590982,749111.8991076365,0.3987163421850578,0.502727566636494
11,2021,2,25.0,50.0,1734087,5121696,3336047,385652.0066690271,1139038.779454969,741919.6498746532,0.3385767136511031,0.5198029284359603
11,2022,1,0.0,25.0,1682346,4247082,3333804,374145.07508078375,944529.1359590982,741420.8182410854,0.3961180876658374,0.5046325458845211
11,2022,2,25.0,50.0,1684285,5121696,3293423,374576.2986819821,1139038.779454969,732440.2920729624,0.328852981512374,0.5114086468698372
11,2023,1,0.0,25.0,1628630,4247082,3340013,362198.9136769825,944529.1359590982,742801.6678232622,0.3834703450510256,0.48761187456456
11,2023,2,25.0,50.0,1653330,5121696,3301339,367692.0663069976,1139038.779454969,734200.7696526871,0.3228090851155554,0.5008058851272166
11,2024,1,0.0,25.0,1715594,4247082,3346334,381539.258831502,944529.1359590982,744207.4256278906,0.4039465213998693,0.5126786507264367
11,2024,2,25.0,50.0,1703840,5121696,3297272,378925.2298431135,1139038.779454969,733296.2898249028,0.3326710527137885,0.5167423251706259
12,2013,1,0.0,25.0,472553,5552111,1080883,105093.35039560804,1234760.8559427403,240382.80543273664,0.0851123113352741,0.4371916294363034
12,2014,1,0.0,25.0,492081,5552111,1005511,109436.27689596976,1234760.8559427403,223620.4613019878,0.0886295320824817,0.4893840047498237
12,2014,2,25.0,50.0,1828500,11595780,4193159,406648.9710114406,2578841.6762783937,932536.9388227296,0.157686675669942,0.4360674136134594
12,2015,1,0.0,25.0,377837,5552111,913012,84029.00041566842,1234760.8559427403,203049.1606896896,0.068052854130618,0.4138357436704008
12,2015,2,25.0,50.0,1661196,11595780,3719391,369441.4241445562,2578841.6762783937,827173.3786924874,0.1432586682396527,0.4466311823629191
12,2016,1,0.0,25.0,509028,5552111,953148,113205.2023057214,1234760.8559427403,211975.2001211992,0.091681884602091,0.5340492767125358
12,2016,2,25.0,50.0,1855024,11595780,3954367,412547.7718356722,2578841.6762783937,879430.8293965531,0.1599740595285526,0.4691076978945049
12,2017,1,0.0,25.0,520116,5552111,947831,115671.11632845852,1234760.8559427403,210792.7267392643,0.0936789628305341,0.5487433941282781
12,2017,2,25.0,50.0,2004571,11595780,3877982,445806.25346971536,2578841.6762783937,862443.1992895206,0.1728707340084065,0.5169108572448248
12,2018,1,0.0,25.0,552958,5552111,980199,122975.00777278873,1234760.8559427403,217991.20302786052,0.0995941903899255,0.5641283045585641
12,2018,2,25.0,50.0,2049035,11595780,4039957,455694.8177831158,2578841.6762783937,898465.6040363503,0.1767052324207599,0.507192279521787
12,2019,1,0.0,25.0,449023,5552111,1034085,99860.39973227787,1234760.8559427403,229975.1715550263,0.0808742836733631,0.4342225252276167
12,2019,2,25.0,50.0,1894857,11595780,4196762,421406.42562965566,2578841.6762783937,933338.2274432132,0.1634091885151322,0.451504517053862
12,2020,1,0.0,25.0,612213,5552111,1074369,136153.0142137419,1234760.8559427403,238934.1254233473,0.1102667075640238,0.5698349449770052
12,2020,2,25.0,50.0,2155548,11595780,4267509,479382.75972970674,2578841.6762783937,949071.9954236052,0.1858907292135587,0.5051068433599085
12,2021,1,0.0,25.0,525787,5552111,961991,116932.3174849288,1234760.8559427403,213941.83772068183,0.0947003761272063,0.5465612464149873
12,2021,2,25.0,50.0,2052306,11595780,3858263,456422.27131561696,2578841.6762783937,858057.7953740847,0.1769873178000962,0.5319248584142657
12,2022,1,0.0,25.0,554524,5552111,961653,123323.27809742854,1234760.8559427403,213866.6682636396,0.099876245269592,0.576636271087388
12,2022,2,25.0,50.0,2210469,11595780,4007068,491596.9069197091,2578841.6762783937,891151.2600343841,0.1906270212094399,0.5516424977065525
12,2023,1,0.0,25.0,479474,5552111,938547,106632.54510622886,1234760.8559427403,208728.01301387724,0.0863588642229955,0.5108683955092286
12,2023,2,25.0,50.0,1901030,11595780,3940345,422779.2689974728,2578841.6762783937,876312.4089035138,0.1639415373523816,0.4824526786360077
12,2024,1,0.0,25.0,448631,5552111,776689,99773.22095369626,1234760.8559427403,172731.62846371604,0.0808036798976101,0.5776198710165845
12,2024,2,25.0,50.0,1895572,11595780,3334343,421565.43794262974,2578841.6762783937,741540.6890616352,0.1634708488777814,0.5684994015312762
13,2013,1,0.0,25.0,630922,2921669,1557134,140313.7993374242,649764.1194892123,346298.5719589437,0.2159457488168577,0.4051815707575584
13,2014,1,0.0,25.0,670870,2921669,1579850,149198.02853838948,649764.1194892123,351350.493219811,0.2296187555811421,0.4246415798968256
13,2014,2,25.0,50.0,2338432,8356683,5323199,520055.2182555237,1858483.206463658,1183852.0075685696,0.2798277737710046,0.4392907347630626
13,2015,1,0.0,25.0,678678,2921669,1594889,150934.48747503554,649764.1194892123,354695.08926850726,0.2322912006801591,0.4255330621754868
13,2015,2,25.0,50.0,2346278,8356683,5426469,521800.128196216,1858483.206463658,1206818.7230382725,0.2807666630408261,0.4323765601535732
13,2016,1,0.0,25.0,692289,2921669,1601864,153961.50368747016,649764.1194892123,356246.29330066737,0.236949839287065,0.432177138633492
13,2016,2,25.0,50.0,2375718,8356683,5457535,528347.43238357,1858483.206463658,1213727.6412408657,0.2842895919349819,0.435309714000918
13,2017,1,0.0,25.0,687501,2921669,1603567,152896.67717765187,649764.1194892123,356625.0317188421,0.2353110499512436,0.4287323198843578
13,2017,2,25.0,50.0,2374812,8356683,5471430,528145.9426555217,1858483.206463658,1216817.8175888031,0.2841811757128994,0.4340386334102785
13,2018,1,0.0,25.0,704435,2921669,1613150,156662.71145444034,649764.1194892123,358756.241502382,0.2411070521677849,0.4366828875182097
13,2018,2,25.0,50.0,2425473,8356683,5496014,539412.6878129789,1858483.206463658,1222285.172416993,0.290243509296691,0.4413149238702812
13,2019,1,0.0,25.0,675301,2921669,1670777,150183.46008914238,649764.1194892123,371572.1891384095,0.2311353544840295,0.4041838019077351
13,2019,2,25.0,50.0,2307600,8356683,5734676,513198.3404462676,1858483.206463658,1275362.370513538,0.2761382716084838,0.4023941370009395
13,2020,1,0.0,25.0,694514,2921669,1674678,154456.33221385817,649764.1194892123,372439.7514222025,0.2377113903046512,0.4147149481870544
13,2020,2,25.0,50.0,2401336,8356683,5770776,534044.7434797533,1858483.206463658,1283390.8243574062,0.2873551623293596,0.4161201197204674
13,2021,1,0.0,25.0,742476,2921669,1645160,165122.83368919353,649764.1194892123,365875.1004370696,0.2541273498127269,0.4513092951445452
13,2021,2,25.0,50.0,2550318,8356683,5695627,567177.5720273203,1858483.206463658,1266678.0742767178,0.3051830493031744,0.4477677347902171
13,2022,1,0.0,25.0,715779,2921669,1618757,159185.5585570675,649764.1194892123,360003.2093888797,0.2449897644120535,0.4421781650982822
13,2022,2,25.0,50.0,2529934,8356683,5581879,562644.2755410763,1858483.206463658,1241381.105638703,0.3027438039710253,0.4532405664830785
13,2023,1,0.0,25.0,692366,2921669,1597833,153978.62809040584,649764.1194892123,355349.8196872426,0.2369761940863253,0.4333156218453368
13,2023,2,25.0,50.0,2474812,8356683,5560147,550385.4269875665,1858483.206463658,1236548.0209036637,0.2961476461414176,0.4450983040556301
13,2024,1,0.0,25.0,722560,2921669,1641812,160693.61798962348,649764.1194892123,365130.5225016327,0.2473106980975599,0.4400991100077231
13,2024,2,25.0,50.0,2590294,8356683,5765012,576068.0282838986,1858483.206463658,1282108.9404805072,0.3099667655216789,0.4493128548561564
14,2013,1,0.0,25.0,602034,5646896,2640133,133889.25710358308,1255840.551166869,587151.9648801464,0.106613261515707,0.2280316938578473
14,2014,1,0.0,25.0,618372,5646896,2090698,137522.74405375257,1255840.551166869,464960.45414037566,0.1095065324383519,0.2957729906471427
14,2014,2,25.0,50.0,1865689,16341021,6240150,414919.6128396848,3634158.8049911633,1387777.1815460986,0.1141721193553328,0.2989814347411521
14,2015,1,0.0,25.0,599423,5646896,1613712,133308.58416767337,1255840.551166869,358881.22740432806,0.1061508836004771,0.3714559971048117
14,2015,2,25.0,50.0,1767096,16341021,5121101,392993.0380521918,3634158.8049911633,1138906.4545231936,0.1081386530254137,0.3450617357478401
14,2016,1,0.0,25.0,619243,5646896,1674157,137716.44996228468,1255840.551166869,372323.88370883255,0.1096607764690548,0.3698834697104274
14,2016,2,25.0,50.0,1854086,16341021,5290705,412339.1654726376,3634158.8049911633,1176625.509529715,0.1134620658035994,0.3504421433438455
14,2017,1,0.0,25.0,785011,5646896,1713246,174582.3983498288,1255840.551166869,381017.0757393856,0.1390163728887516,0.4582009822290552
14,2017,2,25.0,50.0,2317261,16341021,5276838,515346.89702758647,3634158.8049911633,1173541.5602373902,0.1418063779490889,0.4391381732772543
14,2018,1,0.0,25.0,765122,5646896,1792192,170159.18731102842,1255840.551166869,398574.2590401617,0.1354942609178564,0.4269196603935292
14,2018,2,25.0,50.0,2252755,16341021,5517731,501001.0952643576,3634158.8049911633,1227114.9212293832,0.1378588889886378,0.4082756118411716
14,2019,1,0.0,25.0,797039,5646896,1806297,177257.3635252872,1255840.551166869,401711.1383051967,0.1411463926376543,0.4412557846245661
14,2019,2,25.0,50.0,2408435,16341021,5641970,535623.5244724851,3634158.8049911633,1254745.0341686725,0.14738583348005,0.4268783775879701
14,2020,1,0.0,25.0,939956,5646896,1823588,209041.36734811572,1255840.551166869,405556.56754105055,0.1664553411290025,0.5154431812448864
14,2020,2,25.0,50.0,2828505,16341021,5673773,629044.926306106,3634158.8049911633,1261817.857370793,0.1730923055542245,0.4985227643051634
14,2021,1,0.0,25.0,772029,5646896,1748938,171695.26849384277,1255840.551166869,388954.7924871791,0.1367174107686771,0.4414273118887004
14,2021,2,25.0,50.0,2185965,16341021,5344376,486147.3436789849,3634158.8049911633,1188561.6631655667,0.1337716290799699,0.4090215583634086
14,2022,1,0.0,25.0,829377,5646896,1752073,184449.16796858385,1255840.551166869,389652.0003209887,0.1468730785904327,0.4733689749228485
14,2022,2,25.0,50.0,2433713,16341021,5419648,541245.2213219394,3634158.8049911633,1205301.7678119836,0.1489327380461722,0.4490537023806712
14,2023,1,0.0,25.0,678067,5646896,1757073,150798.60422576676,1255840.551166869,390763.9745375909,0.1200778268273402,0.3859071307794269
14,2023,2,25.0,50.0,1922576,16341021,5360519,427570.9882916552,3634158.8049911633,1192151.7831212888,0.1176533583795039,0.3586548242810071
14,2024,1,0.0,25.0,723997,5646896,1418714,161013.19937947497,1255840.551166869,315514.6777465272,0.1282114988482167,0.5103192045754112
14,2024,2,25.0,50.0,2033367,16341021,4459244,452210.335377971,3634158.8049911633,991712.8707076514,0.1244332896946892,0.4559891766407041
15,2013,1,0.0,25.0,600858,2921669,1701686,133627.7207678382,649764.1194892123,378446.1913506012,0.2056557399212573,0.3530956945053318
15,2014,1,0.0,25.0,639201,2921669,1723757,142155.00624527418,649764.1194892123,383354.6679375268,0.2187794031425188,0.3708185086412992
15,2014,2,25.0,50.0,1787782,8302474,5668679,397593.49778111855,1846427.4044021,1260684.9780389182,0.2153312374118847,0.3153789445477509
15,2015,1,0.0,25.0,660644,2921669,1740997,146923.81887059458,649764.1194892123,387188.75503637135,0.226118701331328,0.3794630318145293
15,2015,2,25.0,50.0,1786148,8302474,5760435,397230.10460713296,1846427.4044021,1281091.0392826295,0.2151344286052567,0.3100717220140493
15,2016,1,0.0,25.0,638531,2921669,1748849,142006.00170024947,649764.1194892123,388934.99934612354,0.2185500821619423,0.3651149984932947
15,2016,2,25.0,50.0,1765651,8302474,5780487,392671.6775035937,1846427.4044021,1285550.500680891,0.2126656464085283,0.3054502155268233
15,2017,1,0.0,25.0,690923,2921669,1746938,153657.71233149443,649764.1194892123,388510.00280053815,0.2364822983027851,0.3955051638924793
15,2017,2,25.0,50.0,1805134,8302474,5787991,401452.493102415,1846427.4044021,1287219.3515851677,0.2174212168565658,0.3118757441053381
15,2018,1,0.0,25.0,676405,2921669,1752968,150428.98399616816,649764.1194892123,389851.0437057605,0.2315132206968003,0.3858627196845578
15,2018,2,25.0,50.0,1881147,8302474,5795885,418357.3923277323,1846427.4044021,1288974.9364783394,0.2265766806376027,0.3245659636103891
15,2019,1,0.0,25.0,655817,2921669,1810737,145850.31896188678,649764.1194892123,402698.5714095395,0.2244665634608164,0.3621823600003755
15,2019,2,25.0,50.0,1682953,8302474,5961476,374280.06875067926,1846427.4044021,1325801.520978616,0.2027050009430923,0.2823047513736531
15,2020,1,0.0,25.0,634699,2921669,1810537,141153.78466064553,649764.1194892123,402654.09244087536,0.2172385030610928,0.3505584254837101
15,2020,2,25.0,50.0,1741679,8302474,5969297,387340.428319516,1846427.4044021,1327540.871048225,0.2097783142711437,0.2917728838085959
15,2021,1,0.0,25.0,729465,2921669,1783481,162229.25438275118,649764.1194892123,396636.97755999735,0.2496740732779791,0.409011926675978
15,2021,2,25.0,50.0,1995835,8302474,5885341,443863.4121184679,1846427.4044021,1308869.489582413,0.2403903944775978,0.3391196873724054
15,2022,1,0.0,25.0,707472,2921669,1760376,157338.12459360453,649764.1194892123,391498.5447050784,0.242146526523025,0.4018868696233078
15,2022,2,25.0,50.0,2030933,8302474,5787650,451669.026329329,1846427.4044021,1287143.5149435955,0.2446178091012389,0.3509080542188971
15,2023,1,0.0,25.0,678575,2921669,1739381,150911.58080617353,649764.1194892123,386829.36496956553,0.232255946857772,0.3901244178245019
15,2023,2,25.0,50.0,1872509,8302474,5752892,416436.3456711302,1846427.4044021,1279413.5149794633,0.2255362678642535,0.3254900317961818
15,2024,1,0.0,25.0,718932,2921669,1788598,159886.76949805688,649764.1194892123,397774.9719732681,0.2460689421012442,0.4019528144390187
15,2024,2,25.0,50.0,1961426,8302474,5939188,436211.0279546546,1846427.4044021,1320844.7847106897,0.2362459671659315,0.3302515428034943
16,2013,1,0.0,25.0,1668220,5646896,3643006,371003.5255240391,1255840.551166869,810185.7485854549,0.295422476348068,0.4579240330650018
16,2014,1,0.0,25.0,1775885,5646896,3669581,394947.6663301352,1255840.551166869,816095.8915466957,0.3144887031742748,0.4839476223579749
16,2014,2,25.0,50.0,2692412,13101763,5488544,598778.5448940962,2913764.529606653,1220623.8829373892,0.2054999773694578,0.4905512281581418
16,2015,1,0.0,25.0,1825763,5646896,3716816,406040.2763252725,1255840.551166869,826600.7119709372,0.3233215203538369,0.491216944825894
16,2015,2,25.0,50.0,2753791,13101763,5600633,612428.917982262,2913764.529606653,1245551.8985303352,0.2101847667371177,0.4916928140087022
16,2016,1,0.0,25.0,1768560,5646896,3710192,393318.6241028129,1255840.551166869,825127.5685287826,0.3131915303557919,0.4766761396714779
16,2016,2,25.0,50.0,2746257,13101763,5600097,610753.3952326857,2913764.529606653,1245432.6948943152,0.2096097296218837,0.4903945413802654
16,2017,1,0.0,25.0,1924226,5646896,3713082,427937.9397831339,1255840.551166869,825770.2896259787,0.3407581793608382,0.5182287921462548
16,2017,2,25.0,50.0,3039738,13101763,5632156,676022.0562452143,2913764.529606653,1252562.4511763256,0.2320098447819579,0.5397112579978254
16,2018,1,0.0,25.0,1932951,5646896,3724199,429878.3347911048,1255840.551166869,828242.653099172,0.3423032759944578,0.5190246278461489
16,2018,2,25.0,50.0,3043434,13101763,5652701,676844.0275861267,2913764.529606653,1257131.553232344,0.2322919442215524,0.5384034994951971
16,2019,1,0.0,25.0,1805889,5646896,3755446,401620.4012091219,1255840.551166869,835191.8247684061,0.3198020647095325,0.4808720455573053
16,2019,2,25.0,50.0,2809431,13101763,5788743,624802.9670646117,2913764.529606653,1287386.592507345,0.2144315234522254,0.4853266071753401
16,2020,1,0.0,25.0,1828417,5646896,3751046,406630.512239445,1255840.551166869,834213.2874577962,0.3237915130719602,0.4874419028718922
16,2020,2,25.0,50.0,2904337,13101763,5802026,645909.5720647823,2913764.529606653,1290340.66321117,0.221675281410601,0.500572903327217
16,2021,1,0.0,25.0,1858122,5646896,3688718,413236.75106027897,1255840.551166869,820351.8616633192,0.3290519251638422,0.5037311065795759
16,2021,2,25.0,50.0,2996676,13101763,5685748,666445.2895021492,2913764.529606653,1264481.035619555,0.2287231115385005,0.5270504426154659
16,2022,1,0.0,25.0,1864685,5646896,3630394,414696.3284169911,1255840.551166869,807380.9048214974,0.330214156591515,0.5136315782804841
16,2022,2,25.0,50.0,2926362,13101763,5556611,650807.8184889151,2913764.529606653,1235761.6327376822,0.2233563528816694,0.5266451079623893
16,2023,1,0.0,25.0,1807162,5646896,3635526,401903.5098446689,1255840.551166869,808522.235157418,0.3200274982928674,0.4970840533116803
16,2023,2,25.0,50.0,2809748,13101763,5600793,624873.4662299444,2913764.529606653,1245587.4817052663,0.2144557186693119,0.5016696742764819
16,2024,1,0.0,25.0,1832096,5646896,3628554,407448.7028680209,1255840.551166869,806971.6983097878,0.3244430214404515,0.5049107716186668
16,2024,2,25.0,50.0,2960712,13101763,5608348,658447.0813569726,2913764.529606653,1247267.6747465522,0.2259781374460826,0.5279116060558297
17,2013,1,0.0,25.0,1142671,5552111,2652263,254124.13801182053,1234760.8559427403,589849.6143296234,0.205808385315063,0.4308286923280233
17,2014,1,0.0,25.0,1273135,5552111,2564916,283138.6588507796,1234760.8559427403,570424.0919501123,0.2293064746003817,0.4963651831093104
17,2014,2,25.0,50.0,2867568,11951009,6097803,637732.3360707327,2657842.774076273,1356119.9427839625,0.2399435897002504,0.4702624863413921
17,2015,1,0.0,25.0,971605,5552111,2566896,216079.94174436465,1234760.8559427403,570864.4337398867,0.1749974018891193,0.3785135821630483
17,2015,2,25.0,50.0,2276155,11951009,6002238,506205.1345980561,2657842.774076273,1334866.779582044,0.1904571404807744,0.3792177184576819
17,2016,1,0.0,25.0,1222422,5552111,2681255,271860.34916146967,1234760.8559427403,596297.2856271699,0.2201724713356775,0.4559141148454735
17,2016,2,25.0,50.0,2769473,11951009,6282828,615916.5139152133,2657842.774076273,1397268.548669329,0.2317354961409534,0.4408003847948726
17,2017,1,0.0,25.0,1343056,5552111,2671291,298688.7286905887,1234760.8559427403,594081.343408325,0.2419000628769849,0.5027741268173329
17,2017,2,25.0,50.0,3133176,11951009,6226197,696802.1856153904,2657842.774076273,1384674.1062972485,0.2621683240302137,0.5032246811336037
17,2018,1,0.0,25.0,1358959,5552111,2731266,302225.4738839138,1234760.8559427403,607419.4741364688,0.2447643788101498,0.4975564445205996
17,2018,2,25.0,50.0,3046011,11951009,6360253,677417.1390973636,2657842.774076273,1414487.4694134144,0.2548747976007716,0.4789134960511791
17,2019,1,0.0,25.0,1136714,5552111,2818156,252799.3319301606,1234760.8559427403,626743.3620725827,0.2047354600799587,0.4033538242737449
17,2019,2,25.0,50.0,2747555,11951009,6541707,611042.0637393157,2657842.774076273,1454841.903313283,0.2299015087345344,0.4200058180533002
17,2020,1,0.0,25.0,1384462,5552111,2904769,307897.2095731152,1234760.8559427403,646005.6466370967,0.2493577668025729,0.4766169013783884
17,2020,2,25.0,50.0,3143241,11951009,6680317,699040.5897134108,2657842.774076273,1485668.0525459305,0.2630105123341468,0.4705227311817688
17,2021,1,0.0,25.0,1384052,5552111,2838261,307806.0276873538,1234760.8559427403,631214.6103975403,0.2492839210167088,0.4876408476880738
17,2021,2,25.0,50.0,3151117,11951009,6487408,700792.1714994026,2657842.774076273,1442766.085715826,0.2636695361872792,0.4857281983806167
17,2022,1,0.0,25.0,1361797,5552111,2815772,302856.6304492572,1234760.8559427403,626213.1727661067,0.245275535737668,0.4836318423508721
17,2022,2,25.0,50.0,3181759,11951009,6504118,707606.7942884278,2657842.774076273,1446482.3035477106,0.2662335037987169,0.4891914630085124
17,2023,1,0.0,25.0,1293266,5552111,2817289,287615.6894416635,1234760.8559427403,626550.5457434239,0.2329323026863115,0.4590462675288194
17,2023,2,25.0,50.0,3001044,11951009,6522097,667416.7101777729,2657842.774076273,1450480.740435769,0.2511121864271042,0.4601348308680475
17,2024,1,0.0,25.0,1333669,5552111,2683834,296601.10829633963,1234760.8559427403,596870.8419280933,0.2402093546040416,0.4969267845924897
17,2024,2,25.0,50.0,3123346,11951009,6026806,694616.0443055504,2657842.774076273,1340330.5760927408,0.2613457993379471,0.5182423326717336
18,2013,1,0.0,25.0,1209644,5646896,3039439,269018.58785352093,1255840.551166869,675955.5601870616,0.2142139681694155,0.397982654035827
18,2014,1,0.0,25.0,1248370,5646896,3108535,277631.05055594863,1255840.551166869,691322.1542811312,0.2210718950729746,0.4015943201540275
18,2014,2,25.0,50.0,2279004,9293668,5743913,506838.73750667606,2066863.838732269,1277416.631681289,0.2452211548766321,0.3967685443703621
18,2015,1,0.0,25.0,1305875,5646896,2977644,290419.86602109106,1255840.551166869,662212.6708440745,0.2312553657797133,0.4385598144036023
18,2015,2,25.0,50.0,2249064,9293668,5371748,500180.2358976618,2066863.838732269,1194649.054816934,0.2419996066138794,0.4186838250789129
18,2016,1,0.0,25.0,1195742,5646896,2974370,265926.8547416801,1255840.551166869,661484.5501270433,0.2117520846851084,0.4020152166677313
18,2016,2,25.0,50.0,2114870,9293668,5379332,470336.1822931175,2066863.838732269,1196335.6973086763,0.2275603131078063,0.3931473275863992
18,2017,1,0.0,25.0,1324636,5646896,3004235,294592.215676626,1255840.551166869,668126.3721228085,0.234577721990984,0.4409228971768187
18,2017,2,25.0,50.0,2306892,9293668,5502572,513040.8848971967,2066863.838732269,1223743.6377994886,0.2482219076472282,0.419238857755973
18,2018,1,0.0,25.0,1318118,5646896,3008911,293142.6460878633,1255840.551166869,669166.2904101749,0.2334234595430835,0.4380714484409808
18,2018,2,25.0,50.0,2316502,9293668,5518356,515178.0993415063,2066863.838732269,1227253.9180064586,0.2492559450154664,0.4197811812068667
18,2019,1,0.0,25.0,1241959,5646896,2958220,276205.27721542126,1255840.551166869,657892.873407418,0.219936581088088,0.4198332105117267
18,2019,2,25.0,50.0,2204650,9293668,5419679,490302.7913264274,2066863.838732269,1205308.6620521266,0.2372206538903692,0.4067860845633108
18,2020,1,0.0,25.0,1258496,5646896,2955736,279883.0207394115,1255840.551166869,657340.4446166101,0.2228650926101702,0.4257809222474538
18,2020,2,25.0,50.0,2238307,9293668,5444333,497787.93456806376,2066863.838732269,1210791.5845193488,0.2408421518823353,0.411126027742976
18,2021,1,0.0,25.0,1328419,5646896,2792319,295433.53536890727,1255840.551166869,620997.3465057123,0.2352476475571712,0.4757404150457021
18,2021,2,25.0,50.0,2435425,9293668,5262153,541625.961293704,2066863.838732269,1170275.6919632296,0.2620520767473079,0.4628191160538281
18,2022,1,0.0,25.0,1245686,5646896,2759929,277034.14279647655,1255840.551166869,613793.9775305629,0.2205965897016697,0.4513471179874554
18,2022,2,25.0,50.0,2272688,9293668,5189940,505434.0916762641,2066863.838732269,1154215.89314253,0.2445415523773821,0.437902557640358
18,2023,1,0.0,25.0,1247364,5646896,2707092,277407.32134356827,1255840.551166869,602043.3011940403,0.2208937441029549,0.4607763607590728
18,2023,2,25.0,50.0,2345005,9293668,5162618,521517.019560669,2066863.838732269,1148139.6212333287,0.252322871873624,0.4542278743071829
18,2024,1,0.0,25.0,1231791,5646896,2726879,273943.96644853894,1255840.551166869,606443.827958822,0.2181359458364382,0.4517219135869248
18,2024,2,25.0,50.0,2341796,9293668,5269996,520803.3545084537,2066863.838732269,1172019.934719392,0.2519775830167378,0.4443639046405348
19,2013,1,0.0,25.0,1381902,5646896,3974678,307327.8787742148,1255840.551166869,883947.8910592347,0.2447188685607101,0.3476764658671721
19,2014,1,0.0,25.0,1453290,5646896,4080606,323204.20184917504,1255840.551166869,907505.7320224833,0.2573608580714077,0.3561456313106436
19,2014,2,25.0,50.0,2130627,10252979,5801936,473840.45783931785,2280209.658272852,1290320.6476752714,0.207805653361818,0.3672269049503476
19,2015,1,0.0,25.0,1253334,5646896,3206714,278735.01855819137,1255840.551166869,713156.6576034896,0.2219509620860734,0.3908468294958639
19,2015,2,25.0,50.0,1772869,10252979,4647459,394276.9234826807,2280209.658272852,1033570.9161432096,0.1729125749696746,0.38147060576543
19,2016,1,0.0,25.0,1335972,5646896,3215726,297113.2836205066,1255840.551166869,715160.8799314935,0.2365851965398335,0.4154495749948845
19,2016,2,25.0,50.0,2006611,10252979,4766973,446259.938950089,2280209.658272852,1060150.2134478097,0.1957100468068841,0.4209402906204839
19,2017,1,0.0,25.0,1364057,5646896,3661876,303359.24279516144,1255840.551166869,814382.3392789117,0.2415587253599145,0.372502236558529
19,2017,2,25.0,50.0,2100242,10252979,5260169,467082.990525026,2280209.658272852,1169834.4605940818,0.2048421244206196,0.3992727229866569
19,2018,1,0.0,25.0,1436340,5646896,3663904,319434.60925489344,1255840.551166869,814833.3560211656,0.2543592090238601,0.3920244635230617
19,2018,2,25.0,50.0,2182458,10252979,5304182,485367.40496346,2280209.658272852,1179622.7248331446,0.2128608670709264,0.4114598631796571
19,2019,1,0.0,25.0,1285977,5646896,2970764,285994.65342870075,1255840.551166869,660682.5943220297,0.2277316600128637,0.4328775358796592
19,2019,2,25.0,50.0,1991572,10252979,4534859,442915.3429013928,2280209.658272852,1008529.2567853272,0.194243253594882,0.4391695530114607
19,2020,1,0.0,25.0,1351463,5646896,2976835,300558.40213838365,1255840.551166869,662032.7534158282,0.2393284735543208,0.4539932512215154
19,2020,2,25.0,50.0,2105746,10252979,4577305,468307.05174266174,2280209.658272852,1017969.0283049068,0.2053789440122719,0.4600405697238877
19,2021,1,0.0,25.0,1299417,5646896,2795439,288983.6401229276,1255840.551166869,621691.2184168721,0.2301117286381757,0.4648346824953075
19,2021,2,25.0,50.0,2032857,10252979,4272518,452096.9140078776,2280209.658272852,950185.9711937972,0.198269888195421,0.4757983465488033
19,2022,1,0.0,25.0,1315105,5646896,2728535,292472.5704249388,1255840.551166869,606812.1138193607,0.2328898920752215,0.4819820892896738
19,2022,2,25.0,50.0,2034773,10252979,4244577,452523.0225276796,2280209.658272852,943972.0368765806,0.1984567607131546,0.4793818088351324
19,2023,1,0.0,25.0,1237935,5646896,2706564,275310.36036589975,1255840.551166869,601925.8767167672,0.2192239772080094,0.4573824967745082
19,2023,2,25.0,50.0,1935434,10252979,4204695,430430.5411870695,2280209.658272852,935102.4857352744,0.1887679668513902,0.4603030659774371
19,2024,1,0.0,25.0,1324775,5646896,2742404,294623.12855984754,1255840.551166869,609896.507901372,0.2346023372840583,0.4830706927206932
19,2024,2,25.0,50.0,2055140,10252973,4107550,457052.5383015871,2280208.323903792,913497.9386809096,0.2004433250726399,0.5003323148835681
20,2013,1,0.0,25.0,1435264,5646896,3594034,319195.3124034806,1255840.551166869,799294.6283183658,0.2541686618630837,0.3993462499241799
20,2014,1,0.0,25.0,1552143,5646896,3628369,345188.59929593134,1255840.551166869,806930.5552637734,0.2748665815697686,0.4277798096059138
20,2014,2,25.0,50.0,2140216,10284849,5288141,475973.0019919176,2287297.3819294744,1176055.2891514413,0.2080940614684766,0.4047199195331592
20,2015,1,0.0,25.0,1526938,5646896,3703496,339583.1372700394,1255840.551166869,823638.4126579087,0.2704030674551116,0.412296381581079
20,2015,2,25.0,50.0,2131479,10284849,5643861,474029.93824582687,2287297.3819294744,1255165.5828173915,0.2072445594485636,0.3776632698785459
20,2016,1,0.0,25.0,1609600,5646896,3724483,357966.73980859434,1255840.551166869,828305.8132346751,0.2850415520314169,0.4321673638999023
20,2016,2,25.0,50.0,2244496,10284849,5578877,499164.336253374,2287297.3819294744,1240713.4763190553,0.2182332477608567,0.4023203953053634
20,2017,1,0.0,25.0,1733096,5646896,3715995,385431.6133792965,1255840.551166869,826418.1258045711,0.3069112659415013,0.466388140995884
20,2017,2,25.0,50.0,2436509,10284849,5575618,541867.0373038633,2287297.3819294744,1239988.691524674,0.2369027488881946,0.4369935314793804
20,2018,1,0.0,25.0,1749071,5646896,3724492,388984.3710013407,1255840.551166869,828307.8147882649,0.3097402537606501,0.4696133056534958
20,2018,2,25.0,50.0,2519443,10284849,5612557,560311.1312398014,2287297.3819294744,1248203.7346420882,0.2449664550252512,0.4488939711436338
20,2019,1,0.0,25.0,1642561,5646896,3773166,365297.09623927966,1255840.551166869,839132.6613920445,0.290878564081931,0.4353269906492319
20,2019,2,25.0,50.0,2371093,10284849,5792716,527318.8562332129,2287297.3819294744,1288270.1672198568,0.2305423249286401,0.409323191401063
20,2020,1,0.0,25.0,1687973,5646896,3773387,375396.4908641479,1255840.551166869,839181.8106524183,0.2989205042912071,0.4473363055525447
20,2020,2,25.0,50.0,2333367,10284849,5801603,518928.7883741056,2287297.3819294744,1290246.5901924456,0.2268742107929829,0.4021934972110294
20,2021,1,0.0,25.0,1683875,5646896,3708391,374485.1167962207,1255840.551166869,824727.0354159625,0.2981947958666141,0.4540715906170627
20,2021,2,25.0,50.0,2402996,10284849,5692022,534413.9189196652,2287297.3819294744,1265876.3408665475,0.2336442664350249,0.4221691342724958
20,2022,1,0.0,25.0,1734275,5646896,3656206,385693.8168995713,1255840.551166869,813121.3605172848,0.3071200532115342,0.4743373321962712
20,2022,2,25.0,50.0,2504122,10284849,5583680,556903.8198452889,2287297.3819294744,1241781.6387515236,0.2434767880403494,0.4484716172846581
20,2023,1,0.0,25.0,1602204,5646896,3679894,356321.9075473963,1255840.551166869,818389.4495658596,0.2837318059337377,0.4353940629811619
20,2023,2,25.0,50.0,2299351,10284849,5641593,511363.8053837172,2287297.3819294744,1254661.1913127406,0.2235668214477431,0.4075712303244846
20,2024,1,0.0,25.0,1725346,5646896,3683817,383708.0533435631,1255840.551166869,819261.9045362057,0.3055388305362804,0.4683582273495127
20,2024,2,25.0,50.0,2363461,10284849,5484212,525621.5387889912,2287297.3819294744,1219660.468476125,0.2298002625026386,0.4309572642341324
21,2013,1,0.0,25.0,1572772,5646896,3576732,349776.38251878886,1255840.551166869,795446.7527392354,0.2785197389858074,0.4397231886537767
21,2014,1,0.0,25.0,1575103,5646896,3575389,350294.7848985688,1255840.551166869,795148.076464656,0.27893253213801,0.4405403160327449
21,2014,2,25.0,50.0,3893288,16942104,7708593,865847.1747613834,3767836.564598749,1714351.3324561082,0.2297995573631232,0.5050581863642302
21,2015,1,0.0,25.0,1683780,5646896,3610987,374463.98928610526,1255840.551166869,803064.8880971774,0.2981779724648727,0.4662935646126668
21,2015,2,25.0,50.0,4016710,16942104,7853902,893295.5911136798,3767836.564598749,1746667.304744159,0.2370844849022294,0.5114285867076008
21,2016,1,0.0,25.0,1616377,5646896,3607963,359473.909661777,1255840.551166869,802392.3660909764,0.2862416803851177,0.4480026541292136
21,2016,2,25.0,50.0,4071030,16942104,7872578,905376.0790028466,3767836.564598749,1750820.750838012,0.2402906982509374,0.5171152321386971
21,2017,1,0.0,25.0,1961089,5646896,3600692,436136.0808924556,1255840.551166869,800775.3331851934,0.3472861905018261,0.5446422521004296
21,2017,2,25.0,50.0,4886130,16942104,7847906,1086650.1157933443,3767836.564598749,1745333.82526361,0.2884016058454133,0.6226030230229567
21,2018,1,0.0,25.0,1894546,5646896,3604462,421337.26083338296,1255840.551166869,801613.7617445114,0.3355021944799408,0.5256113117574828
21,2018,2,25.0,50.0,4725384,16942104,7863782,1050901.0343089555,3767836.564598749,1748864.5657961655,0.2789136461445402,0.6009047554980542
21,2019,1,0.0,25.0,1560007,5646896,3539954,346937.51234380336,1255840.551166869,787267.515191596,0.2762592050570791,0.4406856699267844
21,2019,2,25.0,50.0,3363709,16942104,7620845,748071.5360305834,3767836.564598749,1694836.6297444256,0.1985413972196133,0.4413826813168356
21,2020,1,0.0,25.0,1569834,5646896,3527229,349122.9864691134,1255840.551166869,784437.5408103432,0.2779994531508992,0.4450615483145551
21,2020,2,25.0,50.0,3609826,16942104,7580376,802806.6876840823,3767836.564598749,1685836.5328300905,0.2130683414527499,0.4762067211441754
21,2021,1,0.0,25.0,1755294,5646896,3523087,390368.3341113238,1255840.551166869,783516.38136931,0.3108422751189326,0.4982261295278828
21,2021,2,25.0,50.0,4108700,16942104,7513121,913753.692750728,3767836.564598749,1670879.3676425735,0.2425141529056839,0.5468699359427327
21,2022,1,0.0,25.0,1825076,5646896,3515168,405887.4910679114,1255840.551166869,781755.2366050553,0.3231998605959805,0.5192002203024151
21,2022,2,25.0,50.0,4163212,16942104,7472095,925876.8804498124,3767836.564598749,1661755.3968005087,0.2457316989672593,0.5571679696256538
21,2023,1,0.0,25.0,1781120,5646896,3502226,396111.9033349177,1255840.551166869,778877.0025428021,0.3154157611544466,0.5085679793365705
21,2023,2,25.0,50.0,3992164,16942104,7433720,887836.6872895361,3767836.564598749,1653220.9946880864,0.2356356683916,0.5370344860984809
21,2024,1,0.0,25.0,1773068,5646896,3263875,394321.1800565015,1255840.551166869,725868.9692425298,0.313989845040532,0.543240166979434
21,2024,2,25.0,50.0,3840395,16942104,6684230,854084.044313635,3767836.564598749,1486538.2835678435,0.2266775720418196,0.5745456095915311
22,2013,1,0.0,25.0,1337518,4904009,3895724,297457.10604828,1090626.3131970707,866388.9285997121,0.2727397115298932,0.3433297636074834
22,2014,1,0.0,25.0,1444078,4904009,3926250,321155.50055250706,1090626.3131970707,873177.7535869121,0.2944688723042719,0.3678008277618593
22,2014,2,25.0,50.0,1585181,5118847,3730476,352536.08012955234,1138405.1765463494,829638.6255306945,0.3096754015113169,0.4249272746963122
22,2015,1,0.0,25.0,1473455,4904009,3962375,327688.79386473185,1090626.3131970707,881211.7673018633,0.3004592772974112,0.3718615729202814
22,2015,2,25.0,50.0,1603777,5118847,3767023,356671.7346359394,1138405.1765463494,837766.4898695269,0.3133082508619617,0.4257412285510335
22,2016,1,0.0,25.0,1297480,4904009,3962951,288552.8613114159,1090626.3131970707,881339.8667316159,0.2645753708853307,0.3274024836542263
22,2016,2,25.0,50.0,1486655,5118847,3764320,330624.4057965618,1138405.1765463494,837165.3566080318,0.290427707645882,0.3949332150295405
22,2017,1,0.0,25.0,1449757,4904009,3972897,322418.4808677239,1090626.3131970707,883551.805843281,0.2956269044367577,0.364911801136551
22,2017,2,25.0,50.0,1582154,5118847,3773711,351862.8909388213,1138405.1765463494,839253.8665816541,0.3090840574058963,0.4192568005340101
22,2018,1,0.0,25.0,1479051,4904009,3982789,328933.3154079531,1090626.3131970707,885751.7356334069,0.3016003845017413,0.3713606219159489
22,2018,2,25.0,50.0,1592123,5118847,3784925,354079.9451318829,1138405.1765463494,841747.8023546496,0.3110315662882676,0.4206484936953836
22,2019,1,0.0,25.0,1354445,4904009,4073456,301221.58356116526,1090626.3131970707,905915.608892742,0.2761913772996746,0.3325051258685499
22,2019,2,25.0,50.0,1486267,5118847,3889946,330538.1165973535,1138405.1765463494,865103.9311950065,0.2903519093264557,0.3820790828458801
22,2020,1,0.0,25.0,1376613,4904009,4079417,306151.632447893,1090626.3131970707,907241.3045537752,0.280711760520831,0.337453366498203
22,2020,2,25.0,50.0,1512730,5118847,3896409,336423.3513361425,1138405.1765463494,866541.2690673865,0.2955216282104153,0.3882369638300291
22,2021,1,0.0,25.0,1569726,4904009,3982614,349098.9678260348,1090626.3131970707,885712.8165358258,0.3200903587248718,0.394144649720008
22,2021,2,25.0,50.0,1654384,5118847,3765848,367926.47047185735,1138405.1765463494,837505.1759286254,0.3231946569217638,0.4393124735783282
22,2022,1,0.0,25.0,1579836,4904009,3968679,351347.3796920045,1090626.3131970707,882613.7443941553,0.3221519373231166,0.3980760348720569
22,2022,2,25.0,50.0,1624469,5118847,3747331,361273.5287339261,1138405.1765463494,833387.0906148606,0.3173505674227028,0.4335002699254482
22,2023,1,0.0,25.0,1541298,4904009,3953916,342776.7272201211,1090626.3131970707,879330.5293222156,0.3142934688741395,0.3898155651258145
22,2023,2,25.0,50.0,1564821,5118847,3724442,348008.121119548,1138405.1765463494,828296.6950460989,0.3056979433063735,0.4201491122697037
22,2024,1,0.0,25.0,1579400,4904009,4024092,351250.41554031684,1090626.3131970707,894937.3098470714,0.3220630304715998,0.39248605648181
22,2024,2,25.0,50.0,1662856,5118847,3793122,369810.5995844682,1138405.1765463494,843570.7728853474,0.3248497171335654,0.4383871649791385
23,2013,1,0.0,25.0,2010286,5646896,4049640,447077.2399992917,1255840.551166869,900619.0533042222,0.3559984104541681,0.4964110390059363
23,2014,1,0.0,25.0,2074593,5646896,4094374,461378.78518869984,1255840.551166869,910567.6642253192,0.3673864367255922,0.5066935751350512
23,2014,2,25.0,50.0,2880390,8016929,5438488,640583.8827517874,1782923.6688661622,1209491.686660141,0.3592884507272049,0.5296306620516584
23,2015,1,0.0,25.0,2203434,5646896,4140632,490032.35919694975,1255840.551166869,920855.2048876364,0.3902026883441806,0.5321491984798455
23,2015,2,25.0,50.0,2868393,8016929,5561862,637915.8118164721,1782923.6688661622,1236929.428059958,0.3577919924200401,0.5157253092579428
23,2016,1,0.0,25.0,2217893,5646896,4139447,493247.96623652015,1255840.551166869,920591.6669983016,0.3927632100892242,0.5357945155476082
23,2016,2,25.0,50.0,3096533,8016929,5545424,688652.9713715992,1782923.6688661622,1233273.7016254563,0.3862492732566298,0.5583942724668123
23,2017,1,0.0,25.0,2373016,5646896,4160304,527746.5215169181,1255840.551166869,925230.1562454364,0.4202337000716854,0.5703948557605406
23,2017,2,25.0,50.0,3346196,8016929,5565976,744176.7351395125,1782923.6688661622,1237844.3604453783,0.4173912479454414,0.6011876443592283
23,2018,1,0.0,25.0,2371353,5646896,4166407,527376.6788924763,1255840.551166869,926587.431974221,0.4199392019969909,0.5691601900630447
23,2018,2,25.0,50.0,3293306,8016929,5590739,732414.2718762939,1782923.6688661622,1243351.5239505223,0.410793958634285,0.5890645225971021
23,2019,1,0.0,25.0,2212522,5646896,4204088,492053.483533046,1255840.551166869,934967.4920653788,0.3918120680812963,0.5262787077720542
23,2019,2,25.0,50.0,2803773,8016929,5665444,623544.6570411046,1782923.6688661622,1259965.5307207766,0.3497315493251842,0.494890250437565
23,2020,1,0.0,25.0,2222762,5646896,4200640,494330.8067286474,1255840.551166869,934200.67464561,0.3936254537005817,0.5291484154795459
23,2020,2,25.0,50.0,3152682,8016929,5668493,701140.2194291991,1782923.6688661622,1260643.6125980606,0.3932530773317313,0.5561763946784445
23,2021,1,0.0,25.0,2295354,5646896,4129520,510474.8931949654,1255840.551166869,918383.9533886596,0.4064806576922968,0.5558403882291404
23,2021,2,25.0,50.0,3135895,8016929,5565936,697406.8771943788,1782923.6688661622,1237835.4646516454,0.3911591333788786,0.5634083827050832
23,2022,1,0.0,25.0,2287578,5646896,4097178,508745.5508933056,1255840.551166869,911191.2593659896,0.405103617987652,0.5583301482142099
23,2022,2,25.0,50.0,3272158,8016929,5512884,727711.0657297531,1782923.6688661622,1226036.973423809,0.408156040798166,0.5935474064028918
23,2023,1,0.0,25.0,2188859,5646896,4102192,486790.9543555542,1255840.551166869,912306.3471103983,0.3876216243401685,0.5335827772078927
23,2023,2,25.0,50.0,3066506,8016929,5513129,681975.1214112161,1782923.6688661622,1226091.4601604226,0.3825038240952365,0.5562188006121388
23,2024,1,0.0,25.0,2290833,5646896,4135687,509469.4461083137,1255840.551166869,919755.4623874167,0.4056800408578447,0.5539183695477922
23,2024,2,25.0,50.0,3244731,8016929,5538612,721611.4423620031,1782923.6688661622,1231758.7479527574,0.4047349053484195,0.5858382930597053
24,2013,1,0.0,25.0,480366,5646896,1514821,106830.9213064707,1255840.551166869,336888.3789535256,0.0850672652728153,0.3171107345356316
24,2014,1,0.0,25.0,497982,5646896,924655,110748.62886640371,1255840.551166869,205638.5038504696,0.0881868552209922,0.5385597871638611
24,2014,2,25.0,50.0,1287501,16773199,3190115,286333.5831699211,3730272.963587708,709465.1255992135,0.0767594184031322,0.4035907796427401
24,2015,1,0.0,25.0,563519,5646896,1025229,125323.71971309598,1255840.551166869,228005.6428225804,0.0997927002728578,0.5496518338829667
24,2015,2,25.0,50.0,1404562,16773199,3481048,312367.3459238562,3730272.963587708,774167.1245509617,0.083738468732172,0.4034882598573763
24,2016,1,0.0,25.0,595380,5646896,1046878,132409.4418161288,1255840.551166869,232820.2687856248,0.1054349150400503,0.5687195642663233
24,2016,2,25.0,50.0,1451105,16773199,3526197,322718.26911651983,3730272.963587708,784208.0293320365,0.0865133120998564,0.411521250797956
24,2017,1,0.0,25.0,667586,5646896,1043773,148467.68387292512,1255840.551166869,232129.7327971148,0.1182217628941634,0.6395892593504526
24,2017,2,25.0,50.0,1826897,16773199,3570747,406292.4720775979,3730272.963587708,794115.7196019626,0.1089176250755744,0.511628799240047
24,2018,1,0.0,25.0,667674,5646896,1081640,148487.25461913733,1255840.551166869,240551.15832913024,0.1182373466768291,0.6172793165933212
24,2018,2,25.0,50.0,1710820,16773199,3692376,380477.5458494902,3730272.963587708,821165.3820001854,0.1019972397632675,0.4633385115708692
24,2019,1,0.0,25.0,681063,5646896,1140605,151464.8991763548,1255840.551166869,253664.6702655205,0.1206083837917326,0.5971067985849615
24,2019,2,25.0,50.0,1878848,16773199,3925046,417846.1065829386,3730272.963587708,872909.9901955542,0.1120148875596122,0.4786817785065448
24,2020,1,0.0,25.0,688677,5646896,1140629,153158.2135133967,1255840.551166869,253670.00774176017,0.1219567351691973,0.6037694991097018
24,2020,2,25.0,50.0,1914188,16773199,3936321,425705.5403458832,3730272.963587708,875417.4920539923,0.1141218201727649,0.4862885928256359
24,2021,1,0.0,25.0,661526,5646896,1131079,147119.9711224032,1255840.551166869,251546.1369880499,0.1171486069515004,0.5848627726268457
24,2021,2,25.0,50.0,1740007,16773199,3893481,386968.5841414841,3730272.963587708,865890.0969661443,0.103737337165081,0.4469026560037149
24,2022,1,0.0,25.0,697688,5646896,1114295,155162.21344655726,1255840.551166869,247813.46193775948,0.1235524790964806,0.6261250387016005
24,2022,2,25.0,50.0,1920362,16773199,3833262,427078.6061085437,3730272.963587708,852497.7018962301,0.1144899073814124,0.5009733224600875
24,2023,1,0.0,25.0,618191,5646896,1120390,137482.49058711156,1255840.551166869,249168.9585077976,0.1094744794308235,0.5517641178518194
24,2023,2,25.0,50.0,1581016,16773199,3862269,351609.80560712266,3730272.963587708,858948.7091164264,0.0942584655437522,0.4093490121998234
24,2024,1,0.0,25.0,603309,5646896,1012209,134172.81052881663,1255840.551166869,225110.0619625481,0.1068390492759207,0.5960320447654586
24,2024,2,25.0,50.0,1600626,16773199,3321792,355970.9684846367,3730272.963587708,738749.4113831202,0.09542759255405,0.4818561788335934
25,2013,1,0.0,25.0,173474,5451973,959986,38579.72305017153,1212490.6811223172,213495.9360598244,0.0318185728359256,0.1807047186104797
25,2014,1,0.0,25.0,221501,5451973,1000817,49260.68019032272,1212490.6811223172,222576.5399074416,0.0406276773564359,0.2213201814117865
25,2014,2,25.0,50.0,279550,11757831,1315040,62170.47845023146,2614880.983033316,292458.11476012296,0.0237756436540038,0.2125790850468426
25,2015,1,0.0,25.0,359747,5451973,1049578,80005.8777000015,1212490.6811223172,233420.73486259,0.0659847361679891,0.342753944918815
25,2015,2,25.0,50.0,420035,11757831,1659819,93413.61801410472,2614880.983033316,369135.186445304,0.035723850768054,0.2530607252959509
25,2016,1,0.0,25.0,341851,5451973,1008509,76025.89958393874,1212490.6811223172,224287.2010422625,0.0627022547617165,0.3389667320767588
25,2016,2,25.0,50.0,372690,11757831,1617152,82884.33415709806,2614880.983033316,359646.2656653504,0.0316971727183355,0.2304607111761912
25,2017,1,0.0,25.0,383461,5451973,1059101,85279.74901450261,1212490.6811223172,235538.60095553065,0.0703343541870071,0.3620627305611079
25,2017,2,25.0,50.0,442864,11757831,1647911,98490.66989226724,2614880.983033316,366486.90865104407,0.0376654503709059,0.2687426687484943
25,2018,1,0.0,25.0,342241,5451973,1094574,76112.63357283371,1212490.6811223172,243427.6132326369,0.0627737884982189,0.3126705001215084
25,2018,2,25.0,50.0,416176,11757831,1749099,92555.3963137311,2614880.983033316,388990.5980569536,0.0353956439754917,0.2379373608926653
25,2019,1,0.0,25.0,286592,5451973,1203253,63736.58293689406,1212490.6811223172,267597.26240986,0.0525666579786803,0.2381809976787924
25,2019,2,25.0,50.0,381075,11757831,1979136,84749.11491834003,2614880.983033316,440149.64062985976,0.0324103144534055,0.1925461413465269
25,2020,1,0.0,25.0,336323,5451973,1239389,74796.5008900633,1212490.6811223172,275633.7224680877,0.0616883099017548,0.2713619372126104
25,2020,2,25.0,50.0,405310,11757831,2013817,90138.8539462111,2614880.983033316,447862.5161910562,0.034471493934553,0.2012645637612553
25,2021,1,0.0,25.0,272916,5451973,1149694,60695.111059643605,1212490.6811223172,255686.01699646004,0.0500582082853308,0.2373814249704704
25,2021,2,25.0,50.0,356855,11757831,1789459,79362.71181311875,2614880.983033316,397966.453933367,0.030350410717759,0.1994206070102751
25,2022,1,0.0,25.0,351586,5451973,1098103,78190.91338366331,1212490.6811223172,244212.4446347148,0.0644878468767178,0.3201757940739621
25,2022,2,25.0,50.0,391496,11757831,1712652,87066.69158058242,2614880.983033316,380884.9732024532,0.0332966173778139,0.2285905134259616
25,2023,1,0.0,25.0,259132,5451973,1084700,57629.620539314536,1212490.6811223172,241231.6865496908,0.0475299492495652,0.2388973909836821
25,2023,2,25.0,50.0,370931,11757831,1708044,82493.14162769739,2614880.983033316,379860.1777644326,0.0315475702959159,0.2171671221584455
25,2024,1,0.0,25.0,240615,5451973,833946,53511.535225549786,1212490.6811223172,185465.290007715,0.0441335641244004,0.2885258757761293
25,2024,2,25.0,50.0,330565,11757831,1348777,73515.95138222416,2614880.983033316,299961.049589225,0.0281144541029718,0.2450849918111
26,2013,1,0.0,25.0,0,0,0,0.0,0.0,0.0,,
26,2014,1,0.0,25.0,0,0,0,0.0,0.0,0.0,,
26,2014,2,25.0,50.0,0,0,0,0.0,0.0,0.0,,
26,2015,1,0.0,25.0,0,0,0,0.0,0.0,0.0,,
26,2015,2,25.0,50.0,0,0,0,0.0,0.0,0.0,,
26,2016,1,0.0,25.0,0,0,0,0.0,0.0,0.0,,
26,2016,2,25.0,50.0,0,0,0,0.0,0.0,0.0,,
26,2017,1,0.0,25.0,0,0,0,0.0,0.0,0.0,,
26,2017,2,25.0,50.0,0,0,0,0.0,0.0,0.0,,
26,2018,1,0.0,25.0,0,0,0,0.0,0.0,0.0,,
26,2018,2,25.0,50.0,0,0,0,0.0,0.0,0.0,,
26,2019,1,0.0,25.0,0,0,0,0.0,0.0,0.0,,
26,2019,2,25.0,50.0,0,0,0,0.0,0.0,0.0,,
26,2020,1,0.0,25.0,0,0,0,0.0,0.0,0.0,,
26,2020,2,25.0,50.0,0,0,0,0.0,0.0,0.0,,
26,2021,1,0.0,25.0,0,0,0,0.0,0.0,0.0,,
26,2021,2,25.0,50.0,0,0,0,0.0,0.0,0.0,,
26,2022,1,0.0,25.0,0,0,0,0.0,0.0,0.0,,
26,2022,2,25.0,50.0,0,0,0,0.0,0.0,0.0,,
26,2023,1,0.0,25.0,0,0,0,0.0,0.0,0.0,,
26,2023,2,25.0,50.0,0,0,0,0.0,0.0,0.0,,
26,2024,1,0.0,25.0,0,0,0,0.0,0.0,0.0,,
26,2024,2,25.0,50.0,0,0,0,0.0,0.0,0.0,,
27,2013,1,0.0,25.0,1791548,5646896,3863986,398431.0367610634,1255840.551166869,859330.5610624077,0.317262439400336,0.4636528186178728
27,2014,1,0.0,25.0,1873252,5646896,3896267,416601.5850397173,1255840.551166869,866509.688999635,0.3317312732517121,0.4807812195622117
27,2014,2,25.0,50.0,3332644,11128009,6639689,741162.8402228337,2474811.818023544,1476632.594851507,0.2994825040130718,0.501927725831737
27,2015,1,0.0,25.0,1939627,5646896,3964468,431363.0427651121,1255840.551166869,881677.2397089329,0.343485518415781,0.4892527824666512
27,2015,2,25.0,50.0,3582397,11128009,6732992,796706.6195266458,2474811.818023544,1497382.700917835,0.3219261415047382,0.5320661304810699
27,2016,1,0.0,25.0,1894545,5646896,3946932,421337.03843853966,1255840.551166869,877777.3237364655,0.3355020173915014,0.4800044692941251
27,2016,2,25.0,50.0,3486820,11128009,6738151,775450.7875866073,2474811.818023544,1498530.0359145254,0.3133372735410261,0.5174743041525783
27,2017,1,0.0,25.0,2029835,5646896,3951213,451424.8367913632,1255840.551166869,878729.3960607204,0.3594603123556729,0.5137245195336217
27,2017,2,25.0,50.0,3654463,11128009,6729378,812733.7263053772,2474811.818023544,1496578.965954075,0.3284022326006386,0.5430610377363257
27,2018,1,0.0,25.0,2067699,5646896,3973713,459845.59513884864,1255840.551166869,883733.2800354306,0.3661655890244835,0.5203443228033832
27,2018,2,25.0,50.0,3682774,11128009,6780300,819029.9467146224,2474811.818023544,1507903.7561656388,0.3309463534761699,0.543157972361105
27,2019,1,0.0,25.0,1951152,5646896,4046888,433926.1433343803,1255840.551166869,900007.0226954044,0.3455264626796739,0.4821363971525775
27,2019,2,25.0,50.0,3255472,11128009,6890400,724000.185374108,2474811.818023544,1532389.4284152202,0.2925475707289597,0.4724648786717752
27,2020,1,0.0,25.0,1993276,5646896,4069820,443294.30371441087,1255840.551166869,905106.9812424288,0.3529861361002575,0.4897700635408937
27,2020,2,25.0,50.0,3605236,11128009,6940495,801785.8953532415,2474811.818023544,1543530.2980913585,0.3239785302114691,0.5194494052657628
27,2021,1,0.0,25.0,2060635,5646896,3996837,458274.597965633,1255840.551166869,888875.9383923726,0.3649146362886796,0.5155664341578103
27,2021,2,25.0,50.0,3647661,11128009,6813324,811220.9965811116,2474811.818023544,1515248.123471453,0.3277909821963659,0.5353717216442371
27,2022,1,0.0,25.0,2027693,5646896,3967031,450948.4670369708,1255840.551166869,882247.2376923633,0.3590809889185138,0.5111361620315041
27,2022,2,25.0,50.0,3591947,11128009,6724762,798830.490280356,2474811.818023544,1495552.3913573078,0.3227843363534303,0.5341374163130235
27,2023,1,0.0,25.0,1961281,5646896,3958642,436178.78070237313,1255840.551166869,880381.567351748,0.3473201914821877,0.4954428816750795
27,2023,2,25.0,50.0,3437796,11128009,6724172,764548.1027876656,2474811.818023544,1495421.1783997489,0.3089318134088497,0.5112593788499163
27,2024,1,0.0,25.0,2029391,5646896,3930362,451326.09348092886,1255840.551166869,874092.2411826458,0.3593816850885867,0.5163369175663718
27,2024,2,25.0,50.0,3556378,11128009,6660552,790920.128098291,2474811.818023544,1481272.418467702,0.319587987392893,0.5339464356707972
28,2013,1,0.0,25.0,1670010,5002695,3963307,371401.6122935827,1112573.5707049926,881419.0392958379,0.3338220699043215,0.4213678122840345
28,2014,1,0.0,25.0,1585558,5002695,3986702,352619.9229854841,1112573.5707049926,886621.9666553198,0.3169407689255491,0.3977116925217887
28,2014,2,25.0,50.0,998108,2942907,2472539,221974.0722768865,654487.341171652,549879.9235086992,0.3391571667062534,0.4036773535220274
28,2015,1,0.0,25.0,1681355,5002695,4020615,373924.6817910532,1112573.5707049926,894164.0429768462,0.3360898475721586,0.4181835365982567
28,2015,2,25.0,50.0,1038090,2942907,2480512,230865.86290252468,654487.341171652,551653.077594493,0.3527430530424509,0.418498277774911
28,2016,1,0.0,25.0,1507470,5002695,4023149,335253.5544602769,1112573.5707049926,894727.5915098202,0.3013315822771526,0.3746990230786878
28,2016,2,25.0,50.0,958622,2942907,2484868,213192.58949353528,654487.341171652,552621.829531997,0.3257398212039999,0.3857838726242198
28,2017,1,0.0,25.0,1703575,5002695,4028713,378866.2952096336,1112573.5707049926,895964.9964180551,0.3405314535465384,0.4228583669276019
28,2017,2,25.0,50.0,1030497,2942907,2483705,229177.2188571925,654487.341171652,552363.1843292152,0.3501629511228183,0.4149031386577713
28,2018,1,0.0,25.0,1706722,5002695,4036280,379566.17178156297,1112573.5707049926,897647.858197461,0.3411605144826938,0.4228452931907598
28,2018,2,25.0,50.0,1075266,2942907,2486505,239133.6135978057,654487.341171652,552985.8898905126,0.3653754603866177,0.4324407149794591
28,2019,1,0.0,25.0,1658456,5002695,4110813,368832.06227385823,1112573.5707049926,914223.613054664,0.3315125147545473,0.403437470884713
28,2019,2,25.0,50.0,1020248,2942907,2529400,226897.89410800123,654487.341171652,562525.5166947432,0.3466803402214205,0.4033557365383095
28,2020,1,0.0,25.0,1621664,5002695,4117735,360649.7111984123,1112573.5707049926,915763.030160128,0.3241580787955292,0.3938242747529892
28,2020,2,25.0,50.0,1022207,2942907,2523833,227333.565606066,654487.341171652,561287.4446019782,0.3473460085554861,0.4050216476288248
28,2021,1,0.0,25.0,1796096,5002695,4058689,399442.4885084848,1112573.5707049926,902631.5042414288,0.3590256851557011,0.4425310734574637
28,2021,2,25.0,50.0,1099463,2942907,2489489,244514.9016216306,654487.341171652,553649.5161029807,0.3735976026425571,0.4416420397921019
28,2022,1,0.0,25.0,1812770,5002695,4041603,403150.70012600994,1112573.5707049926,898831.6659484558,0.3623586886668086,0.4485274778349086
28,2022,2,25.0,50.0,1114805,2942907,2479524,247926.8833078529,654487.341171652,551433.3514892925,0.3788108152924982,0.449604440207072
28,2023,1,0.0,25.0,1818914,5002695,4025683,404517.0940433708,1112573.5707049926,895291.1400427943,0.3635868267004085,0.4518274290350234
28,2023,2,25.0,50.0,1095758,2942907,2473412,243690.9287271283,654487.341171652,550074.0742069179,0.3723386433890028,0.4430147504742436
28,2024,1,0.0,25.0,1815144,5002695,4068559,403678.6654840527,1112573.5707049926,904826.5413450018,0.3628332328874736,0.4461392842035718
28,2024,2,25.0,50.0,1097068,2942907,2501410,243982.2659718781,654487.341171652,556300.6850302038,0.3727837814786536,0.4385798409696931
29,2013,1,0.0,25.0,1678718,5646896,4573453,373338.22658921714,1255840.551166869,1017112.3633684363,0.2972815507847143,0.3670570135956355
29,2014,1,0.0,25.0,1852998,5646896,4625667,412097.19988310494,1255840.551166869,1028724.4877175704,0.328144524000442,0.4005904445780468
29,2014,2,25.0,50.0,2742466,8289741,6549431,609910.296381658,1843595.6508621003,1456559.68108309,0.330826499887029,0.4187334747094824
29,2015,1,0.0,25.0,1922276,5646896,4589816,427504.26983865903,1255840.551166869,1020751.410189689,0.3404128569040407,0.418813303191239
29,2015,2,25.0,50.0,2767415,8289741,6496528,615458.8253276597,1843595.6508621003,1444794.3266869085,0.3338361234687549,0.4259836946750633
29,2016,1,0.0,25.0,1745724,5646896,4588173,388240.0154607471,1255840.551166869,1020386.0154621134,0.309147538754034,0.3804834734871593
29,2016,2,25.0,50.0,2633383,8289741,6498757,585650.7996877334,1843595.6508621003,1445290.0447926698,0.3176677051792088,0.4052133354116795
29,2017,1,0.0,25.0,1926177,5646896,4612750,428371.8321224521,1255840.551166869,1025851.8135264,0.3411036789060751,0.4175767167091214
29,2017,2,25.0,50.0,2818575,8289741,6552965,626836.545511934,1843595.6508621003,1457345.6244593847,0.3400076069927878,0.4301220897715767
29,2018,1,0.0,25.0,1897912,5646896,4613081,422085.8418759996,1255840.551166869,1025925.4262195393,0.3360982741669051,0.4114196130525347
29,2018,2,25.0,50.0,2889473,8289741,6559640,642603.8951136671,1843595.6508621003,1458830.1100385487,0.348560105798239,0.4404926184973565
29,2019,1,0.0,25.0,1856325,5646896,4651056,412837.1075268321,1255840.551166869,1034370.8703946332,0.3287336972382704,0.3991190387731302
29,2019,2,25.0,50.0,2715698,8289741,6580066,603957.2312156562,1843595.6508621003,1463372.7471082122,0.3275974484606938,0.4127159210865058
29,2020,1,0.0,25.0,1821011,5646896,4624268,404983.4560298138,1255840.551166869,1028413.3573317652,0.3224799960898872,0.3937944340596176
29,2020,2,25.0,50.0,2776745,8289741,6564723,617533.7692158396,1843595.6508621003,1459960.5430271465,0.3349616109839861,0.4229797662445163
29,2021,1,0.0,25.0,1955455,5646896,4510254,434883.1083451882,1255840.551166869,1003057.2316654274,0.3462884742343404,0.4335576222536469
29,2021,2,25.0,50.0,2919057,8289741,6441374,649183.2241584592,1843595.6508621003,1432528.3614984124,0.3521288542066634,0.4531730342004672
29,2022,1,0.0,25.0,1926004,5646896,4480491,428333.3578145576,1255840.551166869,996438.0939436808,0.3410730426060618,0.4298644947618464
29,2022,2,25.0,50.0,2879922,8289741,6398474,640479.8019651135,1843595.6508621003,1422987.6227199652,0.3474079588252516,0.4500951320580501
29,2023,1,0.0,25.0,1931972,5646896,4468690,429660.61023949407,1255840.551166869,993813.6123976564,0.3421299064123015,0.4323352033817517
29,2023,2,25.0,50.0,2859350,8289741,6391962,635904.6952483252,1843595.6508621003,1421539.3875002626,0.3449263372643367,0.4473352626314111
29,2024,1,0.0,25.0,1920037,5646896,4563306,427006.3277844645,1255840.551166869,1014855.722893264,0.3400163558882614,0.4207556977331785
29,2024,2,25.0,50.0,2882309,8289741,6510871,641010.6584561195,1843595.6508621003,1447984.1359246536,0.3476959050952255,0.442691768889293
30,2013,1,0.0,25.0,1354569,5368974,3035209,301249.160521737,1194032.1315215633,675014.829999816,0.2522956900145167,0.4462852475727372
30,2014,1,0.0,25.0,1439371,5368974,3050566,320108.6880249977,1194032.1315215633,678430.1476086882,0.2680905141280252,0.4718373573953161
30,2014,2,25.0,50.0,2001860,6091680,4356172,445203.3410494736,1354758.2191583114,968790.189416926,0.328621989336275,0.4595456745050471
30,2015,1,0.0,25.0,1413525,5368974,3135547,314360.6709045374,1194032.1315215633,697329.4837889032,0.2632765589850128,0.4508065099965014
30,2015,2,25.0,50.0,2038573,6091680,4415498,453368.1229322973,1354758.2191583114,981983.985891755,0.3346487340109789,0.4616858619344862
30,2016,1,0.0,25.0,1374724,5368974,3144380,305731.52858886064,1194032.1315215633,699293.8974399527,0.2560496661000779,0.4372003383814933
30,2016,2,25.0,50.0,1955587,6091680,4428341,434912.4644645065,1354758.2191583114,984840.2028645196,0.3210258910514013,0.4416071391069477
30,2017,1,0.0,25.0,1476762,5368974,3138129,328424.2536115926,1194032.1315215633,697903.7072743566,0.2750547870039974,0.470586773201484
30,2017,2,25.0,50.0,2138675,6091680,4438909,475630.2915383608,1354758.2191583114,987190.47156873,0.3510813109027395,0.4818019472802889
30,2018,1,0.0,25.0,1526096,5368974,3157859,339395.88081196364,1194032.1315215633,702291.557533069,0.2842435072324805,0.4832692023298063
30,2018,2,25.0,50.0,2102678,6091680,4459738,467624.7443633546,1354758.2191583114,991822.7337602515,0.3451721035904709,0.471480163184474
30,2019,1,0.0,25.0,1317938,5368974,3258038,293102.61501606565,1194032.1315215633,724570.8505420684,0.2454729711859286,0.404518915985633
30,2019,2,25.0,50.0,1933866,6091680,4601982,430081.826072743,1354758.2191583114,1023457.0658535257,0.3174602080214325,0.4202245901874453
30,2020,1,0.0,25.0,1495242,5368974,3246966,332534.1103161545,1194032.1315215633,722108.4948368244,0.2784967854193371,0.4605043600702933
30,2020,2,25.0,50.0,2103196,6091680,4612083,467739.9448921946,1354758.2191583114,1025703.4761659054,0.3452571376040764,0.4560186796291394
30,2021,1,0.0,25.0,1533761,5368974,3187893,341100.5372860149,1194032.1315215633,708970.9642573554,0.2856711543024794,0.4811206022284938
30,2021,2,25.0,50.0,2193421,6091680,4558038,487805.5196307821,1354758.2191583114,1013684.1468586518,0.3600683226958737,0.4812204286142414
30,2022,1,0.0,25.0,1495845,5368974,3167974,332668.2144066767,1194032.1315215633,704541.0813732555,0.2786090973806168,0.4721771706459712
30,2022,2,25.0,50.0,2153489,6091680,4518857,478924.84874730994,1354758.2191583114,1004970.4945025132,0.3535131523651932,0.4765561291273434
30,2023,1,0.0,25.0,1455955,5368974,3164739,323796.884106624,1194032.1315215633,703821.6340551138,0.2711793724462066,0.4600553157780152
30,2023,2,25.0,50.0,2118269,6091680,4525862,471092.1023655637,1354758.2191583114,1006528.370379973,0.3477314960733328,0.4680365861796051
30,2024,1,0.0,25.0,1487307,5368974,3177582,330769.40723440674,1194032.1315215633,706677.8510278784,0.2770188494114518,0.4680625079069557
30,2024,2,25.0,50.0,2146081,6091680,4618569,477277.347747992,1354758.2191583114,1027145.9291196818,0.3522970674756389,0.4646636220006673
31,2013,1,0.0,25.0,1606068,5428659,3948211,357181.24122198654,1207305.7677451442,878061.7667410724,0.2958498590535894,0.4067837306567455
31,2014,1,0.0,25.0,1484788,5428659,4112366,330209.19462408253,1207305.7677451442,914568.9922463408,0.2735091668126511,0.3610544392206335
31,2014,2,25.0,50.0,2204867,8182657,6177521,490351.051007428,1819780.7214599736,1373848.8149037822,0.2694561192043122,0.356917766851784
31,2015,1,0.0,25.0,1736349,5428659,4175142,386155.0638046179,1207305.7677451442,928530.0509306252,0.3198486034948962,0.4158778312210698
31,2015,2,25.0,50.0,2553748,8182657,6247880,567940.3863399094,1819780.7214599736,1389496.2936849657,0.3120927591123519,0.4087383240395142
31,2016,1,0.0,25.0,1524058,5428659,4173071,338942.64012127655,1207305.7677451442,928069.4712101084,0.2807429974879615,0.3652125736657727
31,2016,2,25.0,50.0,2235992,8182657,6247523,497273.0905057769,1819780.7214599736,1389416.8987259,0.2732598958993393,0.357900563151188
31,2017,1,0.0,25.0,1744496,5428659,4187173,387966.9145931496,1207305.7677451442,931205.6832906136,0.3213493424435021,0.4166285940418511
31,2017,2,25.0,50.0,2565585,8182657,6258431,570572.8741002936,1819780.7214599736,1391842.7816768396,0.3135393552485458,0.4099406065194295
31,2018,1,0.0,25.0,1756199,5428659,4198595,390569.6014445289,1207305.7677451442,933745.8771910196,0.3235051234568242,0.4182825445178685
31,2018,2,25.0,50.0,2502829,8182657,6285251,556616.2633128755,1819780.7214599736,1397807.411374694,0.3058699637538271,0.398206690552215
31,2019,1,0.0,25.0,1602334,5428659,4301936,356350.818877028,1207305.7677451442,956728.3826945982,0.2951620280441265,0.3724681166804899
31,2019,2,25.0,50.0,2338952,8182657,6486242,520170.8635740503,1819780.7214599736,1442506.7733285143,0.2858426058919492,0.3606020250246599
31,2020,1,0.0,25.0,1588962,5428659,4314475,353376.95503214694,1207305.7677451442,959516.9916349932,0.2926988046219149,0.3682862920749338
31,2020,2,25.0,50.0,2429816,8182657,6509128,540378.5486175196,1819780.7214599736,1447596.5017127462,0.296947067437875,0.3732936270419018
31,2021,1,0.0,25.0,1746030,5428659,4241186,388308.0682828032,1207305.7677451442,943217.8959628808,0.3216319168324995,0.4116843731918383
31,2021,2,25.0,50.0,2540030,8182657,6361280,564889.5738792395,1819780.7214599736,1414715.8689175046,0.3104162865436007,0.399295424820162
31,2022,1,0.0,25.0,1717937,5428659,4215427,382060.3299494018,1207305.7677451442,937489.2271937894,0.3164569739967089,0.4075357016027083
31,2022,2,25.0,50.0,2550631,8182657,6358623,567247.1816132796,1819780.7214599736,1414124.965818802,0.3117118314992306,0.4011294583748714
31,2023,1,0.0,25.0,1707394,5428659,4197789,379715.6211162743,1207305.7677451442,933566.6269473034,0.314514873746905,0.4067364986663217
31,2023,2,25.0,50.0,2440875,8182657,6275334,542838.0131898004,1819780.7214599736,1395601.9217134851,0.2982985844329048,0.3889633603565962
31,2024,1,0.0,25.0,1721649,5428659,4249008,382885.85960780736,1207305.7677451442,944957.4684273336,0.3171407524399672,0.4051884581059861
31,2024,2,25.0,50.0,2547164,8182657,6338415,566476.1386914876,1819780.7214599736,1409630.8108249824,0.3112881304935548,0.4018613486179115
34,2013,1,0.0,25.0,258358,4463813,1454180,57457.486930584506,992728.9927467824,323402.13325973024,0.0578783206196137,0.1776657635230851
34,2014,1,0.0,25.0,363521,4463813,1342005,80845.19583869286,992728.9927467824,298454.9917102589,0.0814373272357063,0.270879020569968
34,2014,2,25.0,50.0,814810,11152052,3217607,181209.54228593488,2480158.8572414974,715579.2046317792,0.0730636837059224,0.2532347797602379
34,2015,1,0.0,25.0,398337,4463813,1420729,88588.0947037376,992728.9927467824,315962.80335581786,0.0892369371207978,0.2803750750494992
34,2015,2,25.0,50.0,845192,11152052,3230848,187966.34241569677,2480158.8572414974,718523.9347521854,0.0757880253786478,0.2616006695455806
34,2016,1,0.0,25.0,347387,4463813,1532296,77257.07743656074,992728.9927467824,340774.7288405504,0.0778229285142545,0.2267101134506648
34,2016,2,25.0,50.0,762177,11152052,3494052,169504.23449744968,2480158.8572414974,777059.1470935007,0.0683441038474354,0.2181355629509807
34,2017,1,0.0,25.0,378783,4463813,1438119,84239.38593744955,992728.9927467824,319830.2496811605,0.0848563772720765,0.2633878003141603
34,2017,2,25.0,50.0,834761,11152052,3335697,185646.54180502117,2480158.8572414974,741841.8116794911,0.0748526818203502,0.2502508471243042
34,2018,1,0.0,25.0,361609,4463813,1456125,80419.97689826417,992728.9927467824,323834.6912299885,0.081008993880344,0.248336509571637
34,2018,2,25.0,50.0,833842,11152052,3351196,185442.1609440097,2480158.8572414974,745288.7093561147,0.0747702754614128,0.2488192275235468
34,2019,1,0.0,25.0,270147,4463813,1503237,60079.29973848928,992728.9927467824,334312.1570885015,0.0605193362714791,0.1797101854198639
34,2019,2,25.0,50.0,641918,11152052,3487801,142759.25303457584,2480158.8572414974,775668.9569279046,0.0575605278741526,0.184046624219673
34,2020,1,0.0,25.0,330279,4463813,1551713,73452.34645703451,992728.9927467824,345092.96951330354,0.0739903306881359,0.2128479944422712
34,2020,2,25.0,50.0,778454,11152052,3603427,173124.15536217665,2480158.8572414974,801383.5830816748,0.0698036558653062,0.2160315721672729
34,2021,1,0.0,25.0,333784,4463813,1511099,74231.84038287267,992728.9927467824,336060.62534668687,0.0747755338317263,0.2208882409425193
34,2021,2,25.0,50.0,796268,11152052,3537360,177085.89710108712,2480158.8572414974,786690.6229680227,0.0714010300525858,0.2251023362055318
34,2022,1,0.0,25.0,315734,4463813,1494406,70217.61346093858,992728.9927467824,332348.1882271386,0.0707319056600265,0.2112772566491301
34,2022,2,25.0,50.0,810590,11152052,3526095,180271.0360471226,2480158.8572414974,784185.3450580179,0.0726852780098227,0.2298831994033059
34,2023,1,0.0,25.0,348882,4463813,1469656,77589.55772732482,992728.9927467824,326843.9158549575,0.0781578439777831,0.2373902464250137
34,2023,2,25.0,50.0,854723,11152052,3472257,190085.98766738395,2480158.8572414974,772212.0514833316,0.0766426663003364,0.246157758483891
34,2024,1,0.0,25.0,337284,4462320,1234691,75010.22233449425,992396.9572457052,274588.9114941682,0.0755848975420857,0.2731728019399185
34,2024,2,25.0,50.0,815319,11151932,2837832,181322.74126118497,2480132.169860299,631119.2030097558,0.0731101122209138,0.2873034767385807
35,2013,1,0.0,25.0,129376,5451973,498308,28772.555249426383,1212490.6811223172,110821.1295853262,0.0237301248557173,0.2596305899162767
35,2014,1,0.0,25.0,168076,5451973,620910,37379.23568592775,1212490.6811223172,138087.18216609987,0.030828472554798,0.2706930150907539
35,2014,2,25.0,50.0,231640,11756448,837912,51515.54150674876,2614573.4109650035,186347.30795632387,0.0197032300912656,0.2764490781848213
35,2015,1,0.0,25.0,203134,5451973,619003,45175.95410305604,1212490.6811223172,137663.07519988777,0.0372588052068489,0.3281631914546456
35,2015,2,25.0,50.0,293712,11756448,892613,65320.034221335656,2614573.4109650035,198512.52828079576,0.0249830561067424,0.3290474147250824
35,2016,1,0.0,25.0,215194,5451973,623168,47858.03591350066,1212490.6811223172,138589.34972231742,0.0394708484433066,0.3453226096333573
35,2016,2,25.0,50.0,297891,11756448,895009,66249.4222715718,2614573.4109650035,199045.3863253916,0.0253385206143896,0.3328357591934829
35,2017,1,0.0,25.0,225586,5451973,689138,50169.16312528676,1212490.6811223172,153260.73753616743,0.0413769473913388,0.327345176147593
35,2017,2,25.0,50.0,259017,11756448,1007490,57604.045132332685,2614573.4109650035,224060.5806969189,0.0220319096380131,0.2570913855224369
35,2018,1,0.0,25.0,207328,5451973,714578,46108.67807594201,1212490.6811223172,158918.46235023966,0.0380280680040051,0.2901404745178273
35,2018,2,25.0,50.0,257084,11756448,1026373,57174.15590019426,2614573.4109650035,228260.06252333897,0.0218674892280389,0.2504781400134259
35,2019,1,0.0,25.0,202559,5451973,837030,45048.077068146784,1212490.6811223172,186151.1557045153,0.0371533388004672,0.2419972999773006
35,2019,2,25.0,50.0,225630,11756448,1187000,50178.94849839286,2614573.4109650035,263982.6790213727,0.0191920212635653,0.190084245998315
35,2020,1,0.0,25.0,214313,5451973,861916,47662.10605653534,1212490.6811223172,191685.673775388,0.0393092555667462,0.2486471999591607
35,2020,2,25.0,50.0,210014,11756448,1242589,46706.030625100735,2614573.4109650035,276345.38596671313,0.0178637289085955,0.1690132457312916
35,2021,1,0.0,25.0,183088,5451973,735711,40717.82707385433,1212490.6811223172,163618.3325741307,0.0335819711506274,0.2488585871354376
35,2021,2,25.0,50.0,215878,11756448,1049487,48010.15398633185,2614573.4109650035,233400.49693184785,0.01836251901935,0.2056985936938714
35,2022,1,0.0,25.0,204061,5451973,684171,45382.1141228141,1212490.6811223172,152156.10234939476,0.0374288353959199,0.2982602302640714
35,2022,2,25.0,50.0,219017,11756448,978377,48708.25139951473,2614573.4109650035,217585.99962333072,0.0186295214336847,0.2238574700754412
35,2023,1,0.0,25.0,190312,5451973,699395,42324.40742200125,1212490.6811223172,155541.8414441053,0.0349069960544558,0.2721094660385047
35,2023,2,25.0,50.0,222516,11756448,1012545,49486.41095629298,2614573.4109650035,225184.78662990383,0.0189271453418583,0.2197591218168081
35,2024,1,0.0,25.0,129926,5451973,293339,28894.87241325263,1212490.6811223172,65237.08094477712,0.0238310057661694,0.4429209890263483
35,2024,2,25.0,50.0,127653,11756448,530944,28389.36893438525,2614573.4109650035,118079.20769193236,0.0108581265361782,0.2404264856557377
36,2013,1,0.0,25.0,1455048,5562783,3254293,323595.1719837324,1237134.253710656,723737.9818538332,0.261568355263903,0.447116470459175
36,2014,1,0.0,25.0,1511737,5562783,3339249,336202.5132567253,1237134.253710656,742631.7581629653,0.2717591176934279,0.4527176619653101
36,2014,2,25.0,50.0,3089684,10303580,7335710,687129.7890896975,2291463.05973971,1631424.0760942493,0.2998650954328495,0.4211840435349816
36,2015,1,0.0,25.0,1546108,5562783,3384376,343846.44641649246,1237134.253710656,752667.7702574872,0.2779378595210347,0.4568369471949925
36,2015,2,25.0,50.0,3125497,10303580,7407807,695094.4156135328,2291463.05973971,1647458.0771131238,0.3033408776367049,0.4219193345614971
36,2016,1,0.0,25.0,1520424,5562783,3397987,338134.45726065,1237134.253710656,755694.7864699218,0.2733207461085575,0.4474484452118268
36,2016,2,25.0,50.0,3002014,10303580,7467150,667632.4331757937,2291463.05973971,1660655.6543002892,0.2913564023378282,0.4020294222025806
36,2017,1,0.0,25.0,1630724,5562783,3425800,362664.6084788955,1237134.253710656,761880.2542471935,0.2931489508039411,0.4760126101932395
36,2017,2,25.0,50.0,3342507,10303580,7473518,743356.3205625033,2291463.05973971,1662071.864662554,0.324402489231898,0.4472467986295075
36,2018,1,0.0,25.0,1655974,5562783,3491877,368280.07827273686,1237134.253710656,776575.4383092788,0.2976880457138091,0.4742360627250043
36,2018,2,25.0,50.0,3381396,10303580,7553338,752005.0336243922,2291463.05973971,1679823.421056392,0.3281768084491021,0.4476690967622526
36,2019,1,0.0,25.0,1595413,5562783,3612825,354811.6241664072,1237134.253710656,803473.6498192004,0.2868012288093927,0.441597088151239
36,2019,2,25.0,50.0,3163178,10303580,7767095,703474.4757046906,2291463.05973971,1727361.8755800412,0.3069979560502272,0.4072536772113641
36,2020,1,0.0,25.0,1645419,5562783,3646396,365932.7007014895,1237134.253710656,810939.6671043112,0.2957906141584167,0.4512452843849104
36,2020,2,25.0,50.0,3217813,10303580,7819747,715625.0179695033,2291463.05973971,1739071.4088705494,0.3123004819684032,0.4114983515451331
36,2021,1,0.0,25.0,1681300,5562783,3660123,373912.45007467055,1237134.253710656,813992.481118571,0.3022408028499403,0.4593561473207321
36,2021,2,25.0,50.0,3420094,10303580,7843706,760611.2692712069,2291463.05973971,1744399.766921664,0.3319325904200287,0.4360303662579908
36,2022,1,0.0,25.0,1709719,5562783,3658468,380232.6891269944,1237134.253710656,813624.4176528757,0.3073495766417636,0.4673319542497023
36,2022,2,25.0,50.0,3522274,10303580,7847068,783335.5743616904,2291463.05973971,1745147.458384907,0.341849531910268,0.4488649773393068
36,2023,1,0.0,25.0,1619792,5562783,3670934,360233.3880517164,1237134.253710656,816396.7917697084,0.2911837474156371,0.4412479221909192
36,2023,2,25.0,50.0,3251942,10303580,7860240,723215.1315771869,2291463.05973971,1748076.8432611243,0.3156128258333511,0.4137204461950271
36,2024,1,0.0,25.0,1581238,5562783,3372267,351659.1772623398,1237134.253710656,749974.7910997198,0.2842530438451401,0.4688946634415365
36,2024,2,25.0,50.0,3233464,10303580,7615664,719105.7196623116,2291463.05973971,1693684.4020611823,0.3138194685730591,0.4245807062916641
37,2013,1,0.0,25.0,1610283,5284841,3804868,358118.63548658224,1175321.386168484,846183.0227149894,0.3046984762644704,0.423216521571839
37,2014,1,0.0,25.0,1735969,5284841,3849812,386070.5537641562,1175321.386168484,856178.3365531836,0.3284808379287097,0.450923058061017
37,2014,2,25.0,50.0,1478022,5196539,3799515,328704.4711141764,1155683.4767136015,844992.543118695,0.2844243062546052,0.3890028069372012
37,2015,1,0.0,25.0,1730023,5284841,3898992,384748.1940257728,1175321.386168484,867115.7149476833,0.3273557331242321,0.4437103230783751
37,2015,2,25.0,50.0,1566222,5196539,3854678,348319.69629504,1155683.4767136015,857260.5098607809,0.3013971414435646,0.4063172072998056
37,2016,1,0.0,25.0,1690186,5284841,3923768,375888.6506524161,1175321.386168484,872625.7695857907,0.3198177579987742,0.4307558448919508
37,2016,2,25.0,50.0,1509252,5196539,3861019,335649.862071074,1155683.4767136015,858670.7155622758,0.2904340754490633,0.3908947353017429
37,2017,1,0.0,25.0,1820205,5284841,3917906,404804.2057860975,1175321.386168484,871322.0910142462,0.3444200118792599,0.4645861845587923
37,2017,2,25.0,50.0,1610306,5196539,3857534,358123.7505679786,1155683.4767136015,857895.669533304,0.3098804800656745,0.4174444087855091
37,2018,1,0.0,25.0,1808818,5284841,3951288,402271.7957052075,1175321.386168484,878746.0756739695,0.3422653585983003,0.457779336763101
37,2018,2,25.0,50.0,1634747,5196539,3892542,363559.3029335737,1155683.4767136015,865681.2682082664,0.3145838027964381,0.4199690073992779
37,2019,1,0.0,25.0,1673769,5284841,4010916,372237.5945096242,1175321.386168484,892007.0353914811,0.3167113258468892,0.4173034289424161
37,2019,2,25.0,50.0,1436321,5196539,3962951,319430.3837528703,1155683.4767136015,881339.8667316159,0.2763995420798343,0.3624372342731464
37,2020,1,0.0,25.0,1723890,5284841,4016001,383384.24645168846,1175321.386168484,893137.9131697656,0.3261952440953285,0.4292553712013517
37,2020,2,25.0,50.0,1514291,5196539,3960582,336770.5096865657,1155683.4767136015,880813.0133477896,0.2914037593098021,0.3823405247006626
37,2021,1,0.0,25.0,1818452,5284841,4008998,404414.3476257568,1175321.386168484,891580.4820819926,0.3440883084278221,0.4535926433487869
37,2021,2,25.0,50.0,1608245,5196539,3958430,357665.39479589515,1155683.4767136015,880334.419644964,0.3094838699372794,0.4062835518122084
37,2022,1,0.0,25.0,1784983,5284841,4009738,396971.0146146647,1175321.386168484,891745.0542660496,0.3377552891373648,0.4451620031034446
37,2022,2,25.0,50.0,1619278,5196539,3966946,360119.07710224966,1155683.4767136015,882228.334130681,0.3116070138220843,0.4081925995463513
37,2023,1,0.0,25.0,1740031,5284841,4010452,386973.9216177238,1175321.386168484,891903.8441841805,0.329249451402606,0.4338740371409507
37,2023,2,25.0,50.0,1574864,5196539,3968664,350241.63253101526,1155683.4767136015,882610.4084715056,0.3030601713948457,0.396824724894826
37,2024,1,0.0,25.0,1685547,5284841,3803281,374856.9609742525,1175321.386168484,845830.0820986398,0.3189399643243761,0.4431823470314184
37,2024,2,25.0,50.0,1540766,5196539,3817941,342658.4131634746,1155683.4767136015,849090.3905017176,0.2964984964030867,0.4035594054491675
38,2013,1,0.0,25.0,1772770,5344534,4285479,394254.906393192,1188596.8015508114,953068.4307580736,0.3316977682245075,0.4136690437638359
38,2014,1,0.0,25.0,1769056,5344534,4306017,393428.93194509984,1188596.8015508114,957635.9760501888,0.3310028526341118,0.4108334918324753
38,2014,2,25.0,50.0,1270458,3697099,2934374,282543.30785521073,822215.7528451879,652589.6459735986,0.3436364565839324,0.4329570804539571
38,2015,1,0.0,25.0,1780454,5344534,4339661,395963.7883692663,1188596.8015508114,965118.228158862,0.3331354988105605,0.4102749039613924
38,2015,2,25.0,50.0,1349642,3697099,2963918,300153.4211286972,822215.7528451879,659160.079224658,0.3650543304358363,0.4553574019254244
38,2016,1,0.0,25.0,1691692,5344534,4343228,376223.5772864567,1188596.8015508114,965911.5105649862,0.3165275026784374,0.3895010807629717
38,2016,2,25.0,50.0,1247749,3697099,2966589,277492.94335824664,822215.7528451879,659754.0958511669,0.337494073055658,0.4206005617899884
38,2017,1,0.0,25.0,1767885,5344534,4346205,393168.5075835716,1188596.8015508114,966573.5800135512,0.3307837502764507,0.4067652124094468
38,2017,2,25.0,50.0,1323379,3697099,2966463,294312.6653585722,822215.7528451879,659726.0741009085,0.3579506526603697,0.4461134354279827
38,2018,1,0.0,25.0,1846474,5344534,4352752,410646.2959252824,1188596.8015508114,968029.59905277,0.3454883063705835,0.4242084088411194
38,2018,2,25.0,50.0,1322079,3697099,2973129,294023.5520622556,822215.7528451879,661208.5581264825,0.3575990256144074,0.4446759625969811
38,2019,1,0.0,25.0,1706708,5344534,4391099,379563.0582537565,1188596.8015508114,976557.7741095794,0.3193371021683088,0.3886744525687077
38,2019,2,25.0,50.0,1298374,3697099,3014009,288751.68230134435,822215.7528451879,670300.0593214225,0.3511872416724572,0.4307797355615063
38,2020,1,0.0,25.0,1783970,5344534,4381984,396745.728638381,1188596.8015508114,974530.6451127134,0.3337933672046992,0.4071146768221883
38,2020,2,25.0,50.0,1309983,3697099,3013684,291333.4640374515,822215.7528451879,670227.7809973434,0.3543272711929001,0.4346782874382317
38,2021,1,0.0,25.0,1877646,5344534,4303705,417578.7879812674,1188596.8015508114,957121.799172432,0.3513208073893814,0.4362859443200684
38,2021,2,25.0,50.0,1380700,3697099,2971731,307060.5601725436,822215.7528451879,660897.6501355206,0.3734549710462176,0.4646113662373882
38,2022,1,0.0,25.0,1839996,5344534,4298902,409205.6221302525,1188596.8015508114,956053.636739964,0.3442762268890047,0.428015339730936
38,2022,2,25.0,50.0,1345427,3697099,2964920,299216.02686410147,822215.7528451879,659382.918857665,0.3639142473598895,0.4537818895619443
38,2023,1,0.0,25.0,1906011,5344534,4297357,423887.0177120519,1188596.8015508114,955710.036707034,0.3566280989137687,0.4435309889311035
38,2023,2,25.0,50.0,1362100,3697099,2964113,302924.0160867833,822215.7528451879,659203.4462191054,0.3684239994655269,0.4595303890236303
38,2024,1,0.0,25.0,1882305,5344534,4284785,418614.92555629736,1188596.8015508114,952914.0887368092,0.3521925391437308,0.4392997548301723
38,2024,2,25.0,50.0,1373454,3697099,2977899,305449.08713784366,822215.7528451879,662269.3815291211,0.3714950559884926,0.4612157766264067
39,2013,1,0.0,25.0,1897244,5023783,3803389,421937.2821206615,1117263.433160934,845854.1007417184,0.3776524583167704,0.4988298593701564
39,2014,1,0.0,25.0,2012985,5023783,3840864,447677.4836814136,1117263.433160934,854188.3474951523,0.4006910728429154,0.524096921942563
39,2014,2,25.0,50.0,2949509,8273672,5773526,655955.5919272535,1840021.988124784,1284002.4101765377,0.3564933441886505,0.5108678821226404
39,2015,1,0.0,25.0,2043363,5023783,3881825,454433.3942318022,1117263.433160934,863297.8626724011,0.4067379104551291,0.5263923541117902
39,2015,2,25.0,50.0,3076929,8273673,5847937,684293.1428631452,1840022.2105196277,1300551.0328628554,0.371893958100592,0.5261563180314699
39,2016,1,0.0,25.0,2198979,5023783,3872735,489041.59016995714,1117263.433160934,861276.2935466182,0.4377137706783912,0.5678103459183239
39,2016,2,25.0,50.0,3160718,8273771,5812131,702927.3843901223,1840044.005214273,1292587.9631029232,0.3820166161234097,0.5438139642757536
39,2017,1,0.0,25.0,2279819,5023783,3876100,507019.98930398223,1117263.433160934,862024.6521943916,0.4538052300427785,0.5881734217383452
39,2017,2,25.0,50.0,3357694,8273771,5819173,746733.831048011,1840044.005214273,1294154.067589586,0.405823898195877,0.5770053579778432
39,2018,1,0.0,25.0,2246093,5023783,3888387,499519.5008181568,1117263.433160934,864757.2176342699,0.4470919623717824,0.5776413201669484
39,2018,2,25.0,50.0,3222294,8273771,5859449,716621.5692624222,1840044.005214273,1303111.2422991602,0.3894589299123701,0.5499312307351767
39,2019,1,0.0,25.0,1528932,5023783,3915687,340026.5925876204,1117263.433160934,870828.5968569182,0.3043387821488308,0.3904632826883252
39,2019,2,25.0,50.0,2394057,8273771,5887751,532425.9314152236,1840044.005214273,1309405.4611548155,0.2893549990687438,0.4066165501903868
39,2020,1,0.0,25.0,2160991,5023783,3910613,480593.2548619,1117263.433160934,869700.1654219102,0.4301521383387777,0.5525964855126293
39,2020,2,25.0,50.0,3139486,8273771,5869797,698205.4970767425,1840044.005214273,1305412.5841378404,0.3794504343907995,0.5348542717916821
39,2021,1,0.0,25.0,2159807,5023783,3868339,480329.9393674085,1117263.433160934,860298.6458153815,0.4299164593693637,0.5583292984404935
39,2021,2,25.0,50.0,3122970,8273771,5794503,694532.4238444619,1840044.005214273,1288667.5868048705,0.3774542466790536,0.5389539016547235
39,2022,1,0.0,25.0,2217620,5023783,3832821,493187.2524442936,1117263.433160934,852399.6257703259,0.4414243210743776,0.578586894613654
39,2022,2,25.0,50.0,3232041,8273771,5750137,718789.2518002667,1840044.005214273,1278800.8171861155,0.3906369900738127,0.5620806947730115
39,2023,1,0.0,25.0,2116520,5023783,3836915,470703.1337845963,1117263.433160934,853310.1102588797,0.421300044209712,0.5516202469953074
39,2023,2,25.0,50.0,2999654,8273771,5742266,667107.5813455575,1840044.005214273,1277050.3473743403,0.3625497974261071,0.5223815824623937
39,2024,1,0.0,25.0,2221619,5023783,3821467,494076.6094227321,1117263.433160934,849874.5547192654,0.442220334755701,0.5813523968674857
39,2024,2,25.0,50.0,3243706,8273991,5685777,721383.4876475997,1840092.9320798037,1264487.485070011,0.3920364428726113,0.5704947626331458
40,2013,1,0.0,25.0,1119490,3908328,2828261,248968.8031488092,869191.993204923,628990.6619643358,0.2864370646475935,0.3958227334747394
40,2014,1,0.0,25.0,1238929,3908328,2863626,275531.4208401603,869191.993204923,636855.6555983635,0.3169971916379587,0.43264343877308
40,2014,2,25.0,50.0,1631872,4866750,3722894,362919.9177590274,1082340.103729794,827952.4278286388,0.3353104227667334,0.4383342636131998
40,2015,1,0.0,25.0,1258182,3908328,2922287,279813.1887586089,869191.993204923,649901.5595023843,0.3219233390851535,0.4305470338813402
40,2015,2,25.0,50.0,1584854,4866750,3791832,352463.3570157865,1082340.103729794,843283.883537464,0.3256493553192582,0.4179652474054757
40,2016,1,0.0,25.0,1246430,3908328,2929213,277199.604559907,869191.993204923,651441.8661872217,0.3189164266663392,0.425517024538673
40,2016,2,25.0,50.0,1542604,4866750,3801223,343067.1748854976,1082340.103729794,845372.3935110864,0.3169679971233369,0.4058178117937306
40,2017,1,0.0,25.0,1282372,3908328,2935263,285192.92001853057,869191.993204923,652787.3549893105,0.3281126865503612,0.4368848719859174
40,2017,2,25.0,50.0,1690144,4866750,3802241,375879.3100689966,1082340.103729794,845598.7914615865,0.347283916371295,0.4445125913901828
40,2018,1,0.0,25.0,1353029,3908328,2951541,300906.6724630235,869191.993204923,656407.4982488807,0.3461912613270943,0.4584144350357999
40,2018,2,25.0,50.0,1678313,4866750,3824831,373248.1566776724,1082340.103729794,850622.6909721955,0.3448529306005034,0.4387940277622724
40,2019,1,0.0,25.0,1168072,3908328,3003803,259773.1894270033,869191.993204923,668030.2975504941,0.2988674440835058,0.3888643829172552
40,2019,2,25.0,50.0,1570005,4866750,3889497,349161.0159873212,1082340.103729794,865004.0759103555,0.3225982431807674,0.4036524517180499
40,2020,1,0.0,25.0,1271819,3908328,2978889,282845.9872369699,869191.993204923,662489.5524240084,0.3254125549339768,0.4269440721020487
40,2020,2,25.0,50.0,1599112,4866750,3888605,355634.2626918495,1082340.103729794,864805.6997101138,0.3285790311809729,0.4112302483795603
40,2021,1,0.0,25.0,1306439,3908328,2932521,290545.2967127238,869191.993204923,652177.5483289259,0.3342705627572711,0.4455003050276537
40,2021,2,25.0,50.0,1690479,4866750,3873668,375953.8123415089,1082340.103729794,861483.7879354362,0.3473527508090615,0.4364026550545891
40,2022,1,0.0,25.0,1328897,3908328,2935588,295539.84010401444,869191.993204923,652859.6333133896,0.3400167539674255,0.4526851179388933
40,2022,2,25.0,50.0,1658997,4866750,3872405,368952.3778840946,1082340.103729794,861202.9032483224,0.3408839574664817,0.4284151580219528
40,2023,1,0.0,25.0,1284273,3908328,2939182,285615.6926156827,869191.993204923,653658.9203802833,0.3285990838025877,0.4369491239399261
40,2023,2,25.0,50.0,1658979,4866750,3879290,368948.3747769148,1082340.103729794,862734.0917445838,0.3408802588996764,0.4276501627875204
40,2024,1,0.0,25.0,1280523,3908328,2900602,284781.711953231,869191.993204923,645078.9273249804,0.3276395942203418,0.4414680125022323
40,2024,2,25.0,50.0,1631324,4866750,3842055,362798.0453848878,1082340.103729794,854453.2197535469,0.3351978219551035,0.4245967327380789
41,2013,1,0.0,25.0,1710837,5124691,4202444,380481.3265618266,1139704.852010714,934601.87494296,0.3338419818872982,0.4071052463756804
41,2014,1,0.0,25.0,1752728,5124691,4225244,389797.6689433636,1139704.852010714,939672.4773706665,0.3420163283991171,0.4148229072687873
41,2014,2,25.0,50.0,1689664,4920670,3889540,375772.5605442028,1094331.6336816328,865013.6388886183,0.3433808810588802,0.434412295541375
41,2015,1,0.0,25.0,1857294,5124691,4250918,413052.6081300096,1139704.852010714,945382.2425780756,0.3624206805834732,0.4369159790896931
41,2015,2,25.0,50.0,1729058,4920670,3917908,384533.58300196857,1094331.6336816328,871322.5358039328,0.3513867014044835,0.4413217461972052
41,2016,1,0.0,25.0,1732879,5124691,4264159,385383.353698296,1139704.852010714,948326.9726984816,0.3381431192631907,0.406382360507664
41,2016,2,25.0,50.0,1683332,4920670,3922664,374364.3563962977,1094331.6336816328,872380.2456787649,0.3420940644261858,0.4291297954655306
41,2017,1,0.0,25.0,1889354,5124691,4258319,420182.5868068632,1139704.852010714,947028.18681349,0.3686766675298081,0.4436854073168308
41,2017,2,25.0,50.0,1786481,4920670,3928876,397304.1620899586,1094331.6336816328,873761.7624454716,0.363056453694314,0.4547053661148888
41,2018,1,0.0,25.0,1906069,5124691,4263429,423899.9166129645,1139704.852010714,948164.6244628576,0.3719383275986786,0.4470741743324446
41,2018,2,25.0,50.0,1826500,4920670,3934997,406204.1813247997,1094331.6336816328,875123.041281436,0.3711892892634539,0.4641680794165789
41,2019,1,0.0,25.0,1761647,5124691,4325252,391781.2085509386,1139704.852010714,961913.7408614578,0.3437567260152856,0.4072934941131754
41,2019,2,25.0,50.0,1645582,4920670,3996561,365968.9510609508,1094331.6336816328,888814.5574156161,0.3344223449245733,0.4117495016340298
41,2020,1,0.0,25.0,1839168,5124691,4319459,409021.4791999832,1139704.852010714,960625.4075341024,0.3588836868408261,0.4257866552269624
41,2020,2,25.0,50.0,1810993,4920670,3994500,402755.5044894295,1094331.6336816328,888356.2016435327,0.3680378891492418,0.4533716359994993
41,2021,1,0.0,25.0,1938704,5124691,4301507,431157.7723247273,1139704.852010714,956632.9753068136,0.3783065164319175,0.4507034395155
41,2021,2,25.0,50.0,1765192,4920670,3974936,392569.5982705096,1094331.6336816328,884005.2689288114,0.3587300103441198,0.4440806090965993
41,2022,1,0.0,25.0,1908597,5124691,4311023,424462.1307768786,1139704.852010714,958749.284635851,0.3724316256336236,0.4427248474434026
41,2022,2,25.0,50.0,1839641,4920670,3984191,409126.6719608737,1094331.6336816328,886063.5332037421,0.3738598605474458,0.4617351427178064
41,2023,1,0.0,25.0,1891012,5124691,4295955,420551.3174570885,1139704.852010714,955398.2391366984,0.3690001992315244,0.4401843129176166
41,2023,2,25.0,50.0,1757554,4920670,3968132,390870.946457228,1094331.6336816328,882492.0944148591,0.3571777827003233,0.4429172215037201
41,2024,1,0.0,25.0,1889897,5124690,4247085,420303.3472067862,1139704.6296158708,944529.8031436284,0.368782697099727,0.4449868556904324
41,2024,2,25.0,50.0,1852452,4920670,3909459,411975.772298652,1094331.6336816328,869443.5217727184,0.3764633677934102,0.4738384518164789
42,2013,1,0.0,25.0,1094245,3908328,2600225,243354.44532918447,869191.993204923,578276.6314729139,0.2799777807799141,0.4208270438135161
42,2014,1,0.0,25.0,1201501,3908328,2617793,267207.6266443625,869191.993204923,582183.6640803675,0.3074207180154787,0.4589747928885133
42,2014,2,25.0,50.0,1629629,5312420,4022585,362421.0861254597,1181454.8135524185,894602.1608181875,0.3067583135369568,0.4051198420915903
42,2015,1,0.0,25.0,1212457,3908328,2700552,269644.18454778136,869191.993204923,600588.8389187246,0.3102239627789684,0.448966359470212
42,2015,2,25.0,50.0,1646326,5312420,4021077,366134.41282438114,1181454.8135524185,894266.7893944603,0.3099013255729027,0.4094241418406064
42,2016,1,0.0,25.0,1199594,3908328,2713865,266783.5196781504,869191.993204923,603549.5814678498,0.3069327855799206,0.4420241979612103
42,2016,2,25.0,50.0,1677418,5312420,4032420,373049.11329290055,1181454.8135524185,896789.4141022441,0.3157540254723835,0.4159829581244017
42,2017,1,0.0,25.0,1261828,3908328,2729569,280624.04035735526,869191.993204923,607042.070087354,0.3228562188229851,0.4622810414391429
42,2017,2,25.0,50.0,1737323,5312420,4083963,386371.676382012,1181454.8135524185,908252.31151151,0.3270304305758957,0.4254012585324597
42,2018,1,0.0,25.0,1295698,3908328,2728607,288156.55370061885,869191.993204923,606828.1262480798,0.3315223287298302,0.4748569508177616
42,2018,2,25.0,50.0,1785388,5312420,4058686,397061.0845262094,1181454.8135524185,902630.837056899,0.3360780962348609,0.4398931082621321
42,2019,1,0.0,25.0,1183178,3908328,2820309,263132.685930202,869191.993204923,627222.1781702515,0.3027325239846809,0.4195206979093425
42,2019,2,25.0,50.0,1393391,5312420,4143816,309882.97312912345,1181454.8135524185,921563.3100687688,0.2622893144743827,0.3362579323020134
42,2020,1,0.0,25.0,1220815,3908328,2815572,271502.9606482537,869191.993204923,626168.6937974426,0.3123624731598781,0.433593955331279
42,2020,2,25.0,50.0,1695615,5312420,4143594,377096.0322568028,1181454.8135524185,921513.9384135515,0.3191793947014731,0.4092135957335588
42,2021,1,0.0,25.0,1265471,3908328,2796054,281434.22477157164,869191.993204923,621827.9912455141,0.323788330969151,0.4525917596727388
42,2021,2,25.0,50.0,1767450,5312420,4104682,393071.7658267272,1181454.8135524185,912860.1102702664,0.3327014806811208,0.4305936489111702
42,2022,1,0.0,25.0,1287212,3908328,2789403,286269.31106020155,869191.993204923,620348.8431425898,0.3293510677711799,0.4614650518408419
42,2022,2,25.0,50.0,1725797,5312420,4124881,383808.35341790057,1181454.8135524185,917352.263710496,0.3248607979037802,0.4183871001369494
42,2023,1,0.0,25.0,1245849,3908328,2799874,277070.3931559378,869191.993204923,622677.5395469982,0.3187677697470631,0.444966094902842
42,2023,2,25.0,50.0,1705234,5312420,4116105,379235.2482547022,1181454.8135524185,915400.526565516,0.3209900572620388,0.4142834062785084
42,2024,1,0.0,25.0,1248384,3908328,2800327,277634.1640837552,869191.993204923,622778.2844110224,0.3194163847046614,0.4457993655740919
42,2024,2,25.0,50.0,1700029,5312420,3990628,378077.68309521925,1181454.8135524185,887495.0888101959,0.3200102778018304,0.4260053806067616
43,2013,1,0.0,25.0,629523,5646896,2250672,140002.6689516189,1255840.551166869,500537.8468057211,0.1114812456259155,0.2797044616008018
43,2014,1,0.0,25.0,680439,5646896,2456001,151326.12479412285,1255840.551166869,546201.9575898655,0.1204978806055574,0.2770515972916949
43,2014,2,25.0,50.0,1664023,15484086,6030379,370070.1343666231,3443580.8799303547,1341125.1928679247,0.1074666596400975,0.2759400362730104
43,2015,1,0.0,25.0,734698,5646896,2519978,163393.04659784707,1255840.551166869,560430.1124809779,0.1301065222380578,0.291549370669109
43,2015,2,25.0,50.0,1922385,15484086,6067226,427528.51087658096,3443580.8799303547,1349319.7756597532,0.1241523070848353,0.3168474357144434
43,2016,1,0.0,25.0,720676,5646896,2543743,160274.62610480774,1255840.551166869,565715.3259324883,0.1276233881410247,0.2833132120658415
43,2016,2,25.0,50.0,1816872,15484086,6120580,404062.9637733104,3443580.8799303547,1361185.4301302724,0.1173380204682407,0.2968463773041117
43,2017,1,0.0,25.0,854643,5646896,2566325,190068.1960799183,1255840.551166869,570737.4462843507,0.151347395099892,0.3330221230748248
43,2017,2,25.0,50.0,2132812,15484086,6120240,474326.390571973,3443580.8799303547,1361109.8158835436,0.1377421954385941,0.3484850267309778
43,2018,1,0.0,25.0,851477,5646896,2578131,189364.09400596577,1255840.551166869,573363.0398045919,0.1507867331008044,0.3302690980404021
43,2018,2,25.0,50.0,2101119,15484086,6170370,467278.030802618,3443580.8799303547,1372258.4693791976,0.1356953842803508,0.3405175054332236
43,2019,1,0.0,25.0,784138,5646896,2797548,174388.24765161006,1255840.551166869,622160.2491414349,0.1388617746811699,0.2802947438256645
43,2019,2,25.0,50.0,1936803,15484086,6564670,430734.9997275752,3443580.8799303547,1459948.7561004506,0.1250834566534957,0.295034327696594
43,2020,1,0.0,25.0,816424,5646896,2818824,181568.48756305408,1255840.551166869,626891.9218279207,0.1445792520351003,0.2896328397941837
43,2020,2,25.0,50.0,1997525,15484086,6595099,444239.25940367946,3443580.8799303547,1466716.0087878483,0.1290050313592936,0.3028802145350661
43,2021,1,0.0,25.0,814745,5646896,2747653,181195.08662111903,1255840.551166869,611063.858433961,0.1442819205453757,0.2965239788284765
43,2021,2,25.0,50.0,2055350,15484086,6375431,457099.2412186844,3443580.8799303547,1417862.9783453322,0.1327395107467111,0.3223860473119386
43,2022,1,0.0,25.0,863777,5646896,2763350,192099.5505788073,1255840.551166869,614554.7902895622,0.1529649209052194,0.3125832775435612
43,2022,2,25.0,50.0,2130175,15484086,6424605,473739.935370137,3443580.8799303547,1428799.022370772,0.1375718915536893,0.3315651312415316
43,2023,1,0.0,25.0,804869,5646896,2689566,178998.71514848628,1255840.551166869,598145.6091700061,0.1425329951180259,0.299256088156974
43,2023,2,25.0,50.0,1998863,15484086,6229496,444536.82370404224,3443580.8799303547,1385407.7868853624,0.1290914426592567,0.3208707413890305
43,2024,1,0.0,25.0,822513,5646896,2651137,182922.6497640323,1255840.551166869,589599.1977360446,0.1456575435425054,0.3102491497044475
43,2024,2,25.0,50.0,2002684,15484086,5974695,445386.5944003697,3443580.8799303547,1328741.3584124688,0.1293382121489121,0.3351943488328693
44,2013,1,0.0,25.0,770760,2777327,2026848,171413.0494376691,617663.203014652,450760.543394365,0.2775186357242053,0.380275185904419
44,2014,1,0.0,25.0,891729,2777327,2035681,198315.93123930047,617663.203014652,452724.9570454145,0.3210745439769966,0.4380494782826975
44,2014,2,25.0,50.0,945708,2937543,2385662,210320.58248689497,653294.4152320811,530558.9267055485,0.321938436305443,0.3964132387572087
44,2015,1,0.0,25.0,901930,2777327,2045118,200584.5810360124,617663.203014652,454823.6971818296,0.3247475000243039,0.4410161174074063
44,2015,2,25.0,50.0,1005484,2937543,2395335,223614.45664121813,653294.4152320811,532710.1520249872,0.3422874150267758,0.4197675899195728
44,2016,1,0.0,25.0,869008,2777327,2046908,193262.8980042165,617663.203014652,455221.7839513732,0.3128936563825578,0.4245466821176135
44,2016,2,25.0,50.0,970161,2937543,2397803,215758.80359060992,653294.4152320811,533259.022498302,0.3302627399837211,0.4046041313652539
44,2017,1,0.0,25.0,964167,2777327,2050203,214425.7688997472,617663.203014652,455954.5749601141,0.3471564565497689,0.4702787967825625
44,2017,2,25.0,50.0,1028740,2937543,2401007,228786.47111747848,653294.4152320811,533971.5755763007,0.350204235308215,0.4284618911981514
44,2018,1,0.0,25.0,928255,2777327,2051255,206439.1252864232,617663.203014652,456188.5343352872,0.3342260382014793,0.4525302802430707
44,2018,2,25.0,50.0,1040891,2937543,2401422,231488.79085866525,653294.4152320811,534063.8694362788,0.3543406853959244,0.4334477655322554
44,2019,1,0.0,25.0,857275,2777327,2074330,190653.5393075377,617663.203014652,461320.2953449065,0.3086690908200583,0.4132780223011768
44,2019,2,25.0,50.0,954612,2937543,2430667,212300.78617182025,653294.4152320811,540567.8066291853,0.3249695408714017,0.3927366438923966
44,2020,1,0.0,25.0,913723,2777327,2070751,203207.2834232904,617663.203014652,460524.3442006626,0.3289936690926203,0.4412519902199733
44,2020,2,25.0,50.0,1020519,2937543,2430326,226958.16311054103,653294.4152320811,540491.969987613,0.3474056379770441,0.419910333017052
44,2021,1,0.0,25.0,917142,2777327,2059564,203967.65139260303,617663.203014652,458036.4130884368,0.3302247088657547,0.4453088129332228
44,2021,2,25.0,50.0,1008817,2937543,2417004,224355.6986540052,653294.4152320811,537529.225884898,0.3434220367157178,0.4173832562958108
44,2022,1,0.0,25.0,935891,2777327,2072415,208137.33231001813,617663.203014652,460894.4092199479,0.3369754443751132,0.4515943959100856
44,2022,2,25.0,50.0,1050115,2937543,2432693,233540.16089345308,653294.4152320811,541018.3785817525,0.3574807245374791,0.4316677032408117
44,2023,1,0.0,25.0,907075,2777327,2059071,201728.80250489607,617663.203014652,457926.7724306798,0.3266000006481052,0.4405263344488849
44,2023,2,25.0,50.0,1016058,2937543,2418009,225966.0597144885,653294.4152320811,537752.732702435,0.345887021909126,0.4202043912987916
44,2024,1,0.0,25.0,916431,2777327,2032860,203809.52865900224,617663.203014652,452097.5811924075,0.3299687073218242,0.4508087128479088
44,2024,2,25.0,50.0,1062319,2937543,2393321,236254.26756133584,653294.4152320811,532262.2488105398,0.3616352169142715,0.4438681647802363
45,2013,1,0.0,25.0,765269,3023726,2001170,170191.87935299653,672461.0700139673,445049.8886075825,0.2530880774250048,0.3824107896880325
45,2014,1,0.0,25.0,850251,3023726,2037001,189091.4379280549,672461.0700139673,453018.5182385975,0.2811931372088608,0.4174033296989054
45,2014,2,25.0,50.0,1805334,7077052,4750437,401496.9720710791,1573899.8707106686,1056472.6923186628,0.2550968962782808,0.3800353525370403
45,2015,1,0.0,25.0,870430,3023726,2023027,193579.14347141824,672461.0700139673,449910.7726980376,0.2878666916248363,0.4302611878141023
45,2015,2,25.0,50.0,1828045,7077052,4683586,406547.7813577298,1573899.8707106686,1041605.3746478476,0.2583060008602452,0.3903088360072816
45,2016,1,0.0,25.0,835513,3023726,2019433,185813.7827271981,672461.0700139673,449111.4856311439,0.2763190183237502,0.4137364299781176
45,2016,2,25.0,50.0,1765872,7077052,4679323,392720.8267639675,1573899.8707106686,1040657.3054307724,0.2495208456854633,0.3773776676668826
45,2017,1,0.0,25.0,922586,3023726,2028317,205178.3689196396,672461.0700139673,451087.2414192027,0.3051156090201294,0.4548529643048892
45,2017,2,25.0,50.0,2043291,7077052,4700939,454417.3818030831,1573899.8707106686,1045464.5923639872,0.2887206424369921,0.4346559272519809
45,2018,1,0.0,25.0,888404,3023726,2033201,197576.46838526,672461.0700139673,452173.4178339798,0.2938110132994854,0.4369484374638808
45,2018,2,25.0,50.0,1898358,7077052,4709088,422185.0299761205,1573899.8707106686,1047276.8879422056,0.2682413524727527,0.4031264652518704
45,2019,1,0.0,25.0,827094,3023726,2048956,183941.4405412833,672461.0700139673,455677.2485904935,0.273534705194849,0.4036660621311536
45,2019,2,25.0,50.0,1804716,7077052,4746143,401359.532057907,1573899.8707106686,1055517.7288614449,0.2550095717821488,0.3802489726921418
45,2020,1,0.0,25.0,900027,3023726,2045032,200161.36364917355,672461.0700139673,454804.571225304,0.2976549462484365,0.4401041157302184
45,2020,2,25.0,50.0,1914790,7077052,4735985,425839.42204156215,1573899.8707106686,1053258.6420429957,0.2705632232178031,0.4043066014778341
45,2021,1,0.0,25.0,888711,3023726,2013924,197644.74360215932,672461.0700139673,447886.3124392915,0.2939125436630171,0.4412832857645075
45,2021,2,25.0,50.0,1918101,7077052,4652800,426575.7713677961,1573899.8707106686,1034758.727001384,0.2710310733904456,0.4122466041953232
45,2022,1,0.0,25.0,904816,3023726,2037452,201226.4125538352,672461.0700139673,453118.818312935,0.2992387537759704,0.444091934435756
45,2022,2,25.0,50.0,1931018,7077052,4718484,429448.4455589664,1573899.8707106686,1049366.5098900446,0.2728562684010234,0.409245427132952
45,2023,1,0.0,25.0,889463,3023726,2003983,197811.98452433635,672461.0700139673,445675.4853018429,0.2941612434460001,0.4438475775493105
45,2023,2,25.0,50.0,1905356,7077052,4612093,423741.349089677,1573899.8707106686,1025705.7001143388,0.2692301822849401,0.4131217648906906
45,2024,1,0.0,25.0,895954,3023726,1958705,199255.54945232932,672461.0700139673,435605.89158597967,0.2963079326632108,0.4574216127492399
45,2024,2,25.0,50.0,1878614,7077052,4442821,417794.0661896016,1573899.8707106686,988060.4801957996,0.2654514902532862,0.4228426038321147
46,2013,1,0.0,25.0,1940145,5646896,4742372,431478.24329395214,1255840.551166869,1054679.077907283,0.3435772502273815,0.4091085642374744
46,2014,1,0.0,25.0,2015524,5646896,4746013,448242.1441886042,1255840.551166869,1055488.8175318132,0.356925999699658,0.4246773028223901
46,2014,2,25.0,50.0,3121418,9094302,7167366,694187.2670476286,2022525.868398844,1593985.2385903115,0.3432278804904433,0.435504200566847
46,2015,1,0.0,25.0,2011702,5646896,4805192,447392.1510974335,1255840.551166869,1068649.921964674,0.3562491676843349,0.4186517416993952
46,2015,2,25.0,50.0,3143394,9094302,7184981,699074.6161244388,2022525.868398844,1597902.7237554016,0.3456443386199402,0.4374951026314475
46,2016,1,0.0,25.0,2005522,5646896,4814759,446017.7509657131,1255840.551166869,1070777.5734307207,0.3551547611289459,0.4165363209248895
46,2016,2,25.0,50.0,3116444,9094302,7194281,693081.0750969527,2022525.868398844,1599970.9957982816,0.3426809446178497,0.4331835245245494
46,2017,1,0.0,25.0,2043338,5646896,4817657,454427.8343607192,1255840.551166869,1071422.0736866633,0.3618515375526661,0.4241352175964374
46,2017,2,25.0,50.0,3198076,9094302,7231934,711235.6109468875,2022525.868398844,1608344.8288338266,0.3516571145317145,0.4422158719921946
46,2018,1,0.0,25.0,2122121,5646896,4817840,471948.7673020341,1255840.551166869,1071462.771942991,0.3758030960726034,0.4404714560882055
46,2018,2,25.0,50.0,3225194,9094302,7213825,717266.5143080516,2022525.868398844,1604317.4806161365,0.3546389816392726,0.4470851455365219
46,2019,1,0.0,25.0,1923595,5646896,4920982,427797.6086369987,1255840.551166869,1094401.0208727487,0.3406464365555873,0.3908965730823645
46,2019,2,25.0,50.0,2752781,9094302,7317490,612204.2991905083,2022525.868398844,1627372.042048951,0.3026929389413283,0.3761919729306087
46,2020,1,0.0,25.0,1971405,5646896,4893595,438430.3060961493,1255840.551166869,1088310.2932987316,0.3491130348425046,0.4028541389305817
46,2020,2,25.0,50.0,3063742,9094302,7323303,681360.4220642784,2022525.868398844,1628664.8232731726,0.3368858874490862,0.4183552148531885
46,2021,1,0.0,25.0,2091952,5646896,4866801,465239.33727389947,1255840.551166869,1082351.4458668034,0.3704605149448475,0.4298412858877936
46,2021,2,25.0,50.0,3194258,9094302,7246855,710386.5074350901,2022525.868398844,1611663.1822910109,0.3512372912181715,0.4407785170256614
46,2022,1,0.0,25.0,2134740,5646896,4847176,474755.16782989487,1255840.551166869,1077986.9470666398,0.3780377750891817,0.4404090134131709
46,2022,2,25.0,50.0,3180809,9094302,7269134,707395.5191872733,2022525.868398844,1616617.917005347,0.3497584531501153,0.4375774335704913
46,2023,1,0.0,25.0,2105064,5646896,4856135,468155.3784595172,1255840.551166869,1079979.3824679477,0.3727824985620419,0.4334854776483767
46,2023,2,25.0,50.0,3150393,9094302,7231279,700631.1576328386,2022525.868398844,1608199.1602114516,0.3464139413887949,0.4356619347697689
46,2024,1,0.0,25.0,2121598,5646896,4863642,471832.45479897753,1255840.551166869,1081648.900556754,0.3757104788188059,0.4362159056937167
46,2024,2,25.0,50.0,3097249,9094296,7112404,688812.2060794167,2022524.534029784,1581761.9732117332,0.3405705070518927,0.4354714664690026
47,2013,1,0.0,25.0,1179479,4023909,2452373,262310.0474047596,894896.6115907438,545395.1090982989,0.2931177121550214,0.4809541615406791
47,2014,1,0.0,25.0,1323428,4023909,2472708,294323.5627058949,894896.6115907438,549917.5082372202,0.3288911354605683,0.5352140244622495
47,2014,2,25.0,50.0,1156383,5892387,2129470,257173.6161034305,1310436.4836484492,473583.1470055961,0.1962503481186826,0.5430379390176898
47,2015,1,0.0,25.0,1379241,4023909,2530902,306736.0860961391,894896.6115907438,562859.5537494104,0.3427614789499464,0.5449602552765773
47,2015,2,25.0,50.0,1195429,5892394,2281120,265857.2451557208,1310438.0404123524,507309.3249951421,0.2028766236609432,0.5240535351055622
47,2016,1,0.0,25.0,1430799,4024286,2543682,318202.3194280548,894980.4544466756,565701.7598470458,0.355541082318702,0.562491301978785
47,2016,2,25.0,50.0,1245236,5892391,2288264,276934.0651169824,1310437.3732278226,508898.1137558234,0.2113294925608297,0.5441837130680726
47,2017,1,0.0,25.0,1489881,4024286,2543959,331341.85156111355,894980.4544466756,565763.3632186456,0.3702224444286514,0.5856544857837724
47,2017,2,25.0,50.0,1291052,5892394,2290768,287123.30725855206,1310438.0404123524,509454.9904434978,0.2191048324331332,0.5635891543796666
47,2018,1,0.0,25.0,1465553,4024286,2546163,325931.4298128137,894980.4544466756,566253.5214533239,0.3641771484432269,0.5755927644852273
47,2018,2,25.0,50.0,1266288,5892394,2335604,281615.92135856446,1310438.0404123524,519426.2856386135,0.2149021263683317,0.5421672509552133
47,2019,1,0.0,25.0,1116004,4024286,2581692,248193.53472499413,894980.4544466756,574154.9878416561,0.2773172682060867,0.4322761971606217
47,2019,2,25.0,50.0,954882,5892394,2414220,212360.8327795168,1310438.0404123524,536910.0786410939,0.1620533182268531,0.3955240201804309
47,2020,1,0.0,25.0,1416698,4024286,2584805,315066.3297423932,894980.4544466756,574847.3029889127,0.3520371067066307,0.5480869930226845
47,2020,2,25.0,50.0,1282928,5892394,2442379,285316.5715514167,1310438.0404123524,543172.4950341544,0.2177261058917649,0.5252780178670059
47,2021,1,0.0,25.0,1451737,4024286,2550482,322858.8226574984,894980.4544466756,567214.0447816249,0.3607439928474268,0.5692010372941272
47,2021,2,25.0,50.0,1285509,5892394,2355175,285890.5726420268,1310438.0404123524,523778.775117238,0.2181641281964512,0.5458231341620049
47,2022,1,0.0,25.0,1449154,4024286,2526085,322284.37677720166,894980.4544466756,561788.2777891359,0.360102139857853,0.5736758660140098
47,2022,2,25.0,50.0,1238005,5892394,2316528,275325.9280049322,1310438.0404123524,515183.8816074326,0.210102209730035,0.5344226359448278
47,2023,1,0.0,25.0,1373530,4024286,2531518,305465.98914593604,894980.4544466756,562996.5489728958,0.3413102349087515,0.5425716901874685
47,2023,2,25.0,50.0,1210090,5892394,2312368,269117.77595364186,1310438.0404123524,514258.7190592195,0.2053647464850449,0.5233120333787702
47,2024,1,0.0,25.0,1505318,4025931,2493483,334774.9607574513,895346.2939639377,554537.7611072026,0.3739055637068792,0.6037009275780103
47,2024,2,25.0,50.0,1284010,5893557,2197344,285557.20277188945,1310696.6856151342,488677.9746011282,0.2178667314153405,0.5843463745321624
48,2013,1,0.0,25.0,3175,5646896,600640,706.1036275424249,1255840.551166869,133579.23869199437,0.000562255795042,0.0052860282365476
48,2014,1,0.0,25.0,2302,5646896,552663,511.9529293236731,1255840.551166869,122909.4012940092,0.0004076575874604,0.0041652869832067
48,2014,2,25.0,50.0,25704,16942104,1245611,5716.437052708816,3767836.564598749,277017.4631832275,0.0015171669351103,0.0206356559150489
48,2015,1,0.0,25.0,2548,5646896,156768,566.6620607805036,1255840.551166869,34864.39479766011,0.0004512213435487,0.01625331700347
48,2015,2,25.0,50.0,22112,16942104,506885,4917.594775501763,3767836.564598749,112728.61015648568,0.0013051507652178,0.0436233070617595
48,2016,1,0.0,25.0,2267,5646896,126478,504.1691098074574,1255840.551166869,28128.05499348372,0.000401459492082,0.0179240658454434
48,2016,2,25.0,50.0,24216,16942104,492115,5385.513525847988,3767836.564598749,109443.83832064264,0.0014293384103886,0.0492080103227904
48,2017,1,0.0,25.0,1456,5646896,158247,323.8068918745734,1255840.551166869,35193.31677093106,0.0002578407677421,0.0092008063344012
48,2017,2,25.0,50.0,24310,16942104,589807,5406.41864112011,3767836.564598749,131170.03535430392,0.0014348867177299,0.0412168726379985
48,2018,1,0.0,25.0,3061,5646896,145363,680.7506154038938,1255840.551166869,32327.9816095904,0.0005420677129523,0.0210576281447135
48,2018,2,25.0,50.0,42876,16942104,553588,9535.40130220756,3767836.564598749,123115.1165240806,0.0025307364421797,0.0774511008186593
48,2019,1,0.0,25.0,1866,5646896,166123,414.98877763595743,1255840.551166869,36944.89855692291,0.0003304470278893,0.0112326408745327
48,2019,2,25.0,50.0,42588,16942104,629263,9471.351587331274,3767836.564598749,139944.84629235556,0.0025137373728788,0.0676791738907261
48,2020,1,0.0,25.0,1694,5646896,165293,376.73686458484025,1255840.551166869,36760.31083696694,0.0002999878163153,0.0102484678722026
48,2020,2,25.0,50.0,18873,16942104,617397,4197.25787798683,3767836.564598749,137305.90908151513,0.0011139702601282,0.0305686616553044
48,2021,1,0.0,25.0,1238,5646896,103778,275.3248160307156,1255840.551166869,23079.692050109534,0.0002192354879565,0.0119293106438744
48,2021,2,25.0,50.0,19629,16942104,433524,4365.388379537089,3767836.564598749,96413.50205565424,0.0011585928170432,0.0452777700888532
48,2022,1,0.0,25.0,2258,5646896,105902,502.16755621757335,1255840.551166869,23552.05869732217,0.0003998656961275,0.021321599214368
48,2022,2,25.0,50.0,18723,16942104,412167,4163.898651488763,3767836.564598749,91663.8153868594,0.0011051165782006,0.0454257618877785
48,2023,1,0.0,25.0,1404,5646896,95305,312.2423600219101,1255840.551166869,21195.340542655373,0.0002486321688942,0.0147316510151618
48,2023,2,25.0,50.0,19027,16942104,381109,4231.506683858179,3767836.564598749,84756.67634301292,0.0011230600402405,0.0499253494407111
48,2024,1,0.0,25.0,914,5646896,11371,203.2688867948902,1255840.551166869,2528.851763396823,0.0001618588335963,0.0803799138158473
48,2024,2,25.0,50.0,14821,16942104,77744,3296.1139728523717,3767836.564598749,17289.86469910497,0.0008748027989911,0.1906385058654044
49,2013,1,0.0,25.0,1485599,5646896,3834106,330389.5568420154,1255840.551166869,852685.4031439926,0.2630824084594439,0.3874694648504762
49,2014,1,0.0,25.0,1589733,5646896,4002957,353548.421456347,1255840.551166869,890236.9948334937,0.2815233360061882,0.3971396645030161
49,2014,2,25.0,50.0,3752792,13496280,10001828,834601.5888542336,3001503.0760089066,2224354.970978077,0.2780612139048686,0.3752106115002178
49,2015,1,0.0,25.0,1639511,5646896,3808570,364618.7919671523,1255840.551166869,847006.3284249617,0.2903384443418118,0.4304794187844781
49,2015,2,25.0,50.0,3973286,13496280,9175083,883638.3174373327,3001503.0760089066,2040491.1462371133,0.2943986046525413,0.4330517772972735
49,2016,1,0.0,25.0,1615002,5646896,3809403,359168.1167522114,1255840.551166869,847191.5833294475,0.2859981837809657,0.4239514695609784
49,2016,2,25.0,50.0,3782691,13496280,9167396,841250.9722746718,3001503.0760089066,2038781.597076509,0.2802765650979381,0.4126243701046622
49,2017,1,0.0,25.0,1771313,5646896,3961236,393930.8771064741,1255840.551166869,880958.4595753213,0.3136790548294142,0.4471616939763245
49,2017,2,25.0,50.0,4187468,13496280,9544902,931271.289769393,3001503.0760089066,2122736.984799038,0.3102683109716159,0.438712518997052
49,2018,1,0.0,25.0,1771871,5646896,3879249,394054.9734290469,1255840.551166869,862724.9735560076,0.3137778701785901,0.4567561917268007
49,2018,2,25.0,50.0,4152571,13496280,9571367,923510.3769220392,3001503.0760089066,2128622.664327514,0.307682635511415,0.4338534924008242
49,2019,1,0.0,25.0,1178749,5646896,3884982,262147.6991691357,1255840.551166869,863999.9631927637,0.2087428208346674,0.3034117017787984
49,2019,2,25.0,50.0,2748489,13496280,9327819,611249.780522977,3001503.0760089066,2074458.8450265047,0.2036478940863704,0.2946550528049483
49,2020,1,0.0,25.0,1611071,5646896,3902112,358293.8826231188,1255840.551166869,867809.5868588431,0.2853020491257498,0.4128715423852518
49,2020,2,25.0,50.0,3825339,13496280,9335413,850735.6675526022,3001503.0760089066,2076147.7114666807,0.2834365469596066,0.4097664452552876
49,2021,1,0.0,25.0,1657971,5646896,3831549,368724.2007748478,1255840.551166869,852116.7395296223,0.2936074969328282,0.4327155936150105
49,2021,2,25.0,50.0,3943334,13496280,9154089,876977.1470901986,3001503.0760089066,2035822.188896444,0.292179326451437,0.4307729584014313
49,2022,1,0.0,25.0,1602878,5646896,3901097,356471.8016717943,1255840.551166869,867583.8560928728,0.2838511635418821,0.4108787861465633
49,2022,2,25.0,50.0,3842941,13496280,9308514,854650.2615847288,3001503.0760089066,2070165.512576204,0.2847407581941097,0.4128415126195223
49,2023,1,0.0,25.0,1576133,5646896,3859195,350523.8515871889,1255840.551166869,858265.0673680593,0.2791149332305748,0.4084097849421965
49,2023,2,25.0,50.0,3766731,13496280,9151722,837701.5505752774,3001503.0760089066,2035295.7803023043,0.2790940170180227,0.4115871308153809
49,2024,1,0.0,25.0,1527271,5646896,3577049,339657.1947528651,1255840.551166869,795517.251904568,0.2704620379054263,0.4269639582795763
49,2024,2,25.0,50.0,3681277,13496280,8556368,818697.0216341717,3001503.0760089066,1902892.1207521015,0.2727623463650724,0.4302382739966303
50,2013,1,0.0,25.0,1748170,5646896,4068841,388783.99324750894,1255840.551166869,904889.256690818,0.3095806970767657,0.4296481479615448
50,2014,1,0.0,25.0,1900676,5646896,4111188,422700.54122293735,1255840.551166869,914307.0111209092,0.3365877466133606,0.462317947999459
50,2014,2,25.0,50.0,3977822,13647918,9871994,884647.1004466342,3035226.585260333,2195480.5588904107,0.2914599867906592,0.4029400747204668
50,2015,1,0.0,25.0,1971352,5646896,4113718,438418.51916945336,1255840.551166869,914869.67007451,0.3491036491552173,0.479214180456706
50,2015,2,25.0,50.0,4014437,13647918,9809948,892790.0876348125,3035226.585260333,2181681.84844175,0.2941428135778658,0.4092210274712975
50,2016,1,0.0,25.0,1866004,5646896,4124796,414989.6672153307,1255840.551166869,917333.360148814,0.3304477362430617,0.4523869786530049
50,2016,2,25.0,50.0,3794084,13647918,9822435,843784.7167246216,3035226.585260333,2184458.8928502924,0.277997274016447,0.3862671526968618
50,2017,1,0.0,25.0,1963609,5646896,4128657,436696.5158976232,1255840.551166869,918192.026638874,0.3477324533690721,0.4756047789874528
50,2017,2,25.0,50.0,4072443,13647918,9893646,905690.3229164584,3035226.585260333,2200295.852037985,0.2983929856553944,0.4116220653134345
50,2018,1,0.0,25.0,1921943,5646896,4133961,427430.2123558333,1255840.551166869,919371.6088878458,0.3403538864537261,0.4649156099924503
50,2018,2,25.0,50.0,3960898,13647918,9874299,880883.2901182789,3035226.585260333,2195993.179004264,0.290219944170239,0.4011320702360745
50,2019,1,0.0,25.0,1524265,5646896,4157695,338988.67585384386,1255840.551166869,924649.9280992132,0.2699297100566399,0.3666129910924202
50,2019,2,25.0,50.0,3271895,13647918,9925808,727652.5758859598,3035226.585260333,2207448.5149888573,0.2397358337000559,0.3296351289486962
50,2020,1,0.0,25.0,1816920,5646896,4146861,404073.6387257898,1255840.551166869,922240.5023666796,0.32175552728437,0.4381434535664446
50,2020,2,25.0,50.0,3732209,13647918,9911263,830024.0357941688,3035226.585260333,2204213.7819927614,0.2734636154760015,0.376562401784717
50,2021,1,0.0,25.0,1918457,5646896,4130887,426654.94393201824,1255840.551166869,918687.9671394788,0.3397365561540357,0.4644176904379132
50,2021,2,25.0,50.0,3829014,13647918,9841946,851552.9686018049,3035226.585260333,2188798.038638317,0.2805566387488553,0.3890504987529905
50,2022,1,0.0,25.0,1873124,5646896,4146425,416573.11849977233,1255840.551166869,922143.538214992,0.331708605931471,0.4517443339744478
50,2022,2,25.0,50.0,3829495,13647918,9889191,851659.940521442,3035226.585260333,2199305.083010992,0.2805918822196909,0.3872404729567869
50,2023,1,0.0,25.0,1835798,5646896,4122160,408272.00857799326,1255840.551166869,916747.1273418212,0.3250986028430486,0.4453485551264385
50,2023,2,25.0,50.0,3664285,13647918,9820955,814918.0884564706,3035226.585260333,2184129.748482178,0.2684867391495171,0.3731088269928942
50,2024,1,0.0,25.0,1824598,5646896,4047925,405781.1863328042,1255840.551166869,900237.6461479276,0.3231152123219553,0.4507489639753701
50,2024,2,25.0,50.0,3673476,13647918,9527253,816962.119461429,3035226.585260333,2118811.938209276,0.2691601752003492,0.385575569369261
51,2013,1,0.0,25.0,8178,5646896,207642,1818.7450286746305,1255840.551166869,46178.51005674463,0.0014482292572769,0.0393850955009102
51,2014,1,0.0,25.0,12309,5646896,210312,2737.4581264314043,1255840.551166869,46772.30428841023,0.0021797816003694,0.0585273308227775
51,2014,2,25.0,50.0,78246,15148764,758880,17401.506910451837,3369006.996278455,168770.99869902217,0.0051651738716109,0.1031072106261859
51,2015,1,0.0,25.0,22689,5646896,215144,5045.916600097663,1255840.551166869,47846.91617133463,0.0040179596011685,0.1054595991521957
51,2015,2,25.0,50.0,103707,15148764,796898,23063.902016233784,3369006.996278455,177226.005852379,0.0068459050520557,0.1301383614967034
51,2016,1,0.0,25.0,14403,5646896,215195,3203.152928344424,1255840.551166869,47858.258308343975,0.0025506047924381,0.06692999372662
51,2016,2,25.0,50.0,76771,15149844,799839,17073.474516554175,3369247.1827092413,177880.06908658444,0.0050674449189047,0.0959830665921516
51,2017,1,0.0,25.0,26400,5646896,233146,5871.223863659848,1255840.551166869,51850.46814078935,0.00467513479972,0.1132337676820533
51,2017,2,25.0,50.0,107735,15149844,799860,23959.708445128552,3369247.1827092413,177884.73937829418,0.0071112943473213,0.1346923211562023
51,2018,1,0.0,25.0,13672,5646896,226499,3040.582297877176,1255840.551166869,50372.20961723833,0.0024211531432489,0.0603622974052865
51,2018,2,25.0,50.0,75240,15149844,810999,16732.988011430567,3369247.1827092413,180361.99553804065,0.0049663877727057,0.0927744670461985
51,2019,1,0.0,25.0,6499,5646896,221241,1445.3440867395966,1255840.551166869,49202.85753105941,0.0011508977675522,0.029375206223078
51,2019,2,25.0,50.0,41011,15149844,780069,9120.634919414926,3369247.1827092413,173483.32303413918,0.0027070245739824,0.0525735543907013
51,2020,1,0.0,25.0,8272,5646896,220099,1839.6501439467525,1255840.551166869,48948.88261998746,0.0014648755705789,0.0375830876105752
51,2020,2,25.0,50.0,52003,15149844,779366,11565.1990371933,3369247.1827092413,173326.9794592849,0.0034325765994686,0.0667247480644523
51,2021,1,0.0,25.0,7822,5646896,212202,1739.5724644525503,1255840.551166869,47192.63054228587,0.0013851857728564,0.0368611040423747
51,2021,2,25.0,50.0,38255,15149844,761830,8507.714731223768,3369247.1827092413,169427.0634868175,0.0025251085093681,0.0502146148090781
51,2022,1,0.0,25.0,14987,5646896,209463,3333.031516843566,1255840.551166869,46583.49106643116,0.002654024441038,0.0715496292901371
51,2022,2,25.0,50.0,58055,15149844,758659,12911.132628968657,3369247.1827092413,168721.84943864835,0.0038320526600801,0.0765231810339032
51,2023,1,0.0,25.0,11149,5646896,206762,2479.480108179684,1255840.551166869,45982.80259462263,0.0019743590106848,0.0539219005426529
51,2023,2,25.0,50.0,53313,15149844,753413,11856.536281943088,3369247.1827092413,167555.16609058928,0.0035190461367126,0.0707619857899983
51,2024,1,0.0,25.0,12774,5646896,181412,2840.871728575413,1255840.551166869,40345.09331644925,0.0022621277246827,0.0704143055586179
51,2024,2,25.0,50.0,51198,15150641,693064,11386.171188320335,3369424.431399368,154133.85969104353,0.0033792629631973,0.0738719656481941
52,2013,1,0.0,25.0,29580,5646896,364874,6578.439465418875,1255840.551166869,81146.09606170544,0.005238276036959,0.081069081381518
52,2014,1,0.0,25.0,48280,5646896,350486,10737.223035511268,1255840.551166869,77946.27905601081,0.0085498298534274,0.1377515792356898
52,2014,2,25.0,50.0,371137,16942104,2453995,82538.9549654214,3767836.564598749,545755.8335341647,0.0219061929970445,0.1512378794577821
52,2015,1,0.0,25.0,64634,5646896,420660,14374.268303173889,1255840.551166869,93552.61479118,0.0114459341911025,0.1536490277183473
52,2015,2,25.0,50.0,607756,16942104,2578143,135161.80039706267,3767836.564598749,573365.7085427118,0.0358725220905266,0.2357340147540303
52,2016,1,0.0,25.0,79303,5646896,423208,17636.57825984155,1255840.551166869,94119.27685196049,0.0140436445084166,0.1873853991417931
52,2016,2,25.0,50.0,693250,16942104,2606743,154175.22513190113,3767836.564598749,579726.2010616766,0.0409187666419708,0.2659448975215431
52,2017,1,0.0,25.0,86654,5646896,409301,19271.40275309017,1255840.551166869,91026.431765903,0.0153454216263235,0.2117121629314367
52,2017,2,25.0,50.0,596730,16942104,2591384,132709.6748546114,3767836.564598749,576310.4386631178,0.0352217174443032,0.2302746331689938
52,2018,1,0.0,25.0,91417,5646896,430964,20330.669391825468,1255840.551166869,95844.17125675388,0.0161888938631063,0.2121221262100778
52,2018,2,25.0,50.0,706910,16942104,2623125,157213.13869165845,3767836.564598749,583369.4733849522,0.0417250419428425,0.2694915415773171
52,2019,1,0.0,25.0,141002,5646896,425747,31358.11769786992,1255840.551166869,94683.93735915112,0.024969824129929,0.3311873013785182
52,2019,2,25.0,50.0,717256,16942104,2504984,159514.0357406518,3767836.564598749,557095.5242002311,0.0423357098976608,0.2863315693832775
52,2020,1,0.0,25.0,53912,5646896,437820,11989.750793092036,1255840.551166869,97368.91030255888,0.0095471919440343,0.1231373623863688
52,2020,2,25.0,50.0,373628,16942104,2512262,83092.94052013264,3767836.564598749,558714.1138699173,0.0220532231415885,0.1487217495627446
52,2021,1,0.0,25.0,75585,5646896,389333,16809.71423237612,1255840.551166869,86585.65153448029,0.0133852296907894,0.1941397210100351
52,2021,2,25.0,50.0,594172,16942104,2322152,132140.7888453977,3767836.564598749,516434.6302062668,0.0350707326551649,0.2558712780214215
52,2022,1,0.0,25.0,51933,5646896,373641,11549.631398160867,1255840.551166869,83095.83165309581,0.0091967339224947,0.138991705942335
52,2022,2,25.0,50.0,537888,16942104,2269024,119623.51748394956,3767836.564598749,504619.236970338,0.0317485950977517,0.237056990142017
52,2023,1,0.0,25.0,54360,5646896,366108,12089.383682899595,1255840.551166869,81420.53129836287,0.0096265275648781,0.1484807761644105
52,2023,2,25.0,50.0,581439,16942104,2245796,129309.03530539844,3767836.564598749,499453.4495496906,0.0343191731086056,0.258901075609717
52,2024,1,0.0,25.0,33280,5646896,203219,7401.300385704536,1255840.551166869,45194.85766473828,0.0058935032626774,0.1637642149602153
52,2024,2,25.0,50.0,368898,16942104,1498151,82041.01291122692,3767836.564598749,333181.05691537366,0.0217740370381388,0.2462355263254505
53,2013,1,0.0,25.0,11828,5646896,3584038,2630.486206794268,1255840.551166869,797071.5694645346,0.002094602061026,0.0033001882234507
53,2014,1,0.0,25.0,9566,5646896,3272412,2127.429071203413,1255840.551166869,727767.5540199565,0.0016940280111409,0.0029232260485537
53,2014,2,25.0,50.0,27659,16942104,8913438,6151.218971400293,3767836.564598749,1982302.6474565344,0.0016325599228997,0.0031030675256842
53,2015,1,0.0,25.0,16587,5646896,3643709,3688.863266156284,1255840.551166869,810342.0921603091,0.0029373659440513,0.0045522296099935
53,2015,2,25.0,50.0,49749,16942104,9466062,11063.921060349006,3767836.564598749,2105203.375351654,0.0029364121481015,0.0052555117428979
53,2016,1,0.0,25.0,29608,5646896,3672725,6584.666521031848,1255840.551166869,816795.1009340952,0.0052432345132617,0.0080615891470229
53,2016,2,25.0,50.0,56600,16942104,9520738,12587.5481319374,3767836.564598749,2117363.035805043,0.0033407893140072,0.0059449172952768
53,2017,1,0.0,25.0,37472,5646896,3681448,8333.579568903857,1255840.551166869,818735.0511523796,0.0066358580005723,0.0101786036363952
53,2017,2,25.0,50.0,99540,16942104,9547129,22137.182704117477,3767836.564598749,2123232.258115113,0.0058753033271428,0.0104261710510039
53,2018,1,0.0,25.0,26294,5646896,3686201,5847.65001026788,1255840.551166869,819792.0938426816,0.0046563634251454,0.0071330890529301
53,2018,2,25.0,50.0,85887,16942104,9580622,19100.825908263385,3767836.564598749,2130680.9286024445,0.0050694411980944,0.0089646580357726
53,2019,1,0.0,25.0,19620,5646896,3703125,4363.386825947206,1255840.551166869,823555.9041710369,0.003474475180701,0.0052982278481012
53,2019,2,25.0,50.0,58441,16942104,9612705,12996.977038490348,3767836.564598749,2137816.0223606946,0.0034494535035317,0.0060795582512934
53,2020,1,0.0,25.0,26839,5646896,3706243,5968.855199877525,1255840.551166869,824249.33129251,0.0047528766246093,0.0072415651105445
53,2020,2,25.0,50.0,72839,16942104,9604427,16199.01799261817,3767836.564598749,2135975.037847688,0.0042992889194872,0.0075838985501165
53,2021,1,0.0,25.0,28528,5646896,3726023,6344.480090245763,1255840.551166869,828648.3012933886,0.0050519789987277,0.0076564208004083
53,2021,2,25.0,50.0,67779,16942104,9609142,15073.700085416698,3767836.564598749,2137023.629533944,0.0040006247157968,0.0070535954198616
53,2022,1,0.0,25.0,16235,5646896,3729144,3610.580281307486,1255840.551166869,829342.3955993917,0.0028750308133884,0.0043535460148495
53,2022,2,25.0,50.0,36591,16942104,9690288,8137.649711938541,3767836.564598749,2155070.081490025,0.0021597671694141,0.003776048761399
53,2023,1,0.0,25.0,12957,5646896,3732192,2881.569984903055,1255840.551166869,830020.2550818324,0.0022945349090898,0.0034716863441109
53,2023,2,25.0,50.0,17650,16942104,9702803,3925.268984605921,3767836.564598749,2157853.3529541804,0.0010417832401453,0.0018190619762145
53,2024,1,0.0,25.0,5938,5646896,3593366,1320.580579636825,1255840.551166869,799146.0685630278,0.0010515511530582,0.001652489615586
53,2024,2,25.0,50.0,24855,16942104,9215322,5527.623830729754,3767836.564598749,2049440.0923374847,0.0014670550954001,0.0026971385264671
55,2013,1,0.0,25.0,2006538,5240304,4327830,446243.70412652666,1165416.5870315211,962487.074767538,0.3829048849074404,0.4636360485508904
55,2014,1,0.0,25.0,2624236,5240304,4335578,583616.5540558812,1165416.5870315211,964210.1900135848,0.500779344099121,0.6052793883537558
55,2014,2,25.0,50.0,4256933,11317201,8525793,946719.947560648,2516887.1432210263,1896092.398417579,0.3761471586481498,0.4993005342728823
55,2015,1,0.0,25.0,2030404,5240304,4360167,451551.3794572125,1165416.5870315211,969678.6568159912,0.3874592008402566,0.4656711543388132
55,2015,2,25.0,50.0,3631656,11317201,8552052,807661.5671137677,2516887.1432210263,1901932.2646083308,0.3208970133162784,0.4246531709582682
55,2016,1,0.0,25.0,2063832,5240304,4353135,458985.5942797285,1165416.5870315211,968114.7762777618,0.3938382200727286,0.4741024571946425
55,2016,2,25.0,50.0,3561746,11317201,8579813,792113.9436172352,2516887.1432210263,1908106.1678537496,0.314719690849354,0.4151309591479441
55,2017,1,0.0,25.0,2188881,5240304,4372527,486795.84704210726,1165416.5870315211,972427.457079432,0.4177011486356516,0.5005986240908289
55,2017,2,25.0,50.0,3922886,11317201,8616427,872429.617333982,2516887.1432210263,1916248.9326470848,0.3466304079957579,0.4552798973402781
55,2018,1,0.0,25.0,2010607,5240304,4359410,447148.6287439976,1165416.5870315211,969510.3039195976,0.3836813665772062,0.4612108060494425
55,2018,2,25.0,50.0,3693990,11317201,8596314,821524.3272773046,2516887.1432210263,1911775.9051633803,0.3264049123100314,0.4297179000208694
55,2019,1,0.0,25.0,1877065,5240304,4319164,417449.5765772982,1165416.5870315211,960559.8010553228,0.3581977305133442,0.4345898882283701
55,2019,2,25.0,50.0,3268312,11317201,8597833,726855.7351623427,2516887.1432210263,1912113.722930384,0.2887915483696013,0.3801320635094913
55,2020,1,0.0,25.0,1956950,5240304,4329967,435215.5886359522,1165416.5870315211,962962.3325477137,0.3734420751162528,0.4519549456150589
55,2020,2,25.0,50.0,3348481,11317201,8583730,744684.9073564997,2516887.1432210263,1908977.288455036,0.2958753670629336,0.3900962635124823
55,2021,1,0.0,25.0,1985779,5240304,4308017,441627.0095740375,1165416.5870315211,958080.7657368298,0.3789434735084071,0.4609496666331632
55,2021,2,25.0,50.0,3662594,11317201,8547803,814542.0187764158,2516887.1432210263,1900987.308919062,0.3236307281279178,0.4284836700143885
55,2022,1,0.0,25.0,1898171,5240304,4329557,422143.4421404196,1165416.5870315211,962871.1506619524,0.3622253594447955,0.4384215290386522
55,2022,2,25.0,50.0,3385112,11317201,8581732,752831.452862171,2516887.1432210263,1908532.9435580813,0.2991121214512316,0.394455571439425
55,2023,1,0.0,25.0,1905491,5240304,4309869,423771.37239352526,1165416.5870315211,958492.6409866592,0.3636222249701544,0.442122718811175
55,2023,2,25.0,50.0,3387000,11317201,8546708,753251.33432636,2516887.1432210263,1900743.7865656265,0.299278947153099,0.3962929352447749
55,2024,1,0.0,25.0,1806964,5240304,4198509,401859.4756656914,1165416.5870315211,933726.751234494,0.3448204531645492,0.4303823095294067
55,2024,2,25.0,50.0,3225950,11317201,8249793,717434.6448096017,2516887.1432210263,1834711.4216611355,0.2850483966839504,0.3910340538241383
56,2013,1,0.0,25.0,1557339,5240304,3339517,346344.1629018244,1165416.5870315211,742691.3599809752,0.2971848579777051,0.466336598975241
56,2014,1,0.0,25.0,1856782,5240304,3317828,412938.7419702296,1165416.5870315211,737867.838224198,0.354327153539184,0.5596378112427769
56,2014,2,25.0,50.0,4401786,11318528,7657567,978934.507800145,2517182.2611781126,1703003.413180839,0.3889009242191211,0.5748282711728151
56,2015,1,0.0,25.0,1567895,5240304,3318431,348691.76286791504,1165416.5870315211,738001.9423147202,0.2991992449293018,0.4724808200019829
56,2015,2,25.0,50.0,3902674,11318528,7656188,867934.5727607892,2517182.2611781126,1702696.7306919002,0.3448040239861579,0.5097411401078448
56,2016,1,0.0,25.0,1687763,5240304,3408080,375349.7879470506,1165416.5870315211,757939.417623555,0.3220734903929237,0.4952239970892702
56,2016,2,25.0,50.0,4018939,11318528,7861366,893791.3092194411,2517182.2611781126,1748327.2598547032,0.3550761194388528,0.511226547650879
56,2017,1,0.0,25.0,1875902,5240304,3395405,417190.9313745165,1165416.5870315211,755120.5629844684,0.357975796824001,0.5524825462647313
56,2017,2,25.0,50.0,4270598,11318528,7711546,949758.973094622,2517182.2611781126,1715008.0644284335,0.3773103711012598,0.5537927154944028
56,2018,1,0.0,25.0,1745190,5240304,3439604,388121.2566144141,1165416.5870315211,764950.1926643889,0.3330322057651617,0.5073810822408626
56,2018,2,25.0,50.0,4379733,11318528,7849896,974030.0343203992,2517182.2611781126,1745776.3910018178,0.3869525259821771,0.5579351624531077
56,2019,1,0.0,25.0,1380334,5240304,3408717,306979.1636598884,1165416.5870315211,758081.0831387503,0.2634072374427132,0.4049423874143849
56,2019,2,25.0,50.0,3317517,11318528,7675563,737798.6734279253,2517182.2611781126,1707005.6307812338,0.2931049867968697,0.4322180666095764
56,2020,1,0.0,25.0,1354987,5240304,3464438,301342.1215662449,1165416.5870315211,770473.146203409,0.2585703043182227,0.3911130751943028
56,2020,2,25.0,50.0,2986709,11318528,7919654,664228.6800987743,2517182.2611781126,1761290.2104821657,0.2638778646834641,0.3771261976848988
56,2021,1,0.0,25.0,1725054,5240304,3438813,383643.1140493135,1165416.5870315211,764774.2783433225,0.3291896805986828,0.5016422817989812
56,2021,2,25.0,50.0,4072691,11318528,7850043,905745.476837602,2517182.2611781126,1745809.0830437858,0.3598251468742225,0.5188112982311053
56,2022,1,0.0,25.0,1458522,5240304,3426462,324367.77166942763,1165416.5870315211,762027.4796334716,0.2783277458712319,0.4256641398620501
56,2022,2,25.0,50.0,3300483,11318528,7792816,734010.3996668048,2517182.2611781126,1733082.0933450863,0.2916000207800873,0.4235289271554724
56,2023,1,0.0,25.0,1621634,5240304,3361861,360643.03935311263,1165416.5870315211,747660.5503601272,0.3094541843373972,0.4823620012844076
56,2023,2,25.0,50.0,3701030,11318528,7494760,823089.9869742806,2517182.2611781126,1666795.9759243669,0.3269886331508832,0.4938156792212159
56,2024,1,0.0,25.0,1520784,5240304,3271458,338214.51940424537,1165416.5870315211,727555.3893394287,0.2902091176389766,0.4648642898670868
56,2024,2,25.0,50.0,3770071,11318528,7395124,838444.3493519677,2517182.2611781126,1644637.4433152906,0.3330884546117658,0.509804974196511
57,2013,1,0.0,25.0,13668,5646896,1081957,3039.692718503894,1255840.551166869,240621.6574944628,0.0024204447894914,0.012632664699244
57,2014,1,0.0,25.0,35589,5646896,1017479,7914.810078931452,1255840.551166869,226282.0827868469,0.0063024004692135,0.034977626073855
57,2014,2,25.0,50.0,43864,16942104,2787163,9755.127407408165,3767836.564598749,619850.678693552,0.0025890526938094,0.0157378667842533
57,2015,1,0.0,25.0,68868,5646896,1067278,15315.888069792669,1255840.551166869,237357.123589362,0.0121957266434515,0.0645267680960349
57,2015,2,25.0,50.0,79032,16942104,2860019,17576.30925730171,3767836.564598749,636053.4773985066,0.0046648279340039,0.0276333828551488
57,2016,1,0.0,25.0,67975,5646896,1068794,15117.289474707506,1255840.551166869,237694.2741718357,0.0120375866670822,0.0635997208068159
57,2016,2,25.0,50.0,78152,16942104,2909851,17380.601795179715,3767836.564598749,647135.8572308512,0.0046128863333621,0.0268577325780598
57,2017,1,0.0,25.0,42813,5646896,1063422,9521.390427078371,1255840.551166869,236499.5690735183,0.0075816873553187,0.0402596523299311
57,2017,2,25.0,50.0,45002,16942104,2843945,10008.212739106835,3767836.564598749,632478.7026869737,0.0026562226273667,0.0158237940607149
57,2018,1,0.0,25.0,24981,5646896,1083145,5555.645580988131,1255840.551166869,240885.8625683275,0.0044238463042351,0.0230633940977431
57,2018,2,25.0,50.0,27711,16942104,2926693,6162.7835032529565,3767836.564598749,650881.4311820542,0.0016356291993013,0.0094683658313324
57,2019,1,0.0,25.0,21591,5646896,1069188,4801.727062131809,1255840.551166869,237781.897740104,0.0038235164947255,0.0201938293359072
57,2019,2,25.0,50.0,21423,16942104,3084473,4764.364728453975,3767836.564598749,685970.8895611546,0.0012644828528971,0.0069454328178589
57,2020,1,0.0,25.0,8887,5646896,1067140,1976.4229725888283,1255840.551166869,237326.43310098373,0.0015737849607997,0.0083278670090147
57,2020,2,25.0,50.0,25849,16942104,2981785,5748.684304990281,3767836.564598749,663133.6078902644,0.0015257254943069,0.0086689684199229
57,2021,1,0.0,25.0,31895,5646896,990731,7093.283527705714,1255840.551166869,220333.4655177116,0.0056482357741314,0.0321934006304435
57,2021,2,25.0,50.0,25139,16942104,2828881,5590.783966232762,3767836.564598749,629128.5467671945,0.0014838180665164,0.0088865526687053
57,2022,1,0.0,25.0,47238,5646896,996118,10505.48760877136,1255840.551166869,221531.5065386788,0.00836530369959,0.0474220925633308
57,2022,2,25.0,50.0,50972,16942104,2860486,11335.909953729915,3767836.564598749,636157.3357903373,0.0030085991680844,0.0178193495790575
57,2023,1,0.0,25.0,48770,5646896,999639,10846.196508738289,1255840.551166869,222314.5587820101,0.0086366031887252,0.0487876123280504
57,2023,2,25.0,50.0,56678,16942104,2856932,12604.894929716396,3767836.564598749,635366.9445171764,0.0033453932286096,0.0198387641007906
57,2024,1,0.0,25.0,15893,5646896,636593,3534.5212448918924,1255840.551166869,141575.00049389445,0.0028144665671193,0.0249657159283875
57,2024,2,25.0,50.0,26489,16942104,1899811,5891.017004715368,3767836.564598749,422508.1696834652,0.0015635012038646,0.0139429659055558
58,2013,1,0.0,25.0,214194,5646896,1365472,47635.64107018021,1255840.551166869,303673.93149845983,0.0379312811852741,0.1568644395491082
58,2014,1,0.0,25.0,354545,5646896,1237982,78848.97972504851,1255840.551166869,275320.8129235358,0.0627858207411647,0.2863894628516408
58,2014,2,25.0,50.0,957019,16942104,3867553,212836.0905596926,3767836.564598749,860123.8434685316,0.0564876121643451,0.2474481926944504
58,2015,1,0.0,25.0,434765,5646896,1295409,96689.49405621491,1255840.551166869,288092.2815908992,0.0769918553484958,0.3356198698634948
58,2015,2,25.0,50.0,1299262,16942104,3825804,288949.1689222129,3767836.564598749,850839.0811547462,0.0766883499239527,0.3396049562392637
58,2016,1,0.0,25.0,496708,5646896,1296101,110465.29783601347,1255840.551166869,288246.178822477,0.0879612445492178,0.3832324795675645
58,2016,2,25.0,50.0,1371665,16942104,3843567,305051.22276314336,3767836.564598749,854789.4807566474,0.0809619041413038,0.3568729255922949
58,2017,1,0.0,25.0,550466,5646896,1295722,122420.79982323416,1255840.551166869,288161.89117685857,0.0974811648735871,0.4248334133402072
58,2017,2,25.0,50.0,1467436,16942104,3865601,326350.1993027861,3767836.564598749,859689.7287343702,0.0866147439538796,0.3796139332538459
58,2018,1,0.0,25.0,529128,5646896,1313934,117675.33865646242,1255840.551166869,292212.14606341056,0.0937024517540255,0.4027051587066017
58,2018,2,25.0,50.0,1480887,16942104,3908236,329341.6323402894,3767836.564598749,869171.5328793374,0.0874086831245989,0.3789144258432704
58,2019,1,0.0,25.0,514131,5646896,1331754,114340.08319118564,1255840.551166869,296175.22217138094,0.0910466564285936,0.3860555327785762
58,2019,2,25.0,50.0,1472503,16942104,3925675,327477.0739738908,3767836.564598749,873049.8765520027,0.0869138213293933,0.3750954931317544
58,2020,1,0.0,25.0,444707,5646896,1335639,98900.5435885068,1255840.551166869,297039.2261376809,0.078752468612845,0.3329544884508463
58,2020,2,25.0,50.0,1218294,16942104,3935858,270942.3032482428,3767836.564598749,875314.523241535,0.0719092504685368,0.3095370818764295
58,2021,1,0.0,25.0,497411,5646896,1283663,110621.64141086776,1255840.551166869,285480.03176125727,0.0880857377221043,0.3874934464886812
58,2021,2,25.0,50.0,1330259,16942104,3754952,295842.7418806169,3767836.564598749,835081.9617158058,0.0785179337820143,0.3542679107482599
58,2022,1,0.0,25.0,558051,5646896,1283878,124107.66470981976,1255840.551166869,285527.8466525712,0.0988243806863097,0.4346604583924641
58,2022,2,25.0,50.0,1513557,16942104,3722114,336607.2718715685,3767836.564598749,827778.9598508489,0.0893370150484261,0.4066390766107647
58,2023,1,0.0,25.0,537033,5646896,1277238,119433.36989291056,1255840.551166869,284051.14489292336,0.0951023358673508,0.4204643144034236
58,2023,2,25.0,50.0,1328765,16942104,3694354,295510.4839846961,3767836.564598749,821605.2790002732,0.0784297511100156,0.359674519550644
58,2024,1,0.0,25.0,344709,5646896,909345,76661.50404614858,1255840.551166869,202233.6387992335,0.0610439788513902,0.3790739488313016
58,2024,2,25.0,50.0,986732,16942104,2702225,219444.10853927303,3767836.564598749,600960.9054915997,0.0582414085051065,0.3651553812136295
59,2013,1,0.0,25.0,324039,5449458,1567773,72064.6026347149,1211931.3580913662,348664.63069702993,0.0594626107770717,0.2066874477363751
59,2014,1,0.0,25.0,417711,5449458,1534463,92896.772398228,1211931.3580913662,341256.6584660258,0.0766518431741285,0.2722196625138566
59,2014,2,25.0,50.0,973720,11210363,3279808,216550.3068379874,2493126.9229503563,729412.3862811545,0.0868589179494009,0.2968832321892013
59,2015,1,0.0,25.0,520938,5449458,1587629,115853.92488966796,1211931.3580913662,353080.5027060008,0.0955944609537315,0.3281232580155691
59,2015,2,25.0,50.0,1353440,11210363,3400597,300998.0767436282,2493126.9229503563,756275.2370109882,0.1207311484918017,0.398000703994034
59,2016,1,0.0,25.0,593469,5449458,1598174,131984.44527054342,1211931.3580913662,355425.6563288149,0.1089042249706301,0.3713419189650188
59,2016,2,25.0,50.0,1357971,11210363,3433623,302005.7477787132,2493126.9229503563,763620.0491064893,0.1211353280888406,0.3954921667288459
59,2017,1,0.0,25.0,560131,5449458,1591961,124570.2459839263,1211931.3580913662,354043.91716726497,0.1027865523507108,0.3518496998356115
59,2017,2,25.0,50.0,1404330,11210363,3401606,312315.7503202059,2493126.9229503563,756499.6334078985,0.1252706981923779,0.4128432275813248
59,2018,1,0.0,25.0,524188,5449458,1598010,116576.7081304594,1211931.3580913662,355389.1835745104,0.0961908505396316,0.3280254816928555
59,2018,2,25.0,50.0,1294392,11210363,3419192,287866.1060352423,2493126.9229503563,760410.6691225319,0.1154638792695651,0.3785666321165936
59,2019,1,0.0,25.0,465371,5449458,1600340,103496.11063088058,1211931.3580913662,355907.363559447,0.0853976670707435,0.2907950810452779
59,2019,2,25.0,50.0,1173916,11210363,3414305,261072.864891368,2493126.9229503563,759323.8255232249,0.1047170372627541,0.3438228277790062
59,2020,1,0.0,25.0,521013,5449458,1616995,115870.604502917,1211931.3580913662,359611.3496749491,0.0956082237903292,0.3222106438176988
59,2020,2,25.0,50.0,1281741,11210363,3436298,285052.58887239534,2493126.9229503563,764214.9553123715,0.1143353698716089,0.3730005372060281
59,2021,1,0.0,25.0,532423,5449458,1607949,118408.1296652033,1211931.3580913662,357599.56592227233,0.0977020099980585,0.3311193327649073
59,2021,2,25.0,50.0,1377299,11210363,3403163,306304.1953104108,2493126.9229503563,756845.9021789485,0.1228594471026495,0.4047114405040252
59,2022,1,0.0,25.0,556368,5449458,1596391,123733.37418851146,1211931.3580913662,355029.12632317457,0.1020960249624825,0.3485161216769576
59,2022,2,25.0,50.0,1364716,11210363,3389479,303505.8009969096,2493126.9229503563,753802.6511429515,0.1217370035207602,0.4026329710259305
59,2023,1,0.0,25.0,532206,5449458,1594003,118359.86998420276,1211931.3580913662,354498.0474373253,0.0976621895241691,0.3338801746295333
59,2023,2,25.0,50.0,1349624,11210363,3377296,300149.4180215174,2493126.9229503563,751093.2147667784,0.1203907491666416,0.3996167348079647
59,2024,1,0.0,25.0,421144,5449700,1441419,93660.25389534708,1211985.1776434495,320564.152664118,0.0772783822962732,0.2921731987714884
59,2024,2,25.0,50.0,1138321,11210696,3000625,253156.72044337657,2493200.980433182,667323.5267384216,0.1015388339849729,0.379361299729223
60,2013,1,0.0,25.0,209280,3877081,646600,46542.79281010352,862242.8215356889,143800.50569100218,0.0539787536035486,0.3236622332199196
60,2014,1,0.0,25.0,290393,3877081,645630,64581.90573635508,862242.8215356889,143584.78269298136,0.07489990536695,0.4497823830986788
60,2014,2,25.0,50.0,323118,4607699,1021750,71859.77698401677,1024728.4971727886,227231.9311626685,0.0701256744418418,0.3162397846831417
60,2015,1,0.0,25.0,343811,3877081,686840,76461.79347684681,862242.8215356889,152749.67418621705,0.0886777965175347,0.5005692737755518
60,2015,2,25.0,50.0,408073,4607699,1049022,90753.3308983055,1024728.4971727886,233297.08332970383,0.0885632937394565,0.3890032811513962
60,2016,1,0.0,25.0,336661,3877081,680530,74871.67034710561,862242.8215356889,151346.362724865,0.0868336256064807,0.4947041276652021
60,2016,2,25.0,50.0,434199,4607727,1055089,96563.61857489556,1024734.7242284016,234646.352844129,0.0942327963440542,0.4115283165685549
60,2017,1,0.0,25.0,367375,3877081,687969,81702.30556484987,862242.8215356889,153000.75796432584,0.0947555648179648,0.5339993517149755
60,2017,2,25.0,50.0,471024,4607727,1062151,104753.30868017107,1024734.7242284016,236216.905227658,0.1022248062873516,0.4434623702279619
60,2018,1,0.0,25.0,367628,3877081,692319,81758.57146020995,862242.8215356889,153968.1755327698,0.0948208200963559,0.5310095490662542
60,2018,2,25.0,50.0,493411,4607727,1066121,109732.06203758596,1024734.7242284016,237099.8127556402,0.1070833840633353,0.4628095685198959
60,2019,1,0.0,25.0,341028,3877081,670921,75842.86862788601,862242.8215356889,149209.37067539882,0.0879599884552321,0.508298294434069
60,2019,2,25.0,50.0,449313,4607727,1039442,99924.8942368408,1024734.7242284016,231166.54073069396,0.097512938592065,0.4322636568466542
60,2020,1,0.0,25.0,367839,3877081,676802,81805.49677215057,862242.8215356889,150517.2747489664,0.0948752424826822,0.5434957343506668
60,2020,2,25.0,50.0,463381,4607727,1045890,103053.54489267289,1024734.7242284016,232600.54268042417,0.1005660708631392,0.4430494602682882
60,2021,1,0.0,25.0,385695,3877081,667414,85776.57909448049,862242.8215356889,148429.431959874,0.0994807691662877,0.5778946800636486
60,2021,2,25.0,50.0,492100,4607727,1034525,109440.50239799284,1024734.7242284016,230073.02528608727,0.1067988619985515,0.4756772431792369
60,2022,1,0.0,25.0,379296,3877081,663089,84353.47449207294,862242.8215356889,147467.57426251305,0.0978303006823948,0.5720137115832113
60,2022,2,25.0,50.0,513730,4607727,1033753,114250.90285901415,1024734.7242284016,229901.3364670439,0.1114931505273641,0.4969562361608624
60,2023,1,0.0,25.0,361690,3877081,665445,80437.99088057312,862242.8215356889,147991.53651337605,0.0932892554991758,0.5435310205952408
60,2023,2,25.0,50.0,470360,4607727,1032985,104605.63850420628,1024734.7242284016,229730.5372273738,0.1020807005276137,0.4553405906184504
60,2024,1,0.0,25.0,261328,3877521,503089,58117.99961524624,862340.6752667499,111884.39933124126,0.067395637573594,0.5194468573155048
60,2024,2,25.0,50.0,386741,4608047,866858,86009.20410059369,1024805.890578264,192784.7490910776,0.083927312373333,0.446141121152484
61,2013,1,0.0,25.0,1156573,5380190,3675051,257215.8711236614,1196526.5120842454,817312.3913396586,0.214968802217022,0.314709374101203
61,2014,1,0.0,25.0,1518627,5380190,3918656,337734.8137272032,1196526.5120842454,871488.8871467366,0.2822627081943202,0.38753771701318
61,2014,2,25.0,50.0,2422542,11613986,8039571,538760.8485272067,2582890.596795886,1787959.1329086237,0.2085883347887624,0.3013272723134108
61,2015,1,0.0,25.0,1292295,5380190,3781240,287399.7440487994,1196526.5120842454,840928.2773570138,0.2401950488737386,0.3417648707831293
61,2015,2,25.0,50.0,2248864,11613986,7991551,500135.75692899775,2582890.596795886,1777279.7325323755,0.1936341235472472,0.2814051990658634
61,2016,1,0.0,25.0,1608762,5380190,3806639,357780.3729298918,1196526.5120842454,846576.8839825098,0.2990158340132969,0.4226200593226728
61,2016,2,25.0,50.0,2659347,11613986,8017341,591425.0593997055,2582890.596795886,1783015.29554161,0.2289779753479985,0.3316993751419579
61,2017,1,0.0,25.0,1667216,5380190,3908529,370780.2411013453,1196526.5120842454,869236.6945684304,0.3098805060787816,0.4265584315736176
61,2017,2,25.0,50.0,3115785,11613986,8090041,692934.5168952045,2582890.596795886,1799183.4006510067,0.2682786943259618,0.3851383447871278
61,2018,1,0.0,25.0,1366943,5380190,3918222,304001.07431298424,1196526.5120842454,871392.3677847355,0.2540696518152704,0.348868185620927
61,2018,2,25.0,50.0,2658219,11613986,8145249,591174.19801644,2582890.596795886,1811461.3751610424,0.2288808510704249,0.3263520857373421
61,2019,1,0.0,25.0,1193262,5380190,3611989,265375.31553024537,1196526.5120842454,803287.7277301844,0.2217880781162003,0.3303614712004937
61,2019,2,25.0,50.0,2236802,11613986,7818435,497453.2303288665,2582890.596795886,1738779.626836113,0.1925955481606401,0.2860933166292231
61,2020,1,0.0,25.0,1181360,5380190,3602880,262728.37210504536,1196526.5120842454,801261.9331023785,0.2195758885838604,0.3278932409627853
61,2020,2,25.0,50.0,2156072,11613986,7822468,479499.2946276066,2582890.596795886,1739676.5452392243,0.1856444462736566,0.2756255442655694
61,2021,1,0.0,25.0,1306271,5380190,3577629,290507.934379046,1196526.5120842454,795646.2409136939,0.2427927266509175,0.365121984420408
61,2021,2,25.0,50.0,2669022,11613986,7802947,593576.7295088308,2582890.596795886,1735335.175502766,0.2298110226755913,0.3420530730248456
61,2022,1,0.0,25.0,1025316,5380190,3604923,228024.99117394927,1196526.5120842454,801716.2857672822,0.1905724519022562,0.28442105420837
61,2022,2,25.0,50.0,1982954,11613986,7849909,440998.7441416572,2582890.596795886,1745779.282134781,0.1707384527585964,0.2526085334237632
61,2023,1,0.0,25.0,1191045,5380190,3573899,264882.2661626039,1196526.5120842454,794816.7081481086,0.2213760108843739,0.3332620759568191
61,2023,2,25.0,50.0,2403498,11613986,7827108,534525.561131012,2582890.596795886,1740708.4573122312,0.2069485876769612,0.3070735704681729
61,2024,1,0.0,25.0,1132531,5379943,3473287,251869.0543005512,1196471.5805579452,772441.1181719516,0.2105098511266755,0.3260689370040541
61,2024,2,25.0,50.0,2231664,11613125,7552136,496310.565623886,2582699.114835786,1679556.1024547208,0.192167396803186,0.2955010344093379
62,2013,1,0.0,25.0,339133,5197567,1583231,75421.43039979375,1155912.098612535,352102.41018507746,0.0652484133441666,0.2142031074429442
62,2014,1,0.0,25.0,429090,5197567,1646058,95427.40332037138,1155912.098612535,366074.8110063713,0.0825559343438959,0.2606773272873738
62,2014,2,25.0,50.0,526431,6273495,2217039,117075.53976402715,1395192.937596619,493058.0410403244,0.0839135123244698,0.2374477850863246
62,2015,1,0.0,25.0,467164,5197567,1748754,103894.86458495414,1155912.098612535,388913.8718360081,0.0898812848396182,0.2671410615787011
62,2015,2,25.0,50.0,616870,6273483,2391666,137188.70699908523,1395190.2688584991,531894.1853448445,0.0983297476059152,0.2579248105713758
62,2016,1,0.0,25.0,571356,5197567,1757225,127066.62810019834,1155912.098612535,390797.7785537756,0.1099275872730452,0.3251467512697577
62,2016,2,25.0,50.0,601325,6276397,2407894,133731.57915966888,1395838.327431935,535503.2088622487,0.0958073557169822,0.2497306775132128
62,2017,1,0.0,25.0,705654,5197567,1744422,156933.81076844796,1155912.098612535,387950.457374744,0.1357662152310879,0.4045202365024059
62,2017,2,25.0,50.0,926170,6276397,2390115,205975.4320381001,1395838.327431935,531549.2509428544,0.1475639606608696,0.3875001830455857
62,2018,1,0.0,25.0,711617,5197567,1766254,158259.9512191678,1155912.098612535,392805.781594116,0.1369134827891588,0.4028961859392816
62,2018,2,25.0,50.0,922606,6276385,2417706,205182.816816506,1395835.6586938149,537685.347064909,0.1469963999977694,0.3816038840123654
62,2019,1,0.0,25.0,696580,5197567,1748923,154915.7999601582,1155912.098612535,388951.4565645293,0.1340203983902468,0.3982908338446003
62,2019,2,25.0,50.0,890144,6276385,2359716,197963.4354126376,1395835.6586938149,524788.6701007561,0.1418243144740165,0.377225055896557
62,2020,1,0.0,25.0,656041,5197567,1738348,145900.13540679053,1155912.098612535,386599.6310964155,0.1262207875338596,0.3773933642745871
62,2020,2,25.0,50.0,872996,6276385,2356326,194149.8086393785,1395835.6586938149,524034.7515818998,0.1390921685014542,0.370490331134147
62,2021,1,0.0,25.0,671353,5197567,1699266,149305.44524771324,1155912.098612535,377907.99582976574,0.1291667813036368,0.3950841127875212
62,2021,2,25.0,50.0,924659,6276385,2311319,205639.3934298429,1395835.6586938149,514025.4268685764,0.1473234991161313,0.4000568506554049
62,2022,1,0.0,25.0,705800,5197567,1692484,156966.28041557275,1155912.098612535,376399.71400236647,0.1357943052970745,0.4170201904419776
62,2022,2,25.0,50.0,926078,6276385,2294680,205954.97171251455,1395835.6586938149,510324.9990705674,0.147549584673343,0.4035760977565499
62,2023,1,0.0,25.0,625408,5197567,1695671,139087.51417135523,1155912.098612535,377108.4863680288,0.1203270684148948,0.3688262640571195
62,2023,2,25.0,50.0,757500,6276385,2297682,168464.09381523996,1395835.6586938149,510992.6283902154,0.1206904930146891,0.3296800862782578
62,2024,1,0.0,25.0,569040,5196046,1515429,126551.56164306818,1155573.8360558446,337023.5950182644,0.1095140420234924,0.375497631363792
62,2024,2,25.0,50.0,680610,6276222,2074476,151364.15431233065,1395799.4083343537,461352.7649920313,0.1084426267904481,0.3280876712962695
63,2013,1,0.0,25.0,135505,5646896,2574175,30135.61324413741,1255840.551166869,572483.2458044162,0.0239963689786388,0.0526401662668622
63,2014,1,0.0,25.0,562824,5646896,2926977,125169.15529698826,1255840.551166869,650944.5913175573,0.0996696238074864,0.1922884942382533
63,2014,2,25.0,50.0,1579070,16942104,8618214,351177.0252420211,3767836.564598749,1916646.352232098,0.0932038901425702,0.1832247377472873
63,2015,1,0.0,25.0,653972,5646896,2884538,145440.00047596052,1255840.551166869,641506.3765618807,0.1158108808803987,0.2267163753779634
63,2015,2,25.0,50.0,1691823,16942104,8692302,376252.7110109317,3767836.564598749,1933123.141384024,0.0998590847984406,0.1946346318846261
63,2016,1,0.0,25.0,776974,5646896,2916426,172795.01099406238,1255840.551166869,648598.1033256832,0.1375931131014277,0.266413068598346
63,2016,2,25.0,50.0,1979303,16942104,8856289,440186.78056869423,3767836.564598749,1969593.004555614,0.1168274613353807,0.2234912388247492
63,2017,1,0.0,25.0,963784,5646896,2935350,214340.5916747554,1255840.551166869,652806.7033406793,0.1706750044626286,0.3283369955882603
63,2017,2,25.0,50.0,2523106,16942104,8884304,561125.7635508842,3767836.564598749,1975823.3960912365,0.1489251866238101,0.2839959100904246
63,2018,1,0.0,25.0,1056595,5646896,3048446,234981.2794781696,1255840.551166869,677958.6705408489,0.1871107596102354,0.3466011863093524
63,2018,2,25.0,50.0,2651954,16942104,9210131,589780.8943230375,3767836.564598749,2048285.6407058083,0.1565303813505099,0.2879387926186935
63,2019,1,0.0,25.0,847276,5646896,3116648,188429.81326917652,1255840.551166869,693126.4436449901,0.150042784566955,0.2718548902538881
63,2019,2,25.0,50.0,2115832,16942104,9433710,470550.1261323918,3767836.564598749,2098008.457380551,0.1248860236013189,0.2242841893592234
63,2020,1,0.0,25.0,946528,5646896,3124164,210502.9462584177,1255840.551166869,694797.9632873866,0.1676191663526298,0.3029700105372189
63,2020,2,25.0,50.0,2580668,16942104,9401490,573927.255522096,3767836.564598749,2090842.895528766,0.1523227575512463,0.2744956384573083
63,2021,1,0.0,25.0,1224834,5646896,3099843,272396.7655235586,1255840.551166869,689389.09830299,0.2169039415636484,0.3951277532442772
63,2021,2,25.0,50.0,3253777,16942104,9429031,723623.22611468,3767836.564598749,2096967.8719086545,0.1920527108085276,0.3450807405342076
63,2022,1,0.0,25.0,968352,5646896,3114704,215356.4913190432,1255840.551166869,692694.1080695752,0.1714839444537317,0.3108969584268681
63,2022,2,25.0,50.0,2140377,16942104,9389010,476008.8075616922,3767836.564598749,2088067.4078841268,0.1263347810874021,0.2279662072998111
63,2023,1,0.0,25.0,1020968,5646896,3112189,227058.018395192,1255840.551166869,692134.7850386242,0.1808016297803253,0.3280546265024393
63,2023,2,25.0,50.0,2469945,16942104,9433805,549303.0312851259,3767836.564598749,2098029.5848906664,0.1457873827241292,0.2618185345149704
63,2024,1,0.0,25.0,1081778,5646896,2839547,240581.84881750843,1255840.551166869,631500.6101660504,0.1915703777792259,0.3809685136396756
63,2024,2,25.0,50.0,2537367,16942104,8715784,564297.3364114772,3767836.564598749,1938345.4170948744,0.1497669356769383,0.2911232081933191
