hub_id,physical_plant_id,excess_cutoff_100mi,excess_cutoff_250mi,excess_cutoff_500mi,exp150_sum1,exp_150mi,exp_300mi,exp_50mi,inverse_1,inverse_2,nearest_only
1,"AltAir Paramount, LLC (83180)",0.0,0.0,0.0,0.008486820235931244,0.02249017821796684,0.14996725715290934,1.1375714679139304e-05,0.6809407924365455,0.4636803628041105,0.0
1,Chevron El Segundo (01013),0.0,0.0,0.0,0.00848682185113825,0.022490178217966818,0.1499672571529093,1.1375714679139264e-05,0.6837287812571425,0.4674850463193775,0.0
1,Cheyenne Renewable Diesel Company LLC (F00494),0.0,0.0,1.0,0.00958777592808287,0.039198009242102795,0.1979848712455141,6.022711123140914e-05,0.3721996388625052,0.13853257116937928,0.0
1,DIAMOND GREEN DIESEL - PORT ARTHUR (82621),0.0,0.0,0.0,0.011724528383900428,0.02519810784208167,0.1587391188147448,1.5999403482767617e-05,0.31715481428771225,0.10058717622587325,0.0
1,Diamond Green Diesel LLC (81496),0.0,0.0,0.0,0.0043854778264059,0.0063877333909887245,0.07992329692266657,2.6063956625711717e-07,0.009552968800617703,9.125921290557522e-05,0.0
1,"Jaxon Energy, LLC (83608)",0.0,0.0,1.0,0.013784666428588825,0.06343992264180583,0.25187283029696916,0.00025532182156997604,0.30434237393697844,0.09262428057359562,0.0
1,MARTINEZ REFINERY (90001),0.0,0.0,0.0,0.008143579633255921,0.03452844192953698,0.1858183035374529,4.116526776853941e-05,0.7373867925321047,0.5437392818007852,0.0
1,MRL Great Falls (F00548),0.0,0.0,0.0,0.0014823182457723715,0.004411524800304777,0.066419310447375,8.585511516992847e-08,0.4094539687580062,0.16765255253168232,0.0
1,Marathon Dickinson Refinery (F00313),0.0,0.0,0.0,0.0010441874597270477,0.0034557450596315368,0.05878558547494051,4.126910851551305e-08,0.17489731415686646,0.030589070499285644,0.0
1,Phillips 66 Rodeo (82191),0.0,0.0,0.0,0.008148297951576164,0.03452844192953698,0.1858183035374529,4.116526776853941e-05,0.7372433594650644,0.5435277710753341,0.0
1,"REG Geismar, LLC (80180)",0.0,0.0,0.0,0.005032882072181854,0.007867707147045952,0.08870009665747806,4.870174904974517e-07,0.06586382525340381,0.004338043477010914,0.0
1,RENEWABLE DIESEL UNIT (RDU) / PRE-TREATMENT UNIT (PTU) (82381),0.0,0.0,1.0,0.019993745678383242,0.07243111524994506,0.26913029418841916,0.00037999293033186754,0.5974432857665569,0.3569384797075398,0.0
1,St Bernard Renewables LLC (82901),0.0,0.0,0.0,0.004147425788664627,0.006426190717464197,0.08016352485678381,2.653755036383003e-07,0.03751532462936515,0.0014073995820466517,0.0
1,Vertex Renewables Mobile Site (83101),0.0,0.0,0.0,0.0061152302147497815,0.020455954551614003,0.14302431454691192,8.559713925592813e-06,0.2207719024519791,0.04874023291226618,0.0
1,sinclair_wy,0.0,0.0,0.0,0.008884960019189864,0.03452844192953698,0.1858183035374529,4.116526776853941e-05,0.447916857760375,0.200629511465928,0.0
1,wynnewood_ok,0.0,1.0,1.0,0.032816960108497426,0.22473998897630224,0.4740674941148172,0.011351181442067069,0.5780013654147242,0.33408557842128556,0.0
3,"AltAir Paramount, LLC (83180)",0.0,0.0,0.0,0.005592192052014061,0.014819377856787308,0.1217348670545432,3.2545422567877024e-06,0.6578669667349537,0.43278894592104866,0.0
3,Chevron El Segundo (01013),0.0,0.0,0.0,0.005592169950846968,0.014819316468017879,0.12173461491300606,3.25450181146297e-06,0.6607559095892733,0.43659837205714797,0.0
3,Cheyenne Renewable Diesel Company LLC (F00494),0.0,0.0,0.0,0.008595790468686644,0.0351424435408276,0.18746317916014227,4.3400613369787955e-05,0.36448421777628914,0.13284874500799337,0.0
3,DIAMOND GREEN DIESEL - PORT ARTHUR (82621),0.0,0.0,0.0,0.0068405440966535,0.014701552352645477,0.12124995815523186,3.1775294499253454e-06,0.288334724759586,0.08313691350218622,0.0
3,Diamond Green Diesel LLC (81496),0.0,0.0,0.0,0.003973871594637248,0.005788202171203163,0.07608023508903718,1.939237833601968e-07,0.009371930883801916,8.783308849076015e-05,0.0
3,"Jaxon Energy, LLC (83608)",0.0,0.0,1.0,0.012490935640188786,0.0574859025310832,0.2397621791089729,0.00018996958000979324,0.29695951905360585,0.08818495595654889,0.0
3,MARTINEZ REFINERY (90001),0.0,0.0,0.0,0.007300985624078702,0.030955878066190885,0.17594282612880494,2.9663977426223126e-05,0.7311563280332669,0.5345895760230902,0.0
3,MRL Great Falls (F00548),0.0,0.0,0.0,0.001435818464090469,0.0042731368794358794,0.06536923496137827,7.802619230862741e-08,0.4080379015691933,0.16649492911699068,0.0
3,Marathon Dickinson Refinery (F00313),0.0,0.0,0.0,0.0016717825097742054,0.005532774881668092,0.07438262486406413,1.6936707990025124e-07,0.1877622447797063,0.035254660564714345,0.0
3,Phillips 66 Rodeo (82191),0.0,0.0,0.0,0.007305246012584115,0.030956006300395585,0.17594319054852786,2.9664346075334276e-05,0.7310109677713102,0.5343770350019476,0.0
3,"REG Geismar, LLC (80180)",0.0,0.0,0.0,0.004560531542345003,0.007129300089974327,0.08443518277338143,3.6236036371010956e-07,0.06463564511021724,0.00417776661881395,0.0
3,RENEWABLE DIESEL UNIT (RDU) / PRE-TREATMENT UNIT (PTU) (82381),0.0,0.0,1.0,0.012100164239849304,0.04383512747925778,0.209368401339022,8.423000406695672e-05,0.5547232576794224,0.3077178926104709,0.0
3,St Bernard Renewables LLC (82901),0.0,0.0,0.0,0.003758177890415044,0.005823074143959621,0.0763090698669537,1.9744991893392996e-07,0.03682329671318038,0.001355955180826921,0.0
3,Vertex Renewables Mobile Site (83101),0.0,0.0,0.0,0.0055412752286054644,0.01853602730457073,0.1361470796769829,6.368688118880674e-06,0.216497102309119,0.04687099530824514,0.0
3,sinclair_wy,0.0,0.0,0.0,0.007965657400305137,0.030955878066190885,0.17594282612880494,2.9663977426223126e-05,0.44003398842711416,0.19362991097107365,0.0
3,wynnewood_ok,0.0,0.0,1.0,0.01986065885895366,0.13601150863049005,0.36879738153963354,0.0025160946449291734,0.5061454942954472,0.25618326139558256,0.0
5,"AltAir Paramount, LLC (83180)",0.0,0.0,0.0,0.0027542378130389336,0.007298764148161779,0.08543280487120729,3.8881945781325756e-07,0.6220783419288162,0.3869814634969051,0.0
5,Chevron El Segundo (01013),0.0,0.0,0.0,0.002754238337223975,0.007298764148161772,0.08543280487120725,3.888194578132562e-07,0.625097497036816,0.39074688080169223,0.0
5,Cheyenne Renewable Diesel Company LLC (F00494),0.0,0.0,0.0,0.0036825531689962977,0.015055499235234544,0.12270085262635522,3.4126007621601415e-06,0.31397045178401384,0.09857744459345776,0.0
5,DIAMOND GREEN DIESEL - PORT ARTHUR (82621),0.0,0.0,0.0,0.006729636093690581,0.014463191223932866,0.12026300854349548,3.025466752164761e-06,0.2875420373419093,0.08268042323873596,0.0
5,Diamond Green Diesel LLC (81496),0.0,0.0,0.0,0.004587482642947543,0.006681966531102697,0.08174329655147691,2.983409635196168e-07,0.009638037071137659,9.289175858462378e-05,0.0
5,"Jaxon Energy, LLC (83608)",0.0,0.0,1.0,0.01441961867854167,0.0663621059116677,0.2576084352494454,0.00029225400943012116,0.30783947504996984,0.094765142399041,0.0
5,MARTINEZ REFINERY (90001),0.0,0.0,0.0,0.0031278541770653158,0.013261972766352074,0.11516063896293766,2.332514731142901e-06,0.6861607697353246,0.4708166019237731,0.0
5,MRL Great Falls (F00548),0.0,0.0,0.0,0.0007185484288809674,0.0021384707523293875,0.04624360228539065,9.779348982328656e-09,0.37952907866889757,0.14404232155526223,0.0
5,Marathon Dickinson Refinery (F00313),0.0,0.0,0.0,0.0009521008649023424,0.003150983886568846,0.05613362527548747,3.128517199230028e-08,0.17257780422493305,0.029783098511099317,0.0
5,Phillips 66 Rodeo (82191),0.0,0.0,0.0,0.003129666428228972,0.013261972766352074,0.11516063896293766,2.332514731142901e-06,0.686001272190364,0.4705977454467979,0.0
5,"REG Geismar, LLC (80180)",0.0,0.0,0.0,0.005264707761402138,0.00823011115448906,0.09071996006661963,5.574643537527296e-07,0.0664406992689227,0.0044143665193434245,0.0
5,RENEWABLE DIESEL UNIT (RDU) / PRE-TREATMENT UNIT (PTU) (82381),0.0,0.0,0.0,0.00715809023259707,0.02593153213743736,0.1610327051795298,1.7437512505915927e-05,0.5161428406789706,0.2664034319841573,0.0
5,St Bernard Renewables LLC (82901),0.0,0.0,0.0,0.004338465401387028,0.0067221952871661965,0.08198899491496525,3.037619521352777e-07,0.03784027122101245,0.0014318861260797834,0.0
5,Vertex Renewables Mobile Site (83101),0.0,0.0,0.0,0.007847903136651742,0.026251889831000536,0.16202434950031597,1.8091797541280735e-05,0.23238614722850223,0.05400332142370712,0.0
5,sinclair_wy,0.0,0.0,0.0,0.00341260975647513,0.013261972766352062,0.1151606389629376,2.332514731142893e-06,0.3871542133353379,0.14988838490330433,0.0
5,wynnewood_ok,0.0,0.0,1.0,0.011748963515968708,0.08046028402180004,0.2836552203323606,0.0005208883974663429,0.4479343253024732,0.20064515978418188,0.0
6,"AltAir Paramount, LLC (83180)",0.0,0.0,0.0,0.004561921271390627,0.012089147590935292,0.1099506598021826,1.7667985703129688e-06,0.6471622589644758,0.4188189894280032,0.0
6,Chevron El Segundo (01013),0.0,0.0,0.0,0.004561903242005488,0.012089097512052007,0.10995043206850988,1.7667766136947211e-06,0.6500935253168338,0.42262159165886887,0.0
6,Cheyenne Renewable Diesel Company LLC (F00494),0.0,0.0,0.0,0.001838577218393177,0.007516713713323703,0.08669898334654047,4.2470172912711393e-07,0.2819503668387278,0.07949600936049318,0.0
6,DIAMOND GREEN DIESEL - PORT ARTHUR (82621),0.0,0.0,1.0,0.024161696847001434,0.051927806634375344,0.22787673561461982,0.00014002318009538776,0.3662874081437041,0.13416646536463245,0.0
6,Diamond Green Diesel LLC (81496),0.0,0.0,0.0,0.019166590405373288,0.02791738423271084,0.167084961120715,2.175826048211352e-05,0.013437289792524865,0.00018056075696829292,0.0
6,"Jaxon Energy, LLC (83608)",0.0,1.0,1.0,0.06024569276935382,0.2772632989408561,0.5265579730104333,0.0213145986217345,0.48466562934240853,0.23490077226587294,0.0
6,MARTINEZ REFINERY (90001),0.0,0.0,0.0,0.0015616343250179452,0.0066212651603918165,0.08137115680873547,2.902838944757779e-07,0.6532195631435433,0.4266957976734416,0.0
6,MRL Great Falls (F00548),0.0,0.0,0.0,0.00028425325930938504,0.0008459656396912373,0.029085488472625612,6.054219623281608e-10,0.34704647722015985,0.12044125735092294,0.0
6,Marathon Dickinson Refinery (F00313),0.0,0.0,0.0,0.00020023614335445446,0.0006626827938900061,0.025742626009985968,2.9101614518300635e-10,0.1409980227401894,0.019880442416642972,0.0
6,Phillips 66 Rodeo (82191),0.0,0.0,0.0,0.0015625326494275445,0.0066212377320257875,0.08137098826993432,2.90280287017203e-07,0.6530516023103426,0.42647639528010595,0.0
6,"REG Geismar, LLC (80180)",0.0,0.0,0.0,0.02199614104815866,0.034385704582385365,0.18543382804220315,4.06568552107584e-05,0.09203518687166301,0.008470475622501932,0.0
6,RENEWABLE DIESEL UNIT (RDU) / PRE-TREATMENT UNIT (PTU) (82381),0.0,0.0,1.0,0.011856096328818518,0.042950945431678905,0.20724609871280789,7.923520461071724e-05,0.553118488507427,0.3059400623287406,0.0
6,St Bernard Renewables LLC (82901),0.0,0.0,0.0,0.01812619159749909,0.02808546074656365,0.16758717357412425,2.2153617797376658e-05,0.05219474667545884,0.002724291580515322,0.0
6,Vertex Renewables Mobile Site (83101),0.0,0.0,1.0,0.033624304829922284,0.11247610102584651,0.33537456824548656,0.001422920903578285,0.3352531367992297,0.11239466573372302,0.0
6,sinclair_wy,0.0,0.0,0.0,0.0017037963267110365,0.0066212377320257814,0.08137098826993427,2.9028028701720193e-07,0.35244693033714597,0.12421883870407702,0.0
6,wynnewood_ok,0.0,0.0,1.0,0.01946013751120205,0.13326862315356364,0.365059752853644,0.0023669208354746315,0.5036057397990418,0.25361874115854016,0.0
7,"AltAir Paramount, LLC (83180)",0.0,0.0,0.0,0.002178226440450449,0.0057723269119582905,0.07597583110409711,1.9233253567933587e-07,0.6110654077545121,0.37340093255418816,0.0
7,Chevron El Segundo (01013),0.0,0.0,0.0,0.002178226855009323,0.005772326911958296,0.07597583110409714,1.923325356793362e-07,0.614117968111614,0.3771408787575374,0.0
7,Cheyenne Renewable Diesel Company LLC (F00494),0.0,0.0,0.0,0.0015903788691250993,0.006501996508681008,0.08063495835356405,2.7487813521119035e-07,0.27607222763819006,0.07621587487311263,0.0
7,DIAMOND GREEN DIESEL - PORT ARTHUR (82621),0.0,0.0,0.0,0.011083451499423174,0.02382031899282566,0.15433832638986875,1.3515829957586347e-05,0.3138807259629718,0.09852111013104219,0.0
7,Diamond Green Diesel LLC (81496),0.0,0.0,0.0,0.008792096702166356,0.012806260093955794,0.11316474757607067,2.1002304664754887e-06,0.011060859167229925,0.00012234260551729427,0.0
7,"Jaxon Energy, LLC (83608)",0.0,0.0,1.0,0.027635784524439082,0.1271856697772491,0.3566309994619777,0.0020573801442268134,0.3691070346778466,0.13624000304867306,0.0
7,MARTINEZ REFINERY (90001),0.0,0.0,0.0,0.0013508218240512666,0.0057274288469452,0.07567977832251625,1.8787937538973746e-07,0.646737324889874,0.41826916740571046,0.0
7,MRL Great Falls (F00548),0.0,0.0,0.0,0.0002458805496788818,0.0007317646840781912,0.02705114940401223,3.918450258318955e-10,0.34246300408420727,0.11728090916637976,0.0
7,Marathon Dickinson Refinery (F00313),0.0,0.0,0.0,0.00027843265839971084,0.0009214746593072423,0.030355801081625933,7.824384600711725e-10,0.14667309293168165,0.02151299619014572,0.0
7,Phillips 66 Rodeo (82191),0.0,0.0,0.0,0.0013516044783196423,0.005727428846945211,0.07567977832251631,1.8787937538973844e-07,0.6465681118269495,0.4180503232314667,0.0
7,"REG Geismar, LLC (80180)",0.0,0.0,0.0,0.010090026131881473,0.015773342107590682,0.12559196673191594,3.924381036761552e-06,0.07606454856130869,0.005785815547835688,0.0
7,RENEWABLE DIESEL UNIT (RDU) / PRE-TREATMENT UNIT (PTU) (82381),0.0,0.0,0.0,0.005661073032240975,0.02050830493857512,0.14320720979955975,8.625599693659682e-06,0.5005828157184601,0.25058315539262177,0.0
7,St Bernard Renewables LLC (82901),0.0,0.0,0.0,0.00831484505050669,0.012883360137933486,0.11350489037012232,2.138392592503073e-06,0.04325208464629317,0.0018707428262501092,0.0
7,Vertex Renewables Mobile Site (83101),0.0,0.0,1.0,0.014843805930325171,0.049653767531323334,0.22283125348865077,0.00012242119651799713,0.2684691230938468,0.07207567005477906,0.0
7,sinclair_wy,0.0,0.0,0.0,0.0014737988010496148,0.0057274288469452055,0.07567977832251628,1.8787937538973777e-07,0.34597184006280857,0.1196965141164456,0.0
7,wynnewood_ok,0.0,0.0,1.0,0.00929186610947055,0.06363337372223479,0.2522565632887176,0.0002576646546657023,0.4260358809033667,0.18150657181710764,0.0
8,"AltAir Paramount, LLC (83180)",0.0,0.0,0.0,0.0021550347136550393,0.005710868550132399,0.07557028880540552,1.8625437880928838e-07,0.6105722744818799,0.37279850236597606,0.0
8,Chevron El Segundo (01013),0.0,0.0,0.0,0.0021550351238000783,0.005710868550132408,0.07557028880540559,1.8625437880928904e-07,0.6136262579908895,0.37653718449590173,0.0
8,Cheyenne Renewable Diesel Company LLC (F00494),0.0,0.0,0.0,0.003356663368037802,0.013723153597862891,0.11714586462126135,2.5844121420228055e-06,0.30928499469600435,0.09565720794410744,0.0
8,DIAMOND GREEN DIESEL - PORT ARTHUR (82621),0.0,0.0,0.0,0.005222805780321825,0.011224743459319899,0.10594688980484467,1.4142600449831476e-06,0.2757846020408641,0.07605714672283777,0.0
8,Diamond Green Diesel LLC (81496),0.0,0.0,0.0,0.0034754771482876953,0.005062258278006127,0.07114954868448659,1.2972775356705077e-07,0.00913650478606555,8.34757197057987e-05,0.0
8,"Jaxon Energy, LLC (83608)",0.0,0.0,1.0,0.010924349301269076,0.050276144016603824,0.2242234243262818,0.00012708253950971957,0.287476939204389,0.08264299057432396,0.0
8,MARTINEZ REFINERY (90001),0.0,0.0,0.0,0.0028510409931688336,0.012088296278132049,0.10994678839389557,1.7664253449097284e-06,0.6815755826805996,0.46454527490639885,0.0
8,MRL Great Falls (F00548),0.0,0.0,0.0,0.0009926840196105534,0.002954325215835385,0.05435370471122815,2.578546121464063e-08,0.3923258907618011,0.15391960456204068,0.0
8,Marathon Dickinson Refinery (F00313),0.0,0.0,0.0,0.0013153343052004272,0.0043531072745773515,0.06597808177400546,8.248939323934753e-08,0.1809795411501512,0.03275359431491927,0.0
8,Phillips 66 Rodeo (82191),0.0,0.0,0.0,0.002852704678443832,0.012088346353696247,0.1099470161200214,1.766447297162589e-06,0.6814150404839544,0.4643264573977492,0.0
8,"REG Geismar, LLC (80180)",0.0,0.0,0.0,0.003988559464491744,0.006235158574179597,0.07896302029544967,2.424055221660888e-07,0.06303728651866619,0.0039736994916364145,0.0
8,RENEWABLE DIESEL UNIT (RDU) / PRE-TREATMENT UNIT (PTU) (82381),0.0,0.0,0.0,0.005555324912430862,0.020125212426714646,0.14186335829492633,8.151197564265237e-06,0.49937292989876614,0.249373323115678,0.0
8,St Bernard Renewables LLC (82901),0.0,0.0,0.0,0.003286821669905954,0.005092735586212987,0.07136340509121596,1.320849648159711e-07,0.035922237568433935,0.0012904071519230064,0.0
8,Vertex Renewables Mobile Site (83101),0.0,0.0,0.0,0.005945571926106216,0.019888433441218753,0.14102635725714094,7.866865566605006e-06,0.21953443692814525,0.04819536899735779,0.0
8,sinclair_wy,0.0,0.0,0.0,0.0031106087633462733,0.012088346353696237,0.10994701612002136,1.7664472971625828e-06,0.38213444380553135,0.1460267331425628,0.0
8,wynnewood_ok,0.0,0.0,1.0,0.009118257467372201,0.06244445176900151,0.2498888788421796,0.00024349024754770539,0.4243681584169312,0.18008833387817763,0.0
9,"AltAir Paramount, LLC (83180)",0.0,0.0,0.0,0.0015838447369373838,0.00419720807240616,0.06478586321417783,7.394034938520342e-08,0.5967182492445746,0.3560726689815103,0.0
9,Chevron El Segundo (01013),0.0,0.0,0.0,0.0015838384773495778,0.00419719068561428,0.06478572902741991,7.393943050285213e-08,0.5998094868867007,0.3597714205592871,0.0
9,Cheyenne Renewable Diesel Company LLC (F00494),0.0,0.0,0.0,0.0011564007856625482,0.004727750108469547,0.06875863661002556,1.0567287902389485e-07,0.26397914488564533,0.06968498893455653,0.0
9,DIAMOND GREEN DIESEL - PORT ARTHUR (82621),0.0,0.0,0.0,0.008353491020827233,0.01795314580752804,0.13398934960484002,5.786576169086548e-06,0.2983899070961212,0.08903653665683182,0.0
9,Diamond Green Diesel LLC (81496),0.0,0.0,0.0,0.0076635577202516314,0.01116246974244533,0.1056525898520492,1.3908518868946975e-06,0.010726456221727501,0.00011505686307663663,0.0
9,"Jaxon Energy, LLC (83608)",0.0,0.0,1.0,0.027112699606454668,0.12477832340409324,0.35323975343114095,0.0019427523263660074,0.36696163407661087,0.13466084088417646,0.0
9,MARTINEZ REFINERY (90001),0.0,0.0,0.0,0.0009822133888652215,0.004164544277476059,0.06453328038675904,7.222747815642355e-08,0.6329358435711105,0.4006077820770733,0.0
9,MRL Great Falls (F00548),0.0,0.0,0.0,0.00017878610198287462,0.0005320850128484408,0.023066968002935298,1.5064096156445165e-10,0.33280491211758817,0.11075910952959558,0.0
9,Marathon Dickinson Refinery (F00313),0.0,0.0,0.0,0.00019827826781038663,0.0006562031922861386,0.025616463305580234,2.825628201283548e-10,0.140835611256282,0.019834669397930584,0.0
9,Phillips 66 Rodeo (82191),0.0,0.0,0.0,0.0009827824746525265,0.004164544277476059,0.06453328038675904,7.222747815642355e-08,0.6327637734609006,0.400389993004478,0.0
9,"REG Geismar, LLC (80180)",0.0,0.0,0.0,0.009899044020011679,0.015474787262679621,0.12439769797982445,3.705732462767775e-06,0.0757422677950472,0.005736891130736644,0.0
9,RENEWABLE DIESEL UNIT (RDU) / PRE-TREATMENT UNIT (PTU) (82381),0.0,0.0,0.0,0.004116295449635774,0.014912056745712407,0.12211493252552043,3.3159856539201997e-06,0.48089337256836945,0.2312584357801806,0.0
9,St Bernard Renewables LLC (82901),0.0,0.0,0.0,0.009620526652164507,0.014906436478797637,0.12209191815512457,3.312237740083434e-06,0.04468497898981763,0.001996747347320443,0.0
9,Vertex Renewables Mobile Site (83101),0.0,0.0,1.0,0.01900177034463203,0.06356250491313745,0.2521160544533756,0.00025680472580981727,0.2856550722894671,0.08159882032470069,0.0
9,sinclair_wy,0.0,0.0,0.0,0.0010716327565266687,0.004164544277476059,0.06453328038675904,7.222747815642355e-08,0.3325467438930023,0.11058733687383808,0.0
9,wynnewood_ok,0.0,0.0,1.0,0.006756327990684426,0.04626927884626128,0.21510294941320837,9.90554081731632e-05,0.39950950237964195,0.15960784249162913,0.0
10,"AltAir Paramount, LLC (83180)",0.0,0.0,0.0,0.0010204624050389626,0.0027042379496733885,0.052002287927295936,1.9775829513232664e-08,0.5779968188456786,0.3340803225957241,0.0
10,Chevron El Segundo (01013),0.0,0.0,0.0,0.0010204625992528138,0.0027042379496733907,0.052002287927295957,1.9775829513232737e-08,0.5811310112981403,0.33771325229239924,0.0
10,Cheyenne Renewable Diesel Company LLC (F00494),0.0,0.0,0.0,0.0013563168513233475,0.00554507331754289,0.07446524905983253,1.7049901660339353e-07,0.26989523888259465,0.07284343997149283,0.0
10,DIAMOND GREEN DIESEL - PORT ARTHUR (82621),0.0,0.0,0.0,0.002730273932179596,0.005867846853094378,0.07660187238634822,2.0203951232787344e-07,0.24966245317898936,0.06233134052735105,0.0
10,Diamond Green Diesel LLC (81496),0.0,0.0,0.0,0.0021658264518391495,0.0031546669469396807,0.05616642188122438,3.139500426939571e-08,0.008392494259850624,7.043395990162567e-05,0.0
10,"Jaxon Energy, LLC (83608)",0.0,0.0,0.0,0.006807768739747314,0.031330777893701034,0.17700502222733974,3.075484436266888e-05,0.2583617284202514,0.06675078271229974,0.0
10,MARTINEZ REFINERY (90001),0.0,0.0,0.0,0.0011520163142660327,0.004884501681125009,0.0698892100479395,1.1653618327772381e-07,0.6397678095883839,0.4093028501855186,0.0
10,MRL Great Falls (F00548),0.0,0.0,0.0,0.0006355373558909431,0.0018914216397384615,0.04349047757542404,6.766515180210108e-09,0.37488421227385,0.14053817261218501,0.0
10,Marathon Dickinson Refinery (F00313),0.0,0.0,0.0,0.0008421049094430716,0.002786951570228647,0.0527915861689024,2.164652890689608e-08,0.16958709716654113,0.028759783525373863,0.0
10,Phillips 66 Rodeo (82191),0.0,0.0,0.0,0.0011526837823728861,0.004884501681125009,0.0698892100479395,1.1653618327772381e-07,0.6395971184916239,0.4090844739827884,0.0
10,"REG Geismar, LLC (80180)",0.0,0.0,0.0,0.0024855659307631084,0.0038855877323271046,0.062334482690779625,5.8663795479939673e-08,0.057977586546303334,0.0033614005417340934,0.0
10,RENEWABLE DIESEL UNIT (RDU) / PRE-TREATMENT UNIT (PTU) (82381),0.0,0.0,0.0,0.002652117380591154,0.009607795494651593,0.0980193628557725,8.868930490034228e-07,0.4561428694757243,0.20806631737354767,0.0
10,St Bernard Renewables LLC (82901),0.0,0.0,0.0,0.002230751864617563,0.003456417945934347,0.05879130842169059,4.129322038561673e-08,0.0335480534966139,0.0011254718934116678,0.0
10,Vertex Renewables Mobile Site (83101),0.0,0.0,0.0,0.004406038437649913,0.014738565657894673,0.12140249444675622,3.20158960677209e-06,0.20716654284241298,0.04291797647327733,0.0
10,sinclair_wy,0.0,0.0,0.0,0.0012568943087274517,0.004884501681125005,0.06988921004793948,1.165361832777234e-07,0.33913197359540387,0.1150104955147137,0.0
10,wynnewood_ok,0.0,0.0,0.0,0.00435308279308624,0.029811163974258984,0.17265909757165704,2.6493345310802554e-05,0.3679087417328129,0.13535684224342162,0.0
11,"AltAir Paramount, LLC (83180)",0.0,0.0,0.0,0.0009262033451513222,0.0024544502793094215,0.049542408896918015,1.4786409059448727e-08,0.5740263126369716,0.3295062075995982,0.0
11,Chevron El Segundo (01013),0.0,0.0,0.0,0.0009262035214258388,0.0024544502793094193,0.049542408896917994,1.4786409059448675e-08,0.5771684214361179,0.3331233867030602,0.0
11,Cheyenne Renewable Diesel Company LLC (F00494),0.0,0.0,0.0,0.0011945687828266655,0.004883793545113646,0.0698841437317053,1.1648550574086947e-07,0.2651627859887192,0.07031130307329929,0.0
11,DIAMOND GREEN DIESEL - PORT ARTHUR (82621),0.0,0.0,0.0,0.002478081344964043,0.0053258398911463665,0.07297835220903776,1.5106516130979284e-07,0.24617834774828512,0.060603778900075594,0.0
11,Diamond Green Diesel LLC (81496),0.0,0.0,0.0,0.0019657712962331503,0.002863273614653429,0.05350956563693476,2.3474078558363276e-08,0.008254739319036624,6.814072122524922e-05,0.0
11,"Jaxon Energy, LLC (83608)",0.0,0.0,0.0,0.006178916566470539,0.02843666845460203,0.16863175399254446,2.299514453337289e-05,0.25310825397211656,0.06406378822881346,0.0
11,MARTINEZ REFINERY (90001),0.0,0.0,0.0,0.0010146321819908995,0.0043019986238785266,0.06558962283683697,7.961791520354187e-08,0.6343152622310645,0.4023558518992641,0.0
11,MRL Great Falls (F00548),0.0,0.0,0.0,0.0005597461131053424,0.0016658594514916457,0.04081494152258025,4.622906093960166e-09,0.37019760924460215,0.13704626989041915,0.0
11,Marathon Dickinson Refinery (F00313),0.0,0.0,0.0,0.000741679376544109,0.002454592628408782,0.049543845514945464,1.478898188087232e-08,0.1666007004861583,0.027755793402478628,0.0
11,Phillips 66 Rodeo (82191),0.0,0.0,0.0,0.0010152200509414339,0.0043019986238785266,0.06558962283683697,7.961791520354187e-08,0.6341434649810009,0.40213793417810995,0.0
11,"REG Geismar, LLC (80180)",0.0,0.0,0.0,0.0022559767692559417,0.003526680000938291,0.059385856910027755,4.386298316163157e-08,0.057039362105362174,0.0032534888293866263,0.0
11,RENEWABLE DIESEL UNIT (RDU) / PRE-TREATMENT UNIT (PTU) (82381),0.0,0.0,0.0,0.002407144033438152,0.008720333333922603,0.09338272502943253,6.631308894411348e-07,0.4510250569476082,0.20342360199459322,0.0
11,St Bernard Renewables LLC (82901),0.0,0.0,0.0,0.0024171240417801038,0.003745190600564807,0.06119796238899467,5.25317385662178e-08,0.034013454408205857,0.0011569150807790984,0.0
11,Vertex Renewables Mobile Site (83101),0.0,0.0,0.0,0.004774148844419616,0.01596992563722871,0.12637217113442623,4.072946276620578e-06,0.21033946175718027,0.0442426891723003,0.0
11,sinclair_wy,0.0,0.0,0.0,0.0011070029123750585,0.0043019986238785266,0.06558962283683697,7.961791520354187e-08,0.3338669545959376,0.11146714337116588,0.0
11,wynnewood_ok,0.0,0.0,0.0,0.003950976658237182,0.027057425419118368,0.1644914144237272,1.980885669296208e-05,0.3616025248425636,0.13075638597251682,0.0
12,"AltAir Paramount, LLC (83180)",0.0,0.0,1.0,0.02477279084812405,0.06564820105083718,0.25621904896169834,0.0002829231527679473,0.7483440970850597,0.5600188876420532,0.0
12,Chevron El Segundo (01013),0.0,0.0,1.0,0.024772898183757438,0.06564847299740678,0.256219579652701,0.00028292666879572997,0.7507589715594173,0.563639033376954,0.0
12,Cheyenne Renewable Diesel Company LLC (F00494),0.0,0.0,1.0,0.024186172209977482,0.09888109702698851,0.3144536484555212,0.0009668070931648487,0.4535358100929225,0.20569473103664346,0.0
12,DIAMOND GREEN DIESEL - PORT ARTHUR (82621),0.0,0.0,1.0,0.018248045064342355,0.039218311592802556,0.1980361370881652,6.032074241700952e-05,0.34550833637499123,0.11937601050461409,0.0
12,Diamond Green Diesel LLC (81496),0.0,0.0,0.0,0.0028777386002664766,0.004191613246058618,0.06474266943877599,7.364505864580253e-08,0.00882432351352973,7.786868547143366e-05,0.0
12,"Jaxon Energy, LLC (83608)",0.0,0.0,1.0,0.008022012022515672,0.03691897985174021,0.19214312335272427,5.032097835261047e-05,0.2677732940184567,0.07170253698949484,0.0
12,MARTINEZ REFINERY (90001),0.0,0.0,1.0,0.020543035307978498,0.08710162282828533,0.29512984062660513,0.0006608132460103528,0.7947616826515616,0.6316461322111414,0.0
12,MRL Great Falls (F00548),0.0,0.0,0.0,0.003739303528906213,0.011128534847819786,0.10549187100350332,1.3782054731438582e-06,0.4553288969121445,0.20732440436323032,0.0
12,Marathon Dickinson Refinery (F00313),0.0,0.0,0.0,0.002634072584704965,0.008717480023830694,0.09336744627454846,6.62480169239463e-07,0.20212413039448135,0.0408541640877253,0.0
12,Phillips 66 Rodeo (82191),0.0,0.0,1.0,0.0205549377617166,0.0871016228282855,0.29512984062660536,0.0006608132460103568,0.794640859213633,0.631454095131781,0.0
12,"REG Geismar, LLC (80180)",0.0,0.0,0.0,0.004656381051685967,0.00727913786858054,0.08531786371317873,3.85691293474925e-07,0.06489101944173185,0.004210844404187221,0.0
12,RENEWABLE DIESEL UNIT (RDU) / PRE-TREATMENT UNIT (PTU) (82381),0.0,0.0,1.0,0.04248658300004621,0.1539156613950462,0.3923208653577403,0.003646266762540978,0.675526684561001,0.4563363015539781,0.0
12,St Bernard Renewables LLC (82901),0.0,0.0,0.0,0.0026604336497233943,0.004122184433295556,0.06420423999468848,7.004582532283518e-08,0.034586976501655355,0.0011962589435260598,0.0
12,Vertex Renewables Mobile Site (83101),0.0,0.0,0.0,0.003531074193826673,0.011811737365680025,0.10868181708860054,1.6479398109165256e-06,0.19888928597596442,0.039556948076028955,0.0
12,sinclair_wy,0.0,0.0,1.0,0.02241324523171871,0.08710162282828542,0.29512984062660524,0.0006608132460103546,0.5280577752430264,0.27884501399461464,0.0
12,wynnewood_ok,0.0,1.0,1.0,0.06966365014335818,0.4770767284204782,0.6907074115864678,0.10858371524745614,0.7342385628984801,0.5391062672472253,0.0
13,"AltAir Paramount, LLC (83180)",0.0,0.0,0.0,0.007016954188535791,0.018595015077535967,0.13636354013274943,6.429683635148567e-06,0.6702233131526442,0.44919928949330734,0.0
13,Chevron El Segundo (01013),0.0,0.0,0.0,0.007016955523998693,0.01859501507753595,0.13636354013274937,6.429683635148555e-06,0.6730599883288146,0.4530097478891841,0.0
13,Cheyenne Renewable Diesel Company LLC (F00494),0.0,0.0,1.0,0.010929546949111342,0.04468361437905726,0.21138499090299023,8.92164391638699e-05,0.38189457034821933,0.14584346286145106,0.0
13,DIAMOND GREEN DIESEL - PORT ARTHUR (82621),0.0,0.0,0.0,0.0025508748139052495,0.0054822860713695685,0.0740424612730396,1.6477263284236797e-07,0.2472089132686158,0.06111224679945001,0.0
13,Diamond Green Diesel LLC (81496),0.0,0.0,0.0,0.0014818775847688403,0.002158450983970277,0.046459132406560036,1.0056030277158672e-08,0.007877732450352408,6.205866855933536e-05,0.0
13,"Jaxon Energy, LLC (83608)",0.0,0.0,0.0,0.004657916195823602,0.02143670611587768,0.1464127935526048,9.850860347097715e-06,0.2389429466878887,0.057093731771891226,0.0
13,MARTINEZ REFINERY (90001),0.0,0.0,1.0,0.009283202684365489,0.039360396685785365,0.1983945480243481,6.097873352286174e-05,0.7449998040803532,0.5550247080797646,0.0
13,MRL Great Falls (F00548),0.0,0.0,0.0,0.004022361074600104,0.011970941926261537,0.1094117997578942,1.7154772849885452e-06,0.4593878445411364,0.2110371917121513,0.0
13,Marathon Dickinson Refinery (F00313),0.0,0.0,0.0,0.0046682922307558754,0.015449742920268308,0.12429699481591786,3.6877695313392856e-06,0.2236575741053643,0.05002271045469652,0.0
13,Phillips 66 Rodeo (82191),0.0,0.0,1.0,0.009288581290245058,0.039360396685785365,0.1983945480243481,6.097873352286174e-05,0.7448590903462536,0.5548150644714485,0.0
13,"REG Geismar, LLC (80180)",0.0,0.0,0.0,0.0017006391150000432,0.002658542427128874,0.051561055333738795,1.8790173342741576e-08,0.05446933924097622,0.0029669089173485516,0.0
13,RENEWABLE DIESEL UNIT (RDU) / PRE-TREATMENT UNIT (PTU) (82381),0.0,0.0,0.0,0.005179624278730575,0.018764166010662435,0.13698235656705002,6.606748880230322e-06,0.4949307097006419,0.24495640740478106,0.0
13,St Bernard Renewables LLC (82901),0.0,0.0,0.0,0.001401438464403603,0.002171445930548501,0.04659877606277338,1.0238752840658181e-08,0.031084121912172233,0.0009662226350507859,0.0
13,Vertex Renewables Mobile Site (83101),0.0,0.0,0.0,0.0020663706304417865,0.006912181916087801,0.08313953281133953,3.302520167435525e-07,0.1813516327018951,0.03288841468364307,0.0
13,sinclair_wy,0.0,0.0,1.0,0.010128332798981463,0.039360396685785365,0.1983945480243481,6.097873352286174e-05,0.45775056191165925,0.20953557693043978,0.0
13,wynnewood_ok,0.0,0.0,1.0,0.00849283487041399,0.058161377801113676,0.24116670126929562,0.00019674516041784444,0.41820072001023506,0.174891842217079,0.0
14,"AltAir Paramount, LLC (83180)",0.0,0.0,1.0,0.043023531921104446,0.11401288981889816,0.337657947957542,0.0014820466050837653,0.788566394726079,0.6218369588912863,0.0
14,Chevron El Segundo (01013),0.0,0.0,1.0,0.043023361885766075,0.1140124175243746,0.3376572485885274,0.0014820281871768901,0.7907026793072388,0.6252107270636461,0.0
14,Cheyenne Renewable Diesel Company LLC (F00494),0.0,0.0,1.0,0.01259416507461843,0.05148912560059931,0.2269121539287821,0.00013650436839130346,0.3929732772271521,0.15442799661464812,0.0
14,DIAMOND GREEN DIESEL - PORT ARTHUR (82621),0.0,0.0,1.0,0.032849795657968,0.0706000844107687,0.2657067639537404,0.0003518970782024866,0.392091255330812,0.15373555250689203,0.0
14,Diamond Green Diesel LLC (81496),0.0,0.0,0.0,0.004935951822707188,0.007189534532445298,0.08479112295780318,3.7162277510149244e-07,0.009779621881218238,9.564100413960255e-05,0.0
14,"Jaxon Energy, LLC (83608)",0.0,0.0,1.0,0.013759564154822962,0.06332439671928244,0.25164339196426844,0.00025392951495456056,0.304202502240485,0.09253916236937229,0.0
14,MARTINEZ REFINERY (90001),0.0,0.0,1.0,0.010697119641596942,0.045355346296345606,0.2129679466406755,9.33008202039223e-05,0.7534192111171542,0.5676405076803949,0.0
14,MRL Great Falls (F00548),0.0,0.0,0.0,0.0019471291522253859,0.005794847745372608,0.0761238973343628,1.9459249622189563e-07,0.4219863200280405,0.1780724542908078,0.0
14,Marathon Dickinson Refinery (F00313),0.0,0.0,0.0,0.0013716079031561657,0.0045393451060238895,0.06737466219599093,9.353617460311415e-08,0.18212892464826058,0.03317094519353178,0.0
14,Phillips 66 Rodeo (82191),0.0,0.0,1.0,0.01070331745850938,0.045355346296345606,0.2129679466406755,9.33008202039223e-05,0.7532816047747812,0.5674331760920697,0.0
14,"REG Geismar, LLC (80180)",0.0,0.0,0.0,0.007986713086852403,0.012485315319059909,0.11173770768661719,1.946249639137267e-06,0.07230112478157985,0.00522745264468158,0.0
14,RENEWABLE DIESEL UNIT (RDU) / PRE-TREATMENT UNIT (PTU) (82381),0.0,1.0,1.0,0.06978792030883364,0.2528199057972543,0.5028119984619045,0.016159718662034885,0.7391276329211613,0.5463096577476391,0.0
14,St Bernard Renewables LLC (82901),0.0,0.0,0.0,0.004563226250406389,0.007070448916095536,0.08408596146858009,3.534605643528807e-07,0.03821149724187205,0.0014601185214655951,0.0
14,Vertex Renewables Mobile Site (83101),0.0,0.0,0.0,0.004726939292256711,0.015812005752034997,0.12574579814862602,3.953310181689619e-06,0.20994122832562678,0.04407531935087296,0.0
14,sinclair_wy,0.0,0.0,1.0,0.011670970828104947,0.045355346296345606,0.2129679466406755,9.33008202039223e-05,0.46889291937835625,0.2198605698431577,0.0
14,wynnewood_ok,1.0,1.0,1.0,0.11454671608216535,0.7844488832745866,0.8856911895658591,0.48271850440356995,0.8938666261010663,0.7989975452573034,0.0
15,"AltAir Paramount, LLC (83180)",0.0,0.0,0.0,0.006952374419119122,0.018423877892691762,0.13573458620665466,6.253787784150749e-06,0.6697108671792251,0.44851264561794973,0.0
15,Chevron El Segundo (01013),0.0,0.0,0.0,0.0069523757422912365,0.018423877892691745,0.13573458620665457,6.253787784150738e-06,0.672549796724153,0.4523232290736996,0.0
15,Cheyenne Renewable Diesel Company LLC (F00494),0.0,0.0,1.0,0.010828958060707959,0.04427237362761877,0.21041001313535146,8.67757589717781e-05,0.38119366313577085,0.14530860881486754,0.0
15,DIAMOND GREEN DIESEL - PORT ARTHUR (82621),0.0,0.0,0.0,0.002527398116912994,0.005431830451900982,0.0737009528561265,1.6026497366042602e-07,0.24687885637924012,0.06094916972712147,0.0
15,Diamond Green Diesel LLC (81496),0.0,0.0,0.0,0.0014682392867043544,0.00213858591672077,0.04624484746132017,9.78092902745e-09,0.007865977541250253,6.187360267945338e-05,0.0
15,"Jaxon Energy, LLC (83608)",0.0,0.0,0.0,0.004615047574224227,0.021239415738768162,0.14573748913292064,9.581371899121613e-06,0.23850618954181993,0.05688520244975853,0.0
15,MARTINEZ REFINERY (90001),0.0,0.0,1.0,0.009197765745104296,0.03899814758541794,0.19747948649269356,5.931054783373411e-05,0.7444572279548617,0.5542165642542369,0.0
15,MRL Great Falls (F00548),0.0,0.0,0.0,0.0040619447938978455,0.01208874696567755,0.1099488379460081,1.7666229250069366e-06,0.4599380848875445,0.2115430419300221,0.0
15,Marathon Dickinson Refinery (F00313),0.0,0.0,0.0,0.004714212976050725,0.015601717919784923,0.1249068369617329,3.7976703570000674e-06,0.22406589314383105,0.05020552447034271,0.0
15,Phillips 66 Rodeo (82191),0.0,0.0,1.0,0.009203094849573688,0.03899814758541794,0.19747948649269356,5.931054783373411e-05,0.7443163175725419,0.5540067806047491,0.0
15,"REG Geismar, LLC (80180)",0.0,0.0,0.0,0.0016849874691496122,0.002634074823049471,0.051323238625884386,1.8276133505314664e-08,0.054389155014203244,0.00295818018315903,0.0
15,RENEWABLE DIESEL UNIT (RDU) / PRE-TREATMENT UNIT (PTU) (82381),0.0,0.0,0.0,0.005131954173924718,0.018591472063729665,0.13635054845408456,6.42600908297744e-06,0.4943500597635319,0.24438198158820756,0.0
15,St Bernard Renewables LLC (82901),0.0,0.0,0.0,0.0013885404789741557,0.0021514612657312937,0.04638384703462288,9.95865287831806e-09,0.03103877821246649,0.0009634057529226843,0.0
15,Vertex Renewables Mobile Site (83101),0.0,0.0,0.0,0.002047353014641853,0.006848566406806534,0.08275606567984327,3.2121736390133525e-07,0.1810761046766887,0.03278855568488312,0.0
15,sinclair_wy,0.0,0.0,1.0,0.01003511779726432,0.03899814758541794,0.19747948649269356,5.931054783373411e-05,0.45704223155077806,0.20888760142091503,0.0
15,wynnewood_ok,0.0,0.0,1.0,0.00841467199477184,0.05762609593002945,0.2400543603645421,0.00019136283379259404,0.41741135042659877,0.17423223546495684,0.0
16,"AltAir Paramount, LLC (83180)",0.0,0.0,0.0,0.0010515965321449727,0.0027867437702056136,0.05278961801534098,2.1641687257828404e-08,0.5792392371928483,0.3355180939037528,0.0
16,Chevron El Segundo (01013),0.0,0.0,0.0,0.0010515967322842522,0.002786743770205611,0.05278961801534096,2.1641687257828328e-08,0.5823708694729028,0.33915582961062485,0.0
16,Cheyenne Renewable Diesel Company LLC (F00494),0.0,0.0,0.0,0.0008957889531844199,0.0036622824656393016,0.060516794905540905,4.9119678203994686e-08,0.25502692598201854,0.06503873297583797,0.0
16,DIAMOND GREEN DIESEL - PORT ARTHUR (82621),0.0,0.0,0.0,0.002813562450788171,0.006046848771567102,0.07776148642848273,2.2109927668642969e-07,0.25076282771820035,0.06288199576522784,0.0
16,Diamond Green Diesel LLC (81496),0.0,0.0,0.0,0.002580927497637236,0.0037592885904270106,0.06131303768715925,5.3127208836550865e-08,0.008653774019261009,7.488780477643683e-05,0.0
16,"Jaxon Energy, LLC (83608)",0.0,0.0,0.0,0.007015443495998117,0.032286540627566154,0.1796845586787194,3.3656158465453275e-05,0.2600350894423636,0.06761824774129803,0.0
16,MARTINEZ REFINERY (90001),0.0,0.0,0.0,0.0007608572342081156,0.0032260033070394896,0.05679791639699021,3.3573330425939754e-08,0.6222938344675222,0.3872496164162919,0.0
16,MRL Great Falls (F00548),0.0,0.0,0.0,0.0003596045248327538,0.0010702184123591505,0.032714192827565686,1.2257933340700958e-09,0.354744781699517,0.12584386014303797,0.0
16,Marathon Dickinson Refinery (F00313),0.0,0.0,0.0,0.00047648613100811856,0.0015769338904382923,0.039710626920741156,3.921393824317857e-09,0.1569690724104598,0.02463928969340017,0.0
16,Phillips 66 Rodeo (82191),0.0,0.0,0.0,0.000761298068188862,0.0032260033070394896,0.05679791639699021,3.3573330425939754e-08,0.6221197540509205,0.38703298838037775,0.0
16,"REG Geismar, LLC (80180)",0.0,0.0,0.0,0.0025613894962439286,0.004004119738341173,0.06327811421290282,6.419795117722557e-08,0.05827478648242605,0.003395950739572346,0.0
16,RENEWABLE DIESEL UNIT (RDU) / PRE-TREATMENT UNIT (PTU) (82381),0.0,0.0,0.0,0.002733033011798779,0.00990092763226091,0.0995034051289749,9.705717772713708e-07,0.4577535567767725,0.20953831874178588,0.0
16,St Bernard Renewables LLC (82901),0.0,0.0,0.0,0.00323999409735091,0.005020179034894562,0.0708532217679236,1.2651954373560196e-07,0.03582836303942086,0.0012836715980845386,0.0
16,Vertex Renewables Mobile Site (83101),0.0,0.0,0.0,0.0063994291597888235,0.021406623700473377,0.1463100259738661,9.809446986569754e-06,0.22279956347640953,0.04963964548527864,0.0
16,sinclair_wy,0.0,0.0,0.0,0.0008301246393716008,0.0032260033070394896,0.05679791639699021,3.3573330425939754e-08,0.32251767697646283,0.10401765196229402,0.0
16,wynnewood_ok,0.0,0.0,0.0,0.004485875994875772,0.030720570043792514,0.17527284457037978,2.899264316039494e-05,0.3699088316739674,0.13683254375039952,0.0
17,"AltAir Paramount, LLC (83180)",0.0,0.0,1.0,0.0237826175813602,0.06302422969088038,0.2510462700198519,0.0002503356139012642,0.7455340101642859,0.5558209603116415,0.0
17,Chevron El Segundo (01013),0.0,0.0,1.0,0.02378262210765503,0.06302422969088033,0.2510462700198518,0.0002503356139012637,0.747966481696069,0.559453857740796,0.0
17,Cheyenne Renewable Diesel Company LLC (F00494),0.0,0.0,1.0,0.03359031850740232,0.13732836741018928,0.37057842275311886,0.00258988673531094,0.49167631823446306,0.241745601912597,0.0
17,DIAMOND GREEN DIESEL - PORT ARTHUR (82621),0.0,0.0,0.0,0.013246163523815233,0.028468373826044325,0.16872573551786438,2.3072145407352668e-05,0.3245003172526471,0.10530045589706863,0.0
17,Diamond Green Diesel LLC (81496),0.0,0.0,0.0,0.002032243736691378,0.0029600950430822472,0.0544067554912278,2.5936834268623856e-08,0.008301495412164378,6.891482607818621e-05,0.0
17,"Jaxon Energy, LLC (83608)",0.0,0.0,0.0,0.005665102343524459,0.0260719877621222,0.1614682252398973,1.7722395769197356e-05,0.24858057842069503,0.06179230396796731,0.0
17,MARTINEZ REFINERY (90001),0.0,0.0,1.0,0.028530645242786572,0.12096875966618527,0.347805634897115,0.0017701891850602836,0.8173366372421986,0.6680391785783854,0.0
17,MRL Great Falls (F00548),0.0,0.0,0.0,0.0051932532256633536,0.015455632057837334,0.12432068234142432,3.691988254261897e-06,0.4741882134898488,0.22485446181269442,0.0
17,Marathon Dickinson Refinery (F00313),0.0,0.0,0.0,0.0036582612710975414,0.012107039015524434,0.1100319908732203,1.7746545457205086e-06,0.21394689706659112,0.045773274764422535,0.0
17,Phillips 66 Rodeo (82191),0.0,0.0,1.0,0.028547175647375196,0.12096875966618527,0.347805634897115,0.0017701891850602836,0.8172260473332398,0.6678584124399106,0.0
17,"REG Geismar, LLC (80180)",0.0,0.0,0.0,0.0032883116024023085,0.005140488556037033,0.07169720047559063,1.3583547004589779e-07,0.06086885277362382,0.003705017237977092,0.0
17,RENEWABLE DIESEL UNIT (RDU) / PRE-TREATMENT UNIT (PTU) (82381),0.0,0.0,1.0,0.039495941873801704,0.1430814997741729,0.3782611528748001,0.0029292096166969807,0.6670842001408643,0.44500133007757675,0.0
17,St Bernard Renewables LLC (82901),0.0,0.0,0.0,0.001878784133149793,0.0029110647837422964,0.053954284201926876,2.4669230984594977e-08,0.032593664234197815,0.0010623469482116258,0.0
17,Vertex Renewables Mobile Site (83101),0.0,0.0,0.0,0.0024936258677325054,0.008341386281097242,0.09133119007818326,5.803830229259435e-07,0.18713985928879,0.03502132693462812,0.0
17,sinclair_wy,0.0,0.0,1.0,0.0311280362837807,0.1209687596661851,0.3478056348971148,0.0017701891850602789,0.5638703519014929,0.31794977375351346,0.0
17,wynnewood_ok,0.0,1.0,1.0,0.06476000851318021,0.4434951790549544,0.6659543370644525,0.08723016817833827,0.7154851260107095,0.5119189655425608,0.0
18,"AltAir Paramount, LLC (83180)",0.0,0.0,1.0,0.015823513255498814,0.0419325051382427,0.20477427850744023,7.373139088420538e-05,0.7185806489554083,0.5163581490531758,0.0
18,Chevron El Segundo (01013),0.0,0.0,1.0,0.01582345071864257,0.041932331434264405,0.20477385437175422,7.373047459865382e-05,0.72117414848561,0.5200921524439447,0.0
18,Cheyenne Renewable Diesel Company LLC (F00494),0.0,0.0,1.0,0.024646464828638345,0.10076292597831946,0.3174317658620817,0.001023062840229782,0.45556417067367927,0.20753871360159717,0.0
18,DIAMOND GREEN DIESEL - PORT ARTHUR (82621),0.0,0.0,0.0,0.004791057500220302,0.01029683920881117,0.10147334235557223,1.0917213236663227e-06,0.2719988506292541,0.07398337474363528,0.0
18,Diamond Green Diesel LLC (81496),0.0,0.0,0.0,0.0009567054960813936,0.001393503714889363,0.037329662667768146,2.7059788166200452e-09,0.007357396509645092,5.413128340013778e-05,0.0
18,"Jaxon Energy, LLC (83608)",0.0,0.0,0.0,0.003007167441247253,0.013839614533437282,0.11764189106537383,2.6507696068970623e-06,0.21988689986334362,0.0483502487315121,0.0
18,MARTINEZ REFINERY (90001),0.0,0.0,1.0,0.02093399454845112,0.08875927389076749,0.2979249467412346,0.0006992640839153869,0.7960236272669546,0.6336536151672395,0.0
18,MRL Great Falls (F00548),0.0,0.0,0.0,0.006179392626552397,0.018390479845070043,0.13561150336557015,6.219839571138807e-06,0.4848172494162535,0.23504776533154173,0.0
18,Marathon Dickinson Refinery (F00313),0.0,0.0,0.0,0.005956793776250541,0.019714047005412887,0.14040671994392892,7.661739171278932e-06,0.23428863637465241,0.0548911651342941,0.0
18,Phillips 66 Rodeo (82191),0.0,0.0,1.0,0.020946123520529988,0.08875927389076749,0.2979249467412346,0.0006992640839153869,0.7959033559539898,0.6334621520188233,0.0
18,"REG Geismar, LLC (80180)",0.0,0.0,0.0,0.0012869800641449904,0.0020118854571908452,0.04485404616298116,8.143474749834272e-09,0.052151745674785345,0.002719804576927492,0.0
18,RENEWABLE DIESEL UNIT (RDU) / PRE-TREATMENT UNIT (PTU) (82381),0.0,0.0,1.0,0.01165850753374202,0.042235142749255224,0.20551190415461393,7.53393552367764e-05,0.5518019075155361,0.3044853451377843,0.0
18,St Bernard Renewables LLC (82901),0.0,0.0,0.0,0.0009047737107947038,0.00140189329911714,0.03744186559343885,2.755147660837963e-09,0.029074052760847367,0.0008453005439405364,0.0
18,Vertex Renewables Mobile Site (83101),0.0,0.0,0.0,0.001334056307622207,0.0044625294943422605,0.06680216683867568,8.886756869497082e-08,0.16916959248785207,0.028618351022505935,0.0
18,sinclair_wy,0.0,0.0,1.0,0.022839796868365857,0.0887592738907674,0.2979249467412345,0.0006992640839153851,0.5299897979938466,0.28088918597755835,0.0
18,wynnewood_ok,0.0,0.0,1.0,0.019116094943228537,0.1309125206176153,0.3618183530690715,0.0022435903057756793,0.5014028707550716,0.25140483880142706,0.0
19,"AltAir Paramount, LLC (83180)",0.0,0.0,1.0,0.0221874560318122,0.05879703192558612,0.24248099291611727,0.00020326668773635876,0.740799347044935,0.5487836725822021,0.0
19,Chevron El Segundo (01013),0.0,0.0,1.0,0.022187460254516792,0.05879703192558617,0.24248099291611738,0.0002032666877363595,0.7432614919448669,0.5524376454081095,0.0
19,Cheyenne Renewable Diesel Company LLC (F00494),0.0,0.0,1.0,0.03455898896664122,0.14128861365484577,0.37588377679123874,0.0028204700432439256,0.495281461641109,0.2453037262453533,0.0
19,DIAMOND GREEN DIESEL - PORT ARTHUR (82621),0.0,0.0,0.0,0.005563504489377676,0.0119569659019928,0.10934791219768579,1.7094758595738857e-06,0.278624799833656,0.07763177908234488,0.0
19,Diamond Green Diesel LLC (81496),0.0,0.0,0.0,0.0009236165540315623,0.001345307520912156,0.036678434002996314,2.434807945669788e-09,0.0073185113677642155,5.356060864009405e-05,0.0
19,"Jaxon Energy, LLC (83608)",0.0,0.0,0.0,0.0025746931262962793,0.0118492771373755,0.108854385016753,1.663702125044909e-06,0.21383552672154787,0.04572563248828181,0.0
19,MARTINEZ REFINERY (90001),0.0,0.0,1.0,0.029353405920796247,0.12445723102300127,0.35278496428136114,0.0019277930186153392,0.8193510830007276,0.6713361972144651,0.0
19,MRL Great Falls (F00548),0.0,0.0,0.0,0.006764101890828039,0.020130632088137056,0.14188245870486266,8.157784619514464e-06,0.49053504257893404,0.24062462799791665,0.0
19,Marathon Dickinson Refinery (F00313),0.0,0.0,0.0,0.0047648272500608905,0.015769226182528462,0.12557557956278148,3.9213097325952475e-06,0.22451306744286864,0.050406117452606085,0.0
19,Phillips 66 Rodeo (82191),0.0,0.0,1.0,0.02937029135973743,0.12445671546314913,0.35278423358073857,0.0019277690612632815,0.8192411485901349,0.6711560595432834,0.0
19,"REG Geismar, LLC (80180)",0.0,0.0,0.0,0.0014944819645673478,0.0023362650396178282,0.04833492567096621,1.2751648429193662e-08,0.05336967031373976,0.002848321709397275,0.0
19,RENEWABLE DIESEL UNIT (RDU) / PRE-TREATMENT UNIT (PTU) (82381),0.0,0.0,1.0,0.01856145175908324,0.06724236034581631,0.2593113193553577,0.00030403868745898245,0.590709932217527,0.34893822402043534,0.0
19,St Bernard Renewables LLC (82901),0.0,0.0,0.0,0.0008538755877807912,0.001323029670853482,0.03637347482511785,2.3158410717600796e-09,0.028827389540632523,0.0008310183877273694,0.0
19,Vertex Renewables Mobile Site (83101),0.0,0.0,0.0,0.0011903755219803795,0.0039819052957732,0.06310233985973263,6.313537729242855e-08,0.16626104217369728,0.027642734144683944,0.0
19,sinclair_wy,0.0,0.0,1.0,0.032025567306697075,0.12445671546314901,0.35278423358073846,0.0019277690612632763,0.5671994163156301,0.32171517786879145,0.0
19,wynnewood_ok,0.0,1.0,1.0,0.030434513443836797,0.2084243084445818,0.4565351119515144,0.009054096261528092,0.5659435851983667,0.320292141627181,0.0
20,"AltAir Paramount, LLC (83180)",0.0,0.0,0.0,0.0008207244280995991,0.0021749298491855595,0.04663614316370469,1.0288113835520367e-08,0.5691488479049364,0.3239304110715164,0.0
20,Chevron El Segundo (01013),0.0,0.0,0.0,0.000820724584299427,0.0021749298491855616,0.04663614316370471,1.0288113835520403e-08,0.572300127849743,0.32752743633683223,0.0
20,Cheyenne Renewable Diesel Company LLC (F00494),0.0,0.0,0.0,0.0012783532467480607,0.005226332233519579,0.07229337613861715,1.427549058712693e-07,0.26766817963719886,0.07164625439029175,0.0
20,DIAMOND GREEN DIESEL - PORT ARTHUR (82621),0.0,0.0,0.0,0.001577568053244597,0.003390475815510447,0.05822779246640256,3.897462566088262e-08,0.23114761718874702,0.05342922093203554,0.0
20,Diamond Green Diesel LLC (81496),0.0,0.0,0.0,0.0013944072260766223,0.002031044723339847,0.04506711354568702,8.378349249285141e-09,0.0078010215718203185,6.085593756400595e-05,0.0
20,"Jaxon Energy, LLC (83608)",0.0,0.0,0.0,0.003933568112386807,0.01810310449286946,0.13454777773292825,5.9327927120934676e-06,0.23120329104156512,0.05345496178845067,0.0
20,MARTINEZ REFINERY (90001),0.0,0.0,0.0,0.0010857962829347952,0.004603731478172062,0.06785080307683956,9.757306643654431e-08,0.6372142788916191,0.4060420372233661,0.0
20,MRL Great Falls (F00548),0.0,0.0,0.0,0.0006128071180509704,0.0018237742177129597,0.04270566962023848,6.066150986187512e-09,0.3735279800547187,0.13952315188375833,0.0
20,Marathon Dickinson Refinery (F00313),0.0,0.0,0.0,0.0008119867036437973,0.0026872751759890387,0.051838934942657136,1.9406017599745683e-08,0.16871969041169843,0.028466333932619364,0.0
20,Phillips 66 Rodeo (82191),0.0,0.0,0.0,0.001086425383738685,0.004603731478172062,0.06785080307683956,9.757306643654431e-08,0.637043064278575,0.4058238657454367,0.0
20,"REG Geismar, LLC (80180)",0.0,0.0,0.0,0.0014361743561294494,0.002245115042249594,0.047382644947803344,1.1316595661579383e-08,0.05303989714254107,0.0028132306888913367,0.0
20,RENEWABLE DIESEL UNIT (RDU) / PRE-TREATMENT UNIT (PTU) (82381),0.0,0.0,0.0,0.0015324087461565858,0.005551439749626084,0.0745079844689553,1.7108695317999198e-07,0.4286169367720519,0.18371247848785716,0.0
20,St Bernard Renewables LLC (82901),0.0,0.0,0.0,0.0017504835707038246,0.0027122706580730385,0.05207946484050156,1.995258074893992e-08,0.032216138187777785,0.001037879559733994,0.0
20,Vertex Renewables Mobile Site (83101),0.0,0.0,0.0,0.003457443214249183,0.011565435604514101,0.10754271525544676,1.5469845790070065e-06,0.1981357137803002,0.03925776107522905,0.0
20,sinclair_wy,0.0,0.0,0.0,0.001184645696035701,0.004603731478172062,0.06785080307683956,9.757306643654431e-08,0.3366569723648564,0.1133379170418717,0.0
20,wynnewood_ok,0.0,0.0,0.0,0.002515236389492762,0.017225062790048883,0.13124428669488392,5.110724155368979e-06,0.3348588749616693,0.11213046614059485,0.0
21,"AltAir Paramount, LLC (83180)",0.0,0.0,0.0,0.01214066920455295,0.032172923015355556,0.17936812151370587,3.3302095301427124e-05,0.7020766807582751,0.49291166566455696,0.0
21,Chevron El Segundo (01013),0.0,0.0,0.0,0.012140671515158507,0.03217292301535553,0.1793681215137058,3.330209530142701e-05,0.7047600575811982,0.4966867387618538,0.0
21,Cheyenne Renewable Diesel Company LLC (F00494),0.0,0.0,0.0,0.0009625251604808603,0.003935122224308112,0.06273055255860666,6.093610319741585e-08,0.2574839689738199,0.06629799427851106,0.0
21,DIAMOND GREEN DIESEL - PORT ARTHUR (82621),0.0,1.0,1.0,0.15955598550860067,0.3429143414600892,0.5855888843378853,0.04032338162485523,0.615001996769406,0.3782274560303565,0.0
21,Diamond Green Diesel LLC (81496),0.0,0.0,1.0,0.051733597120596164,0.0753533454834539,0.27450563834546987,0.0004278658410814415,0.018502152766202356,0.0003423296569838895,0.0
21,"Jaxon Energy, LLC (83608)",1.0,1.0,1.0,0.16513020049323812,0.759963775647878,0.8717590123697477,0.4389132334344198,0.8146540270042713,0.663661183714276,0.0
21,MARTINEZ REFINERY (90001),0.0,0.0,0.0,0.004337617142350497,0.018391317867218128,0.13561459312042393,6.220689891666164e-06,0.7028453328519437,0.4939915619117596,0.0
21,MRL Great Falls (F00548),0.0,0.0,0.0,0.00014585551381784533,0.00043408034563680996,0.02083459492375146,8.179191315377814e-11,0.32691495319193375,0.10687338662048423,0.0
21,Marathon Dickinson Refinery (F00313),0.0,0.0,0.0,0.0001027448045620472,0.0003400345861852388,0.018440026740361274,3.931599570921046e-11,0.13075832678828583,0.01709774002447215,0.0
21,Phillips 66 Rodeo (82191),0.0,0.0,0.0,0.004021911981420865,0.017042866512918444,0.13054833018050613,4.950259059903545e-06,0.6987318758962637,0.4882262343935117,0.0
21,"REG Geismar, LLC (80180)",0.0,0.0,1.0,0.08417485539325473,0.13158724998536783,0.3627495692421534,0.002278460124497525,0.1441574832881157,0.020781379987963356,0.0
21,RENEWABLE DIESEL UNIT (RDU) / PRE-TREATMENT UNIT (PTU) (82381),0.0,0.0,1.0,0.049013685925377824,0.1775613229853149,0.4213802593683227,0.00559815754961963,0.6926911326696854,0.47982100527921173,0.0
21,St Bernard Renewables LLC (82901),0.0,0.0,1.0,0.04892560221438461,0.0758073240649003,0.27533129873826606,0.000435645768519328,0.07086221765975034,0.005021453891657833,0.0
21,Vertex Renewables Mobile Site (83101),0.0,1.0,1.0,0.05672857252357926,0.1897618013662562,0.4356165760921595,0.006833235415446288,0.39869369207342653,0.15895666009914025,0.0
21,sinclair_wy,0.0,0.0,0.0,0.0010126013951126437,0.003935138525485796,0.06273068248860199,6.093686048090321e-08,0.3302679857881163,0.10907694243653938,0.0
21,wynnewood_ok,0.0,1.0,1.0,0.06412679597333844,0.43915875731591436,0.6626905441576139,0.08469633980355928,0.7130334540054375,0.5084167065309243,0.0
22,"AltAir Paramount, LLC (83180)",0.0,0.0,0.0,0.009434832996460281,0.025002423716809465,0.15812154728818417,1.562954490961221e-05,0.6870581190129278,0.47204885890158244,0.0
22,Chevron El Segundo (01013),0.0,0.0,0.0,0.009434834792092556,0.02500242371680943,0.15812154728818406,1.5629544909612155e-05,0.6898170031855065,0.4758474978838331,0.0
22,Cheyenne Renewable Diesel Company LLC (F00494),0.0,0.0,1.0,0.014695613997353878,0.06008054606276502,0.24511333309872196,0.00021687106578069883,0.40578738393019703,0.16466340095691312,0.0
22,DIAMOND GREEN DIESEL - PORT ARTHUR (82621),0.0,0.0,0.0,0.002862017331482331,0.006150986973909059,0.07842822817014967,2.3272038243545524e-07,0.2513924352876969,0.06319815651987887,0.0
22,Diamond Green Diesel LLC (81496),0.0,0.0,0.0,0.0007266219261836969,0.0010583720461567218,0.03253263048320443,1.1855369166138348e-09,0.007064061661345306,4.99009671552886e-05,0.0
22,"Jaxon Energy, LLC (83608)",0.0,0.0,0.0,0.002283966026219596,0.010511290118662458,0.10252458299677428,1.1613632233902748e-06,0.20938876810343837,0.04384365620787549,0.0
22,MARTINEZ REFINERY (90001),0.0,0.0,1.0,0.01248202959108695,0.052923290900060115,0.23005062681953317,0.00014823150756490436,0.7628028037398801,0.581868117393422,0.0
22,MRL Great Falls (F00548),0.0,0.0,0.0,0.00776044377506617,0.023095843468645065,0.15197316693628868,1.2319738297118235e-05,0.49948827770783627,0.24948853956754058,0.0
22,Marathon Dickinson Refinery (F00313),0.0,0.0,0.0,0.008794512736991068,0.02910549600994818,0.17060332942222486,2.465613586571341e-05,0.2535528097687296,0.0642890273416176,0.0
22,Phillips 66 Rodeo (82191),0.0,0.0,1.0,0.012489261569104715,0.05292329090006021,0.23005062681953337,0.00014823150756490514,0.7626687844309535,0.5816636747453883,0.0
22,"REG Geismar, LLC (80180)",0.0,0.0,0.0,0.0008338926245609422,0.0013035916335871515,0.03610528539683839,2.215259937962439e-09,0.0489114220759463,0.002392327209491367,0.0
22,RENEWABLE DIESEL UNIT (RDU) / PRE-TREATMENT UNIT (PTU) (82381),0.0,0.0,0.0,0.006964402038433623,0.02522986011761297,0.15883910134980295,1.6059962540863647e-05,0.5142739032104253,0.2644776475232859,0.0
22,St Bernard Renewables LLC (82901),0.0,0.0,0.0,0.0006871823592286048,0.0010647483820323746,0.03263048240575635,1.2070936530966482e-09,0.027938278359187944,0.0007805473976754694,0.0
22,Vertex Renewables Mobile Site (83101),0.0,0.0,0.0,0.0010132214854543773,0.0033893102842117028,0.058217783229969365,3.8934444989188845e-08,0.1623149673561535,0.026346148627829177,0.0
22,sinclair_wy,0.0,0.0,1.0,0.01361837654564839,0.052923290900060115,0.23005062681953317,0.00014823150756490436,0.4816548281651613,0.23199137349481105,0.0
22,wynnewood_ok,0.0,0.0,1.0,0.01141931505419546,0.07820275646836307,0.27964755759413146,0.0004782623391793164,0.44515893959700065,0.19816648150312607,0.0
23,"AltAir Paramount, LLC (83180)",0.0,0.0,0.0,0.0005515551395213377,0.0014616279171735418,0.03823124268413913,3.1225578165562732e-09,0.5536837567938573,0.3065657025373593,0.0
23,Chevron El Segundo (01013),0.0,0.0,0.0,0.0005515552444930127,0.0014616279171735431,0.03823124268413915,3.1225578165562732e-09,0.5568600798142767,0.3100931484907626,0.0
23,Cheyenne Renewable Diesel Company LLC (F00494),0.0,0.0,0.0,0.0009044282314568585,0.00369760270175123,0.060807916439812586,5.055460673927718e-08,0.25535240965846373,0.06520485311838388,0.0
23,DIAMOND GREEN DIESEL - PORT ARTHUR (82621),0.0,0.0,0.0,0.0014757002434962734,0.00317154367840209,0.056316460101839584,3.1901572475150715e-08,0.22908020565809536,0.05247774062435527,0.0
23,Diamond Green Diesel LLC (81496),0.0,0.0,0.0,0.0012338329606078546,0.0017971578727229442,0.042392898847837056,5.804418119421459e-09,0.007651199962543845,5.854086086683094e-05,0.0
23,"Jaxon Energy, LLC (83608)",0.0,0.0,0.0,0.0036795670458207304,0.01693413837407614,0.13013123519768857,4.856118910074734e-06,0.2282830214708538,0.052113137891862296,0.0
23,MARTINEZ REFINERY (90001),0.0,0.0,0.0,0.000768192005136946,0.0032571024334050436,0.057071029720910445,3.4553675551264115e-08,0.6226871803045496,0.3877393245156307,0.0
23,MRL Great Falls (F00548),0.0,0.0,0.0,0.0004335560327259268,0.0012903053687338111,0.03592082082488945,2.1482138532360236e-09,0.36111578534486494,0.13040461042523857,0.0
23,Marathon Dickinson Refinery (F00313),0.0,0.0,0.0,0.0005744739633209135,0.0019012252466162922,0.04360304171289306,6.872277979700665e-09,0.16090065798963638,0.025889021741497938,0.0
23,Phillips 66 Rodeo (82191),0.0,0.0,0.0,0.0007686370888193737,0.0032571024334050493,0.0570710297209105,3.4553675551264234e-08,0.6225131712058805,0.3875226483248018,0.0
23,"REG Geismar, LLC (80180)",0.0,0.0,0.0,0.0013434311523333846,0.0021001332292682477,0.045827210576995056,9.262762735046503e-09,0.05249578582305041,0.0027558075291795802,0.0
23,RENEWABLE DIESEL UNIT (RDU) / PRE-TREATMENT UNIT (PTU) (82381),0.0,0.0,0.0,0.0014334569942565083,0.005192968362555903,0.07206225338244636,1.4003836454809532e-07,0.425492256764784,0.1810436605667889,0.0
23,St Bernard Renewables LLC (82901),0.0,0.0,0.0,0.0015489050014563148,0.002399936599178366,0.048989147769463864,1.3822904462743481e-08,0.03158338553782598,0.000997510242030955,0.0
23,Vertex Renewables Mobile Site (83101),0.0,0.0,0.0,0.0030592981142054092,0.010233607073872839,0.10116129236952659,1.0717320385778874e-06,0.1938710291012791,0.037585975924789,0.0
23,sinclair_wy,0.0,0.0,0.0,0.0008381271578447356,0.0032571024334050436,0.057071029720910445,3.4553675551264115e-08,0.32288351968701007,0.10425376728547182,0.0
23,wynnewood_ok,0.0,0.0,0.0,0.0023528208147922374,0.016112794184209175,0.1269361815409979,4.183238049843394e-06,0.3312377611020813,0.10971845437991949,0.0
24,"AltAir Paramount, LLC (83180)",0.0,0.0,1.0,0.06909917241437982,0.18311365848588598,0.4279178174438241,0.0061399130206898,0.8267051977657714,0.6834414840129432,0.0
24,Chevron El Segundo (01013),0.0,0.0,1.0,0.06909918556529669,0.18311365848588582,0.4279178174438239,0.0061399130206897835,0.8285401932596755,0.6864788518467805,0.0
24,Cheyenne Renewable Diesel Company LLC (F00494),0.0,0.0,1.0,0.023918254627253603,0.09778576105308738,0.3127071490277883,0.0009350328317362976,0.4523458014053049,0.20461672404900752,0.0
24,DIAMOND GREEN DIESEL - PORT ARTHUR (82621),0.0,0.0,1.0,0.01812749769565465,0.03895923374362928,0.19738093561342057,5.913317794528742e-05,0.345046165782143,0.1190568565209581,0.0
24,Diamond Green Diesel LLC (81496),0.0,0.0,0.0,0.0025471095090084618,0.0037100304927393667,0.060910019641593996,5.106607012569053e-08,0.008633555959619085,7.453828850787422e-05,0.0
24,"Jaxon Energy, LLC (83608)",0.0,0.0,0.0,0.006452215227762619,0.029694446146960277,0.17232076528079915,2.618337875346003e-05,0.2554275660893985,0.06524324151835403,0.0
24,MARTINEZ REFINERY (90001),0.0,0.0,1.0,0.02306299926672222,0.0977861661289592,0.3127077967191723,0.0009350444518578102,0.8025706354898816,0.6441196249506325,0.0
24,MRL Great Falls (F00548),0.0,0.0,0.0,0.0023573631594173633,0.007015744473735302,0.08376004103231625,3.4531964719947956e-07,0.43123845320307963,0.1859666035209847,0.0
24,Marathon Dickinson Refinery (F00313),0.0,0.0,0.0,0.001971074152258517,0.006523282481878623,0.08076684023705906,2.7758663764121005e-07,0.1927226863170262,0.03714203382125087,0.0
24,Phillips 66 Rodeo (82191),0.0,0.0,1.0,0.023076361765385037,0.0977861661289592,0.3127077967191723,0.0009350444518578102,0.8024532665049928,0.643931244924533,0.0
24,"REG Geismar, LLC (80180)",0.0,0.0,0.0,0.004121400204041428,0.006442823292125357,0.08026719935394132,2.67441414286678e-07,0.06342071161322325,0.004022186661527631,0.0
24,RENEWABLE DIESEL UNIT (RDU) / PRE-TREATMENT UNIT (PTU) (82381),0.0,1.0,1.0,0.08905571047551332,0.3226211102650799,0.5679974562135642,0.033579818491294974,0.7749721487946525,0.600581831407401,0.0
24,St Bernard Renewables LLC (82901),0.0,0.0,0.0,0.0023547711549162433,0.003648578493877625,0.06040346425394511,4.8570333077623675e-08,0.03386045715752399,0.0011465305589165177,0.0
24,Vertex Renewables Mobile Site (83101),0.0,0.0,0.0,0.0022165839948874912,0.007414658135010019,0.08610840920032153,4.0763681148137416e-07,0.1834704325677984,0.03366139962661506,0.0
24,sinclair_wy,0.0,0.0,1.0,0.025162623273262515,0.0977861661289592,0.3127077967191723,0.0009350444518578102,0.5401428276465556,0.2917542742580167,0.0
24,wynnewood_ok,1.0,1.0,1.0,0.1460218996093206,1.0,1.0,1.0,1.0,1.0,1.0
25,"AltAir Paramount, LLC (83180)",0.0,0.0,0.0,0.0021938200241046835,0.0058136501008194995,0.07624729569512285,1.964928127774535e-07,0.6113944785771068,0.3738032084345723,0.0
25,Chevron El Segundo (01013),0.0,0.0,0.0,0.0021938204416313166,0.005813650100819494,0.07624729569512281,1.9649281277745278e-07,0.6144460857912424,0.3775439923441788,0.0
25,Cheyenne Renewable Diesel Company LLC (F00494),0.0,0.0,0.0,0.0003068316880903897,0.0012544297484371855,0.035417929759334964,1.9739631177398654e-09,0.22326045078019646,0.049845228882576524,0.0
25,DIAMOND GREEN DIESEL - PORT ARTHUR (82621),0.0,0.0,1.0,0.03040205626671267,0.06533945480328214,0.25561583441422825,0.00027895009851170674,0.3852496966302623,0.14841732875370914,0.0
25,Diamond Green Diesel LLC (81496),0.0,0.0,1.0,0.038425258737320174,0.05596888594803798,0.23657744175647427,0.0001753234416071705,0.016625289487182025,0.0002764002505326052,0.0
25,"Jaxon Energy, LLC (83608)",0.0,1.0,1.0,0.08585344008392055,0.3951155166265716,0.6285821478745413,0.061683961259271794,0.5650739816607747,0.31930860474996153,0.0
25,MARTINEZ REFINERY (90001),0.0,0.0,0.0,0.000783807810216888,0.0033233128031893407,0.057648181265234556,3.6704022469642555e-08,0.6235138730686909,0.38876954990911955,0.0
25,MRL Great Falls (F00548),0.0,0.0,0.0,4.743791439667354e-05,0.00014117989603954246,0.011881914662189023,2.813964234681795e-12,0.29783267594210583,0.08870430285883542,0.0
25,Marathon Dickinson Refinery (F00313),0.0,0.0,0.0,4.3433489762127794e-05,0.00014374341146298114,0.01198930404414623,2.9700505652725383e-12,0.1195545575854363,0.014293292239449406,0.0
25,Phillips 66 Rodeo (82191),0.0,0.0,0.0,0.0007267568484846582,0.0030796347640849116,0.05549445705730358,2.9207718910587347e-08,0.6202226955795499,0.384676192111963,0.0
25,"REG Geismar, LLC (80180)",0.0,0.0,1.0,0.03661878097411865,0.05724470405905697,0.2392586551392801,0.00018758838460961074,0.10668520974158284,0.011381733977605522,0.0
25,RENEWABLE DIESEL UNIT (RDU) / PRE-TREATMENT UNIT (PTU) (82381),0.0,0.0,0.0,0.007625349008863983,0.02762426519605221,0.1662054908721496,2.1080077534139968e-05,0.5205032915399537,0.270923676503926,0.0
25,St Bernard Renewables LLC (82901),0.0,0.0,1.0,0.048237547010550594,0.07474122326182729,0.2733884109866899,0.0004175231924292972,0.07050255262232026,0.004970609926263038,0.0
25,Vertex Renewables Mobile Site (83101),0.0,1.0,1.0,0.09527571830714007,0.3187052155227784,0.5645398263389204,0.03237184944610302,0.4907556017990694,0.24084106069716676,0.0
25,sinclair_wy,0.0,0.0,0.0,0.0002843399034095664,0.0011049924616343475,0.03324142688926496,1.349205011589618e-09,0.28629224530352,0.08196324972093086,0.0
25,wynnewood_ok,0.0,0.0,1.0,0.01158766983471816,0.07935569846523566,0.2817014349719143,0.0004997287729394411,0.44658191382425566,0.1994354057549349,0.0
26,"AltAir Paramount, LLC (83180)",0.0,0.0,0.0,0.0021938200241046835,0.0058136501008194995,0.07624729569512285,1.964928127774535e-07,0.6113944785771068,0.3738032084345723,0.0
26,Chevron El Segundo (01013),0.0,0.0,0.0,0.0021938204416313166,0.005813650100819494,0.07624729569512281,1.9649281277745278e-07,0.6144460857912424,0.3775439923441788,0.0
26,Cheyenne Renewable Diesel Company LLC (F00494),0.0,0.0,0.0,0.0003068316880903897,0.0012544297484371855,0.035417929759334964,1.9739631177398654e-09,0.22326045078019646,0.049845228882576524,0.0
26,DIAMOND GREEN DIESEL - PORT ARTHUR (82621),0.0,0.0,1.0,0.03040205626671267,0.06533945480328214,0.25561583441422825,0.00027895009851170674,0.3852496966302623,0.14841732875370914,0.0
26,Diamond Green Diesel LLC (81496),0.0,0.0,1.0,0.038425258737320174,0.05596888594803798,0.23657744175647427,0.0001753234416071705,0.016625289487182025,0.0002764002505326052,0.0
26,"Jaxon Energy, LLC (83608)",0.0,1.0,1.0,0.08585344008392055,0.3951155166265716,0.6285821478745413,0.061683961259271794,0.5650739816607747,0.31930860474996153,0.0
26,MARTINEZ REFINERY (90001),0.0,0.0,0.0,0.000783807810216888,0.0033233128031893407,0.057648181265234556,3.6704022469642555e-08,0.6235138730686909,0.38876954990911955,0.0
26,MRL Great Falls (F00548),0.0,0.0,0.0,4.743791439667354e-05,0.00014117989603954246,0.011881914662189023,2.813964234681795e-12,0.29783267594210583,0.08870430285883542,0.0
26,Marathon Dickinson Refinery (F00313),0.0,0.0,0.0,4.3433489762127794e-05,0.00014374341146298114,0.01198930404414623,2.9700505652725383e-12,0.1195545575854363,0.014293292239449406,0.0
26,Phillips 66 Rodeo (82191),0.0,0.0,0.0,0.0007267568484846582,0.0030796347640849116,0.05549445705730358,2.9207718910587347e-08,0.6202226955795499,0.384676192111963,0.0
26,"REG Geismar, LLC (80180)",0.0,0.0,1.0,0.03661878097411865,0.05724470405905697,0.2392586551392801,0.00018758838460961074,0.10668520974158284,0.011381733977605522,0.0
26,RENEWABLE DIESEL UNIT (RDU) / PRE-TREATMENT UNIT (PTU) (82381),0.0,0.0,0.0,0.007625349008863983,0.02762426519605221,0.1662054908721496,2.1080077534139968e-05,0.5205032915399537,0.270923676503926,0.0
26,St Bernard Renewables LLC (82901),0.0,0.0,1.0,0.048237547010550594,0.07474122326182729,0.2733884109866899,0.0004175231924292972,0.07050255262232026,0.004970609926263038,0.0
26,Vertex Renewables Mobile Site (83101),0.0,1.0,1.0,0.09527571830714007,0.3187052155227784,0.5645398263389204,0.03237184944610302,0.4907556017990694,0.24084106069716676,0.0
26,sinclair_wy,0.0,0.0,0.0,0.0002843399034095664,0.0011049924616343475,0.03324142688926496,1.349205011589618e-09,0.28629224530352,0.08196324972093086,0.0
26,wynnewood_ok,0.0,0.0,1.0,0.01158766983471816,0.07935569846523566,0.2817014349719143,0.0004997287729394411,0.44658191382425566,0.1994354057549349,0.0
27,"AltAir Paramount, LLC (83180)",0.0,0.0,0.0,0.0004909622668941388,0.001301056057956503,0.03607015467053756,2.2023585645250333e-09,0.5493132979679913,0.30174509932447124,0.0
27,Chevron El Segundo (01013),0.0,0.0,0.0,0.0004909603265389086,0.0013010506683759735,0.036070079960764896,2.2023311950517623e-09,0.552495431528729,0.3052512018601165,0.0
27,Cheyenne Renewable Diesel Company LLC (F00494),0.0,0.0,0.0,0.00043225630127168794,0.0017672071833235636,0.04203816341520599,5.519025549190388e-09,0.23252529133501232,0.05406801111043236,0.0
27,DIAMOND GREEN DIESEL - PORT ARTHUR (82621),0.0,0.0,0.0,0.0019340165000736097,0.004156547260710187,0.06447129020509972,7.181218956285635e-08,0.23769423039266505,0.05649854716196133,0.0
27,Diamond Green Diesel LLC (81496),0.0,0.0,0.0,0.0016628015427247534,0.002421978483871461,0.04921360059852826,1.4207276805111624e-08,0.00802718572981145,6.443571074088858e-05,0.0
27,"Jaxon Energy, LLC (83608)",0.0,0.0,0.0,0.0042277918736777454,0.019457183879002936,0.1394890098860944,7.3661396748639315e-06,0.23444414123094484,0.05496405535751521,0.0
27,MARTINEZ REFINERY (90001),0.0,0.0,0.0,0.0003671460031801681,0.001556683918052336,0.03945483389969265,3.77225737560112e-09,0.5938040047305542,0.352603196034044,0.0
27,MRL Great Falls (F00548),0.0,0.0,0.0,0.00024804117335570984,0.0007381949125137091,0.027169742591966327,4.022658299125806e-10,0.342736086349471,0.11746802488615204,0.0
27,Marathon Dickinson Refinery (F00313),0.0,0.0,0.0,0.0003286615458410692,0.00108770748274264,0.03298041059087409,1.286874954618635e-09,0.14970435123744041,0.022411392779422928,0.0
27,Phillips 66 Rodeo (82191),0.0,0.0,0.0,0.00036735872434101173,0.001556683918052336,0.03945483389969265,3.77225737560112e-09,0.5936253683375398,0.35239107793387975,0.0
27,"REG Geismar, LLC (80180)",0.0,0.0,0.0,0.0015846286400493551,0.002477187801725137,0.0497713552329564,1.5201162383886645e-08,0.053862538021863755,0.0029011730021567188,0.0
27,RENEWABLE DIESEL UNIT (RDU) / PRE-TREATMENT UNIT (PTU) (82381),0.0,0.0,0.0,0.0012759746571289713,0.004622458889553658,0.06798866736121291,9.87686623809044e-08,0.42015211248729606,0.17652779762753748,0.0
27,St Bernard Renewables LLC (82901),0.0,0.0,0.0,0.00208740651220401,0.003234312808914355,0.05687101905992502,3.3833432629695173e-08,0.03317235627663839,0.0011004052209442306,0.0
27,Vertex Renewables Mobile Site (83101),0.0,0.0,0.0,0.004122911863775736,0.013791483679925127,0.11743714778520946,2.6232094580442494e-06,0.20461176007279375,0.04186597236008651,0.0
27,sinclair_wy,0.0,0.0,0.0,0.0004005704747012978,0.0015566839180523346,0.03945483389969263,3.772257375601107e-09,0.2969617770498331,0.08818629702859479,0.0
27,wynnewood_ok,0.0,0.0,0.0,0.0020943354034820907,0.014342611684175138,0.11976064330227663,2.950425963179779e-06,0.3251083505684288,0.1056954396093244,0.0
28,"AltAir Paramount, LLC (83180)",0.0,0.0,0.0,0.011237287355764194,0.029778949982662218,0.1725657845074226,2.6407551831911468e-05,0.6974018496758465,0.486369339931292,0.0
28,Chevron El Segundo (01013),0.0,0.0,0.0,0.011237289494438628,0.029778949982662246,0.1725657845074227,2.6407551831911563e-05,0.7001093469550956,0.4901530976938905,0.0
28,Cheyenne Renewable Diesel Company LLC (F00494),0.0,0.0,1.0,0.017503101265238317,0.07155848554519355,0.2675041785565107,0.0003664235870952053,0.4213533391746318,0.1775386364336123,0.0
28,DIAMOND GREEN DIESEL - PORT ARTHUR (82621),0.0,0.0,0.0,0.003016242616994812,0.0064824446879485995,0.08051363044819554,2.7240586847226505e-07,0.25334764016996325,0.06418502677968918,0.0
28,Diamond Green Diesel LLC (81496),0.0,0.0,0.0,0.0005409536964965091,0.0007879342062302584,0.028070165767773055,4.891813194933689e-10,0.006774352345776394,4.589184970472613e-05,0.0
28,"Jaxon Energy, LLC (83608)",0.0,0.0,0.0,0.001700361384695653,0.00782541929955494,0.08846140005423235,4.792066666736964e-07,0.19918789544273516,0.039675817690905994,0.0
28,MARTINEZ REFINERY (90001),0.0,0.0,1.0,0.014866628095146984,0.06303389025325613,0.25106550988388693,0.00025045074836025657,0.7737202340883634,0.5986430006377519,0.0
28,MRL Great Falls (F00548),0.0,0.0,0.0,0.010241165974316763,0.03047871657020247,0.17458154704951628,2.831326970672258e-05,0.5185951133233891,0.26894089156289885,0.0
28,Marathon Dickinson Refinery (F00313),0.0,0.0,0.0,0.008272522509744485,0.0273779660227035,0.16546288412421528,2.0521237210701205e-05,0.250320218473585,0.06266021177666332,0.0
28,Phillips 66 Rodeo (82191),0.0,0.0,1.0,0.014875241688537181,0.06303389025325613,0.25106550988388693,0.00025045074836025657,0.773590552378057,0.5984423427285873,0.0
28,"REG Geismar, LLC (80180)",0.0,0.0,0.0,0.0008102269940442875,0.001266596081598286,0.03558926919168594,2.0319565657660304e-09,0.04871062879919572,0.002372725358013036,0.0
28,RENEWABLE DIESEL UNIT (RDU) / PRE-TREATMENT UNIT (PTU) (82381),0.0,0.0,0.0,0.007339692181154324,0.026589419452658462,0.16306262432776697,1.8798645816033554e-05,0.5178616855035069,0.26818072531253306,0.0
28,St Bernard Renewables LLC (82901),0.0,0.0,0.0,0.0005115897058728902,0.000792677961355187,0.02815453713622703,4.980699626507914e-10,0.02681464066281148,0.0007190249538757029,0.0
28,Vertex Renewables Mobile Site (83101),0.0,0.0,0.0,0.0007543206283423699,0.0025232653471489635,0.050232114699154,1.606529742486063e-08,0.15555416514875173,0.024197098295125126,0.0
28,sinclair_wy,0.0,0.0,1.0,0.0162200656460867,0.06303389025325613,0.25106550988388693,0.00025045074836025657,0.49697925508897894,0.2469883799887964,0.0
28,wynnewood_ok,0.0,0.0,1.0,0.012034666717240117,0.08241686178195659,0.28708337078618223,0.0005598197566465944,0.4503045298125381,0.20277416956969102,0.0
29,"AltAir Paramount, LLC (83180)",0.0,0.0,1.0,0.023043151058685044,0.06106463429250329,0.2471125943623742,0.00022770327737652314,0.7433724824559003,0.5526026476726478,0.0
29,Chevron El Segundo (01013),0.0,0.0,1.0,0.023043059988756266,0.0610643813343298,0.24711208253407968,0.00022770044762896786,0.7458182908301805,0.5562449229368517,0.0
29,Cheyenne Renewable Diesel Company LLC (F00494),0.0,0.0,1.0,0.035891663433941894,0.14673702906190167,0.38306269599362147,0.0031595058615984826,0.5001623770708471,0.25016240343716023,0.0
29,DIAMOND GREEN DIESEL - PORT ARTHUR (82621),0.0,0.0,0.0,0.004454625638870394,0.009573786984770493,0.09784573053930606,8.775083966562238e-07,0.26888427339914317,0.07229875248138518,0.0
29,Diamond Green Diesel LLC (81496),0.0,0.0,0.0,0.0006623986435743864,0.000964826662268962,0.031061659039223293,8.981479626921155e-10,0.00697057323278551,4.8588891193625843e-05,0.0
29,"Jaxon Energy, LLC (83608)",0.0,0.0,0.0,0.0018465088809524787,0.008498020693637117,0.09218470965207363,6.136960852382596e-07,0.20193701108428522,0.04077855644565473,0.0
29,MARTINEZ REFINERY (90001),0.0,0.0,1.0,0.030485341077716437,0.12925658942481674,0.35952272449014505,0.002159524210105935,0.822047571487661,0.6757622097887612,0.0
29,MRL Great Falls (F00548),0.0,0.0,1.0,0.01209201454484682,0.03598702384078291,0.1897024613461378,4.6605566875895426e-05,0.5307551938837498,0.2817010758345769,0.0
29,Marathon Dickinson Refinery (F00313),0.0,0.0,0.0,0.008517961636495321,0.02819024837852799,0.16789951869653466,2.2402511405657127e-05,0.25185449568659324,0.06343068699754821,0.0
29,Phillips 66 Rodeo (82191),0.0,0.0,1.0,0.03050300401585711,0.12925658942481674,0.35952272449014505,0.002159524210105935,0.8219392123673505,0.6755840688270605,0.0
29,"REG Geismar, LLC (80180)",0.0,0.0,0.0,0.0010718070405410175,0.0016755139087657992,0.04093304177270239,4.703748708092509e-09,0.05073470422341112,0.0025740102126370103,0.0
29,RENEWABLE DIESEL UNIT (RDU) / PRE-TREATMENT UNIT (PTU) (82381),0.0,0.0,1.0,0.02003536637810296,0.0725818940858208,0.26941027093602204,0.00038237095160950163,0.5976338655377815,0.35716623723763113,0.0
29,St Bernard Renewables LLC (82901),0.0,0.0,0.0,0.0006123793317201381,0.000948845519508124,0.030803336174968516,8.54253041081361e-10,0.027488393602865292,0.0007556117828660455,0.0
29,Vertex Renewables Mobile Site (83101),0.0,0.0,0.0,0.0007284697949802219,0.0024367921558205346,0.04936387500815282,1.4469564628404317e-08,0.1547922113364239,0.02396062869042012,0.0
29,sinclair_wy,0.0,0.0,1.0,0.03326068496226921,0.12925658942481674,0.35952272449014505,0.002159524210105935,0.5716926956640885,0.32683253827567216,0.0
29,wynnewood_ok,0.0,0.0,1.0,0.021758212316886058,0.14900650090910902,0.38601360197421675,0.0033083819989406953,0.5178427920659534,0.2681611572946623,0.0
30,"AltAir Paramount, LLC (83180)",0.0,0.0,1.0,0.03822318571794918,0.10129191322040468,0.3182639049914468,0.0010392602647974003,0.7795860636731257,0.6077544306733588,0.0
30,Chevron El Segundo (01013),0.0,0.0,1.0,0.03822319299256515,0.10129191322040478,0.31826390499144697,0.0010392602647974032,0.781788300910431,0.6111929474404187,0.0
30,Cheyenne Renewable Diesel Company LLC (F00494),0.0,1.0,1.0,0.05953610236353864,0.24340334069023256,0.4933592410102729,0.014420476255295923,0.5760972900021996,0.3318880875478784,0.0
30,DIAMOND GREEN DIESEL - PORT ARTHUR (82621),0.0,0.0,0.0,0.007611058653696161,0.016357525903693826,0.12789654375194753,4.3767611837509e-06,0.293620106159635,0.08621276674119534,0.0
30,Diamond Green Diesel LLC (81496),0.0,0.0,0.0,0.000925439554422717,0.0013479628394273354,0.03671461343153888,2.4492536237086395e-09,0.007320678833370249,5.359233858135519e-05,0.0
30,"Jaxon Energy, LLC (83608)",0.0,0.0,0.0,0.0025797642742822896,0.011872615622757375,0.10896153276618945,1.673552046057334e-06,0.21391012980564775,0.04575754363346907,0.0
30,MARTINEZ REFINERY (90001),0.0,1.0,1.0,0.050568034324862655,0.21440638089257102,0.46304036637486695,0.009856281948546453,0.8598977792367702,0.7394241907363293,0.0
30,MRL Great Falls (F00548),0.0,0.0,0.0,0.01163310097519552,0.034621251949701434,0.1860678692028837,4.1498108842701075e-05,0.5278725150014334,0.2786493920939385,0.0
30,Marathon Dickinson Refinery (F00313),0.0,0.0,0.0,0.008194689764280888,0.027120378055037527,0.1646826586348348,1.9947442311717445e-05,0.24982814553962301,0.06241410230376706,0.0
30,Phillips 66 Rodeo (82191),0.0,1.0,1.0,0.050597332998605506,0.21440638089257102,0.46304036637486695,0.009856281948546453,0.8598085373745846,0.7392707209422225,0.0
30,"REG Geismar, LLC (80180)",0.0,0.0,0.0,0.001497425515053945,0.002340866576643521,0.04838250279433177,1.2827144353563187e-08,0.05338608174709376,0.0028500737243073774,0.0
30,RENEWABLE DIESEL UNIT (RDU) / PRE-TREATMENT UNIT (PTU) (82381),0.0,0.0,1.0,0.03323397603248996,0.12039634728502978,0.3469817679432592,0.0017451788177972704,0.6479329869882932,0.41981715562757166,0.0
30,St Bernard Renewables LLC (82901),0.0,0.0,0.0,0.000855557391885154,0.0013256355267445236,0.03640927803108053,2.329551970658858e-09,0.02883570352146284,0.0008314977975777043,0.0
30,Vertex Renewables Mobile Site (83101),0.0,0.0,0.0,0.0011355429323100846,0.0037984857150127815,0.06163185633268547,5.4806427311754104e-08,0.16508645352510198,0.02725353713749566,0.0
30,sinclair_wy,0.0,1.0,1.0,0.05517167921961988,0.21440638089257102,0.46304036637486695,0.009856281948546453,0.639436647041136,0.40887922557921036,0.0
30,wynnewood_ok,0.0,1.0,1.0,0.037175675259022954,0.2545897249555437,0.5045688505601031,0.016501469295736156,0.5991226536933998,0.35894795416862146,0.0
31,"AltAir Paramount, LLC (83180)",0.0,0.0,0.0,0.007420115775806411,0.019663398252422398,0.14022623952892124,7.602837809869309e-06,0.6733363320192843,0.4533818160171839,0.0
31,Chevron El Segundo (01013),0.0,0.0,0.0,0.007420117187998819,0.019663398252422415,0.14022623952892133,7.602837809869322e-06,0.6761591680970007,0.4571912206016281,0.0
31,Cheyenne Renewable Diesel Company LLC (F00494),0.0,0.0,1.0,0.011557507938703042,0.047250927263539466,0.21737278409115401,0.00010549478876829734,0.38618498438858917,0.14913884216721487,0.0
31,DIAMOND GREEN DIESEL - PORT ARTHUR (82621),0.0,0.0,0.0,0.00225086124576141,0.004837503271017709,0.06955216223107452,1.1320453237377296e-07,0.24281585864932734,0.058959541211610116,0.0
31,Diamond Green Diesel LLC (81496),0.0,0.0,0.0,0.0005871790676795131,0.0008552644627506782,0.02924490490240442,6.256065410629413e-10,0.006852446432866584,4.695602211530597e-05,0.0
31,"Jaxon Energy, LLC (83608)",0.0,0.0,0.0,0.0018456523786474861,0.00849407889060164,0.09216332725440005,6.128424933484948e-07,0.20192133028826886,0.040772223625384164,0.0
31,MARTINEZ REFINERY (90001),0.0,0.0,1.0,0.009816572381334343,0.041621862213003485,0.20401436766317094,7.210485727340847e-05,0.7482950114037613,0.5599454240917553,0.0
31,MRL Great Falls (F00548),0.0,0.0,0.0,0.009726620652581622,0.02894737911673099,0.17013929327680596,2.425647826509725e-05,0.5149343941749764,0.26515743030435,0.0
31,Marathon Dickinson Refinery (F00313),0.0,0.0,1.0,0.011763093664907543,0.038930033529720146,0.1973069525630563,5.900031540452037e-05,0.2701340531518139,0.072972406672227,0.0
31,Phillips 66 Rodeo (82191),0.0,0.0,1.0,0.009822260016919049,0.04162186221300356,0.2040143676631711,7.210485727340885e-05,0.7481555013364268,0.5597366541799602,0.0
31,"REG Geismar, LLC (80180)",0.0,0.0,0.0,0.0006738611206949372,0.0010534206602439906,0.032456442507520604,1.1689757316688479e-09,0.04746337294130174,0.0022527717709650945,0.0
31,RENEWABLE DIESEL UNIT (RDU) / PRE-TREATMENT UNIT (PTU) (82381),0.0,0.0,0.0,0.005477221425522584,0.01984226781229993,0.14086258485595077,7.812210217053137e-06,0.4984682898907133,0.24847063602657218,0.0
31,St Bernard Renewables LLC (82901),0.0,0.0,0.0,0.0005553058764075175,0.0008604135794488277,0.029332807220735415,6.369740914555383e-10,0.027117707248442324,0.0007353700464122213,0.0
31,Vertex Renewables Mobile Site (83101),0.0,0.0,0.0,0.0008187785500867828,0.0027388824656206273,0.052334333526095726,2.0545664261103583e-08,0.15737571856972898,0.02476711679533854,0.0
31,sinclair_wy,0.0,0.0,1.0,0.010710259745905793,0.04162186221300353,0.20401436766317102,7.210485727340873e-05,0.46207752646516026,0.21351564046416088,0.0
31,wynnewood_ok,0.0,0.0,1.0,0.008980793704800772,0.06150306035484232,0.2479981055468818,0.00023264310180932054,0.42303443251698053,0.17895813109496375,0.0
34,"AltAir Paramount, LLC (83180)",0.0,0.0,0.0,0.0006893176711230249,0.0018267003237225493,0.04273991487734328,6.095395880787702e-09,0.5622543228254155,0.3161299235358666,0.0
34,Chevron El Segundo (01013),0.0,0.0,0.0,0.0006893206578010015,0.0018267078907979425,0.042740003401941166,6.095471631326521e-09,0.5654176869101242,0.3196971606707952,0.0
34,Cheyenne Renewable Diesel Company LLC (F00494),0.0,0.0,0.0,0.0010736752224633338,0.004389540557561805,0.06625360788335835,8.457795851808373e-08,0.26131291733980294,0.06828444076863868,0.0
34,DIAMOND GREEN DIESEL - PORT ARTHUR (82621),0.0,0.0,0.0,0.000935831314782964,0.0020112688220601496,0.0448471718401523,8.135989213812125e-09,0.21590434708915882,0.04661468709199596,0.0
34,Diamond Green Diesel LLC (81496),0.0,0.0,0.0,0.000742357679197567,0.0010812921928175538,0.032883007660759286,1.2642390532946154e-09,0.007086065035695315,5.021231769010364e-05,0.0
34,"Jaxon Energy, LLC (83608)",0.0,0.0,0.0,0.0023334276843193216,0.010738923030915908,0.10362877511056429,1.2384605839721454e-06,0.21017027921866116,0.04417154626684999,0.0
34,MARTINEZ REFINERY (90001),0.0,0.0,0.0,0.000911948687575581,0.0038666248406392122,0.062182190703120234,5.7809086946504704e-08,0.6298052543695549,0.3966546584314998,0.0
34,MRL Great Falls (F00548),0.0,0.0,0.0,0.0005115739721077747,0.0015224944249188144,0.03901915459000636,3.5291257465478644e-09,0.3669467175673731,0.1346498935334695,0.0
34,Marathon Dickinson Refinery (F00313),0.0,0.0,0.0,0.0006778527399522361,0.002243357967409387,0.0473640999852144,1.1290046624035502e-08,0.1645473454395256,0.027075828891194566,0.0
34,Phillips 66 Rodeo (82191),0.0,0.0,0.0,0.0009124770626137691,0.0038666248406392122,0.062182190703120234,5.7809086946504704e-08,0.629632575462574,0.39643718008363393,0.0
34,"REG Geismar, LLC (80180)",0.0,0.0,0.0,0.0008519514360381803,0.0013318222652786717,0.03649414014987436,2.3623204706019104e-09,0.04906192457915262,0.00240707244341046,0.0
34,RENEWABLE DIESEL UNIT (RDU) / PRE-TREATMENT UNIT (PTU) (82381),0.0,0.0,0.0,0.0009577777959921684,0.003469730736864951,0.05890442035081027,4.177219724328437e-08,0.4075449328580015,0.16609287229823294,0.0
34,St Bernard Renewables LLC (82901),0.0,0.0,0.0,0.0007020640074292079,0.001087806614873733,0.03298191345076469,1.287226838610482e-09,0.028023541379745772,0.0007853188714623235,0.0
34,Vertex Renewables Mobile Site (83101),0.0,0.0,0.0,0.00142257079321975,0.004758617823147217,0.06898273568906366,1.0775625284727606e-07,0.17085456828421597,0.029191283503585817,0.0
34,sinclair_wy,0.0,0.0,0.0,0.0009949712526384612,0.0038666248406392122,0.062182190703120234,5.7809086946504704e-08,0.3295679282673338,0.10861501934242246,0.0
34,wynnewood_ok,0.0,0.0,0.0,0.001572059394446654,0.010765915240471978,0.10375892848556204,1.2478226627222336e-06,0.31092697418401405,0.09667558327522655,0.0
35,"AltAir Paramount, LLC (83180)",0.0,0.0,0.0,0.0015062632377207767,0.003991616143357001,0.06317923823026834,6.359841776046904e-08,0.5945182251437162,0.35345192002803444,0.0
35,Chevron El Segundo (01013),0.0,0.0,0.0,0.0015062635243919763,0.003991616143356997,0.06317923823026832,6.359841776046904e-08,0.5976151367656959,0.3571438516914814,0.0
35,Cheyenne Renewable Diesel Company LLC (F00494),0.0,0.0,0.0,0.00021905379195218802,0.0008955645840981228,0.029925985098207257,7.182749689692803e-10,0.21484343862211897,0.0461577031189762,0.0
35,DIAMOND GREEN DIESEL - PORT ARTHUR (82621),0.0,0.0,1.0,0.029219664066664538,0.06279828255371338,0.2505958550210146,0.0002476528325556144,0.38183658440006074,0.1457991771863047,0.0
35,Diamond Green Diesel LLC (81496),0.0,0.0,1.0,0.03693067636871781,0.05379192962094864,0.23193087250503897,0.00015565080482779622,0.016403315795196948,0.0002690687690769577,0.0
35,"Jaxon Energy, LLC (83608)",0.0,1.0,1.0,0.08251409919072153,0.37974717028053295,0.6162362941928469,0.05476254702143368,0.5547654650221439,0.3077647211812355,0.0
35,MARTINEZ REFINERY (90001),0.0,0.0,0.0,0.0005381575867646404,0.0022817659825736113,0.04776783418340851,1.1879914188809559e-08,0.6084212945999756,0.37017647172271034,0.0
35,MRL Great Falls (F00548),0.0,0.0,0.0,3.386695518825747e-05,0.00010079138751068937,0.010039491397012568,1.023930009219705e-12,0.29009022597718176,0.08415233920749238,0.0
35,Marathon Dickinson Refinery (F00313),0.0,0.0,0.0,3.455963318641813e-05,0.00011437532651259917,0.010694640083359476,1.4962254604823962e-12,0.11689595741044682,0.013664664858904997,0.0
35,Phillips 66 Rodeo (82191),0.0,0.0,0.0,0.0004989888169172011,0.0021144669096300277,0.0459833329547786,9.453718778493835e-09,0.6052764812343312,0.3663596187354137,0.0
35,"REG Geismar, LLC (80180)",0.0,0.0,1.0,0.03519446305923438,0.0550181237263804,0.23455942472299082,0.00016653952702031557,0.1053795786094726,0.011104855587910014,0.0
35,RENEWABLE DIESEL UNIT (RDU) / PRE-TREATMENT UNIT (PTU) (82381),0.0,0.0,0.0,0.0052355390780939,0.018966727918871627,0.13771974411416696,6.823029400093535e-06,0.49560672697207214,0.24562602781997006,0.0
35,St Bernard Renewables LLC (82901),0.0,0.0,1.0,0.04636130753590071,0.07183410127577794,0.26801884500120127,0.00037067388331049606,0.06951425501831095,0.004832231650750769,0.0
35,Vertex Renewables Mobile Site (83101),0.0,1.0,1.0,0.09293068184686318,0.31086087318917344,0.5575489872550873,0.030039879603896577,0.48536876407200485,0.23558283713678552,0.0
35,sinclair_wy,0.0,0.0,0.0,0.0002029964194142669,0.0007888780663628183,0.02808697325029556,4.909413854410414e-10,0.2765233658972412,0.07646517188713953,0.0
35,wynnewood_ok,0.0,0.0,1.0,0.007956055279987113,0.05448535665727826,0.233420985897323,0.0001617481768895963,0.4126897331319993,0.1703128158325608,0.0
36,"AltAir Paramount, LLC (83180)",0.0,0.0,1.0,0.05575705747223184,0.1477568894591198,0.3843915834915221,0.0032258429473835597,0.8089883734932032,0.6544621884471784,0.0
36,Chevron El Segundo (01013),0.0,0.0,1.0,0.05575706808388467,0.14775688945911966,0.3843915834915219,0.003225842947383551,0.8109680737707939,0.6576692166755119,0.0
36,Cheyenne Renewable Diesel Company LLC (F00494),0.0,1.0,1.0,0.08684670884451345,0.3550581617121857,0.5958675706163121,0.04476086809219712,0.6496847421949342,0.4220902642408981,0.0
36,DIAMOND GREEN DIESEL - PORT ARTHUR (82621),0.0,0.0,0.0,0.005030109766143442,0.010810605270813003,0.10397406056710973,1.2634266416409947e-06,0.2741223088766059,0.07514304022384131,0.0
36,Diamond Green Diesel LLC (81496),0.0,0.0,0.0,0.0008048592553768054,0.0011723297994258044,0.03423930197048129,1.6111998521064493e-09,0.007170332884806645,5.141367367893959e-05,0.0
36,"Jaxon Energy, LLC (83608)",0.0,0.0,0.0,0.0022436427578189423,0.01032571399019722,0.10161552041985132,1.100931440029518e-06,0.20874343103047888,0.04357381999837629,0.0
36,MARTINEZ REFINERY (90001),0.0,1.0,1.0,0.07376508323374047,0.3127609119781327,0.559250312452423,0.030594081019224235,0.8904876875976726,0.7929683217630502,0.0
36,MRL Great Falls (F00548),0.0,0.0,0.0,0.008421039375857798,0.02506184090824753,0.15830932034547912,1.574123876180715e-05,0.5049678166917083,0.2549924958943907,0.0
36,Marathon Dickinson Refinery (F00313),0.0,0.0,0.0,0.007055550446612897,0.023350389215780417,0.15280834144699174,1.2731582013214354e-05,0.24228715694358463,0.05870306641980521,0.0
36,Phillips 66 Rodeo (82191),0.0,1.0,1.0,0.07380782207332824,0.3127609119781327,0.559250312452423,0.030594081019224235,0.8904154476393343,0.7928396693947561,0.0
36,"REG Geismar, LLC (80180)",0.0,0.0,0.0,0.0013023182111341176,0.002035862980796218,0.045120538347810275,8.438118815198513e-09,0.05224624316788426,0.0027296699251576927,0.0
36,RENEWABLE DIESEL UNIT (RDU) / PRE-TREATMENT UNIT (PTU) (82381),0.0,0.0,1.0,0.04847938111407727,0.17562570301752906,0.4190772041253605,0.005417067249440607,0.6913438312724108,0.47795629303841564,0.0
36,St Bernard Renewables LLC (82901),0.0,0.0,0.0,0.0007440824007077944,0.0011529116276234733,0.03395455238437805,1.5324561549148641e-09,0.02825750913615036,0.000798486822579621,0.0
36,Vertex Renewables Mobile Site (83101),0.0,0.0,0.0,0.0009875871790649853,0.003303561393646835,0.05747661605946226,3.605347634250773e-08,0.16170461605046785,0.026148382852029223,0.0
36,sinclair_wy,0.0,1.0,1.0,0.08048055583168139,0.3127609119781327,0.559250312452423,0.030594081019224235,0.7014497379831351,0.49203173491660895,0.0
36,wynnewood_ok,0.0,1.0,1.0,0.0405188954166426,0.27748505891958875,0.5267685060058059,0.021365782891120278,0.6146315343809927,0.3777719230555334,0.0
37,"AltAir Paramount, LLC (83180)",0.0,0.0,1.0,0.0405546593234195,0.10747034700830492,0.32782670270785585,0.0012412691263923193,0.7840547603273171,0.6147418671919267,0.0
37,Chevron El Segundo (01013),0.0,0.0,1.0,0.04055483503878692,0.10747079220241136,0.3278273817154561,0.00124128455226571,0.7862249046368259,0.6181496006711861,0.0
37,Cheyenne Renewable Diesel Company LLC (F00494),0.0,1.0,1.0,0.06316758541828531,0.2582500483532226,0.5081830854654872,0.01722349306510031,0.58651507982095,0.3439999388573753,0.0
37,DIAMOND GREEN DIESEL - PORT ARTHUR (82621),0.0,0.0,0.0,0.0036586441648264923,0.00786308047560301,0.0886740124027497,4.861588114393219e-07,0.2608098338776377,0.06802176944728096,0.0
37,Diamond Green Diesel LLC (81496),0.0,0.0,0.0,0.000676499723400161,0.0009853658012220182,0.031390536810032704,9.56736748930974e-10,0.006991635707613432,4.8882969867975174e-05,0.0
37,"Jaxon Energy, LLC (83608)",0.0,0.0,0.0,0.0018858171877883887,0.008678925756358013,0.09316075223160242,6.537292537663882e-07,0.20265152174079437,0.04106763926385965,0.0
37,MARTINEZ REFINERY (90001),0.0,1.0,1.0,0.05365272050085974,0.22748532311397554,0.47695421490324996,0.011772268160267926,0.864555398803251,0.7474560375998485,0.0
37,MRL Great Falls (F00548),0.0,0.0,1.0,0.014293752407084376,0.04253961213329898,0.20625133244005717,7.698047337241083e-05,0.5435893812262417,0.2954894153819283,0.0
37,Marathon Dickinson Refinery (F00313),0.0,0.0,0.0,0.010068887184451673,0.033323046374021545,0.1825460116628724,3.7002757753728975e-05,0.2610071043769226,0.06812470853522576,0.0
37,Phillips 66 Rodeo (82191),0.0,1.0,1.0,0.05368380641460671,0.227485323113976,0.47695421490325046,0.011772268160267989,0.8644686561301093,0.7473060574313971,0.0
37,"REG Geismar, LLC (80180)",0.0,0.0,0.0,0.0010946235676929166,0.0017111820907675169,0.04136643676662902,5.010587824838589e-09,0.05089392229118619,0.0025901913261812985,0.0
37,RENEWABLE DIESEL UNIT (RDU) / PRE-TREATMENT UNIT (PTU) (82381),0.0,0.0,1.0,0.03526127228415458,0.12774061037670553,0.35740818454073703,0.0020844283004463663,0.6543769503459744,0.4282091931440979,0.0
37,St Bernard Renewables LLC (82901),0.0,0.0,0.0,0.0006254156051545815,0.0009690444534019403,0.031129478848865112,9.099784347768404e-10,0.027569536277752684,0.0007600793305703213,0.0
37,Vertex Renewables Mobile Site (83101),0.0,0.0,0.0,0.0008300860666107728,0.0027767070504659303,0.052694468879246996,2.1408694705684203e-08,0.15768458814505523,0.024864429338475692,0.0
37,sinclair_wy,0.0,1.0,1.0,0.05853719101906969,0.22748532311397565,0.4769542149032501,0.011772268160267947,0.6484268341143098,0.4204573591995066,0.0
37,wynnewood_ok,0.0,1.0,1.0,0.029471368851454013,0.2018284170408974,0.4492531769958866,0.008221422022830193,0.5609505517609756,0.314665521520943,0.0
38,"AltAir Paramount, LLC (83180)",0.0,0.0,0.0,0.011910280836161339,0.031562390999779595,0.17765807327498404,3.144196550564206e-05,0.700912535614272,0.49127838258122813,0.0
38,Chevron El Segundo (01013),0.0,0.0,0.0,0.0119102831029195,0.031562390999779553,0.17765807327498392,3.144196550564195e-05,0.70360197117144,0.49505573383633583,0.0
38,Cheyenne Renewable Diesel Company LLC (F00494),0.0,0.0,1.0,0.018551350069892576,0.07584407447020265,0.2753980291690604,0.0004362796619404415,0.4268001999685132,0.18215841069316285,0.0
38,DIAMOND GREEN DIESEL - PORT ARTHUR (82621),0.0,0.0,0.0,0.0019535506675637418,0.004198529679354636,0.0647960622210535,7.401021786748804e-08,0.23802679948371144,0.056656757272458974,0.0
38,Diamond Green Diesel LLC (81496),0.0,0.0,0.0,0.00033977194118695194,0.0004948999082774225,0.02224634595337901,1.212138149532777e-10,0.0063630577071901034,4.0488503385031374e-05,0.0
38,"Jaxon Energy, LLC (83608)",0.0,0.0,0.0,0.0010679891807581418,0.004915109941947154,0.07010784508132563,1.1874072873029048e-07,0.18498419074259684,0.03421915082469345,0.0
38,MARTINEZ REFINERY (90001),0.0,0.0,1.0,0.015756980318665625,0.0668089469765986,0.2584742675327635,0.00029819741871298544,0.7774220038435851,0.6043849720601752,0.0
38,MRL Great Falls (F00548),0.0,0.0,1.0,0.016892397920920583,0.05027343661005012,0.22421738694858193,0.00012706201015652677,0.5570401515932509,0.31029373048703196,0.0
38,Marathon Dickinson Refinery (F00313),0.0,0.0,1.0,0.011886729152416481,0.039339205964395656,0.1983411353310141,6.088029794510333e-05,0.270770624043022,0.07331673084464756,0.0
38,Phillips 66 Rodeo (82191),0.0,0.0,1.0,0.01576610977429296,0.06680894697659871,0.2584742675327637,0.00029819741871298707,0.7772938329825634,0.6041857027927251,0.0
38,"REG Geismar, LLC (80180)",0.0,0.0,0.0,0.0005247653077292569,0.0008203450235728191,0.028641665865881807,5.520642744336752e-10,0.04586962047776938,0.0021040220827746,0.0
38,RENEWABLE DIESEL UNIT (RDU) / PRE-TREATMENT UNIT (PTU) (82381),0.0,0.0,1.0,0.01035569432837297,0.037515456155999195,0.19368907082228257,5.27996075372492e-05,0.5426936299712295,0.2945163760113498,0.0
38,St Bernard Renewables LLC (82901),0.0,0.0,0.0,0.0003213284770609119,0.0004978794514393453,0.022313212485864632,1.2341632413327952e-10,0.025216259209467195,0.0006358597285190392,0.0
38,Vertex Renewables Mobile Site (83101),0.0,0.0,0.0,0.000473787286840183,0.0015848579475158569,0.03981027439638989,3.980806117541908e-09,0.14597148700310633,0.021307675017898042,0.0
38,sinclair_wy,0.0,0.0,1.0,0.017191474322027556,0.06680894697659866,0.2584742675327636,0.000298197418712986,0.502296082221611,0.25230135421517946,0.0
38,wynnewood_ok,0.0,0.0,1.0,0.010804366266977334,0.07399141016439488,0.27201362128466083,0.0004050829025603765,0.4398578085441417,0.19347489173725482,0.0
39,"AltAir Paramount, LLC (83180)",0.0,0.0,0.0,0.000317074691083513,0.0008402518390437557,0.028987097803052926,5.932372527295113e-10,0.5334918959511956,0.28461360304560135,0.0
39,Chevron El Segundo (01013),0.0,0.0,0.0,0.00031707343795760754,0.0008402483583290517,0.028987037763956697,5.932298803645416e-10,0.5366915291425399,0.2880377974533578,0.0
39,Cheyenne Renewable Diesel Company LLC (F00494),0.0,0.0,0.0,0.000493870741323864,0.002019107458082604,0.04493447961290532,8.231487042754042e-09,0.23633863693022528,0.05585595130603684,0.0
39,DIAMOND GREEN DIESEL - PORT ARTHUR (82621),0.0,0.0,0.0,0.0008659920156983921,0.0018611716810642749,0.043141299019202876,6.447024305466185e-09,0.21381017779092484,0.04571479212698689,0.0
39,Diamond Green Diesel LLC (81496),0.0,0.0,0.0,0.0009686490017475877,0.0014109002068953289,0.03756195158528546,2.80859353259079e-09,0.007371201319123024,5.433460888704101e-05,0.0
39,"Jaxon Energy, LLC (83608)",0.0,0.0,0.0,0.002462859380875861,0.01133459481299944,0.10646405408868967,1.4561898479756353e-06,0.212165584122294,0.04501423508595421,0.0
39,MARTINEZ REFINERY (90001),0.0,0.0,0.0,0.0004194795269177943,0.0017785759012735043,0.042173165653926245,5.626226483722101e-09,0.5988174026426686,0.3585822817077119,0.0
39,MRL Great Falls (F00548),0.0,0.0,0.0,0.0002367479461958288,0.000704585158445458,0.026544023026765517,3.4978442903545446e-10,0.34128658356627384,0.11647653212233922,0.0
39,Marathon Dickinson Refinery (F00313),0.0,0.0,0.0,0.0003136977015498719,0.0010381845445951946,0.032220871257543526,1.1189834874593452e-09,0.1488400904484135,0.022153372524691916,0.0
39,Phillips 66 Rodeo (82191),0.0,0.0,0.0,0.00041972256966139887,0.0017785759012735076,0.04217316565392628,5.626226483722141e-09,0.5986394807896968,0.3583692279601577,0.0
39,"REG Geismar, LLC (80180)",0.0,0.0,0.0,0.0009231101312362254,0.001443061862542157,0.037987654080531966,3.005071763216835e-09,0.04963375805762367,0.0024635099389227226,0.0
39,RENEWABLE DIESEL UNIT (RDU) / PRE-TREATMENT UNIT (PTU) (82381),0.0,0.0,0.0,0.0008412056985601504,0.0030474263242828118,0.05520349920324627,2.8300860735706293e-08,0.4020863170945469,0.16167340639465652,0.0
39,St Bernard Renewables LLC (82901),0.0,0.0,0.0,0.0012160035688488595,0.0018841255382789828,0.043406514928971004,6.688511970869382e-09,0.030402351681949356,0.0009243029877929288,0.0
39,Vertex Renewables Mobile Site (83101),0.0,0.0,0.0,0.002401772491888543,0.008034129086242264,0.08963330344376616,5.185807793805535e-07,0.18595466228794036,0.03457913642662195,0.0
39,sinclair_wy,0.0,0.0,0.0,0.000457668371082552,0.0017785759012735058,0.042173165653926266,5.626226483722121e-09,0.30132814938972413,0.0907986536146359,0.0
39,wynnewood_ok,0.0,0.0,0.0,0.0013807167471570636,0.009455545715068427,0.09723963037295251,8.453952357332432e-07,0.30490932767315954,0.09296969810209817,0.0
40,"AltAir Paramount, LLC (83180)",0.0,0.0,1.0,0.022537520477789123,0.05972470702166773,0.24438638878151078,0.00021304045649090165,0.7418616476302508,0.5503587042246704,0.0
40,Chevron El Segundo (01013),0.0,0.0,1.0,0.022537618128435376,0.05972495443026289,0.24438689496424085,0.00021304310405140147,0.7443174642788415,0.5540084876304845,0.0
40,Cheyenne Renewable Diesel Company LLC (F00494),0.0,0.0,1.0,0.035104246309744645,0.14351780659120658,0.3788374408518865,0.0029560880448396207,0.49728923740358927,0.24729658563744336,0.0
40,DIAMOND GREEN DIESEL - PORT ARTHUR (82621),0.0,0.0,0.0,0.004074648741514423,0.00875714869250256,0.09357963823665146,6.715651821493753e-07,0.2651660733296455,0.07031304644506292,0.0
40,Diamond Green Diesel LLC (81496),0.0,0.0,0.0,0.0004954423934106671,0.0007216440362883675,0.026863433069664933,3.758106478467464e-10,0.006692604347974472,4.4790952958526804e-05,0.0
40,"Jaxon Energy, LLC (83608)",0.0,0.0,0.0,0.0013811000193124845,0.006356111614283736,0.07972522570857819,2.5678789348149254e-07,0.19257582179538976,0.03708544714016972,0.0
40,MARTINEZ REFINERY (90001),0.0,0.0,1.0,0.029816531741371,0.12642086541008113,0.3555571197572637,0.0020204880065663702,0.8204645499369067,0.6731620777031708,0.0
40,MRL Great Falls (F00548),0.0,0.0,1.0,0.02118416722688338,0.06304616391367743,0.2510899518373394,0.00025059707659774635,0.5763692456950056,0.3322015073830297,0.0
40,Marathon Dickinson Refinery (F00313),0.0,0.0,1.0,0.014922734592359023,0.049386885336870065,0.22223160292107436,0.00012045779598936557,0.2854020488697757,0.08145432949906585,0.0
40,Phillips 66 Rodeo (82191),0.0,0.0,1.0,0.029833807177272294,0.12642086541008113,0.3555571197572637,0.0020204880065663702,0.8203554375321596,0.672983043888581,0.0
40,"REG Geismar, LLC (80180)",0.0,0.0,0.0,0.0008016602246867568,0.0012532039870618609,0.035400621280732646,1.9681822179922057e-09,0.04863691026308697,0.0023655490399395744,0.0
40,RENEWABLE DIESEL UNIT (RDU) / PRE-TREATMENT UNIT (PTU) (82381),0.0,0.0,1.0,0.019595816101902464,0.07098954029550301,0.26643862388081613,0.0003577528411911017,0.5956071361397691,0.3547478606206175,0.0
40,St Bernard Renewables LLC (82901),0.0,0.0,0.0,0.00045803034883264946,0.0007096909085220694,0.02664002455933683,3.574437644233594e-10,0.02641646707286277,0.000697829732611643,0.0
40,Vertex Renewables Mobile Site (83101),0.0,0.0,0.0,0.0006079231274647847,0.002033553509776331,0.045094938848792454,8.40943492124278e-09,0.15095635159781592,0.022787820087723423,0.0
40,sinclair_wy,0.0,0.0,1.0,0.032530988135873184,0.12642086541008113,0.3555571197572637,0.0020204880065663702,0.569050109970548,0.32381802765749274,0.0
40,wynnewood_ok,0.0,0.0,1.0,0.01990224984586698,0.1362963356805736,0.3691833361360905,0.0025319349287192534,0.5064077375059122,0.25644879660585684,0.0
41,"AltAir Paramount, LLC (83180)",0.0,0.0,0.0,0.008696834791179425,0.02304671937762301,0.15181145996802417,1.2241294360579038e-05,0.6823432343234324,0.4655922894269625,0.0
41,Chevron El Segundo (01013),0.0,0.0,0.0,0.008696800420006706,0.02304662390737077,0.15181114553079023,1.2241142233770897e-05,0.685124398109932,0.46939544088549656,0.0
41,Cheyenne Renewable Diesel Company LLC (F00494),0.0,0.0,1.0,0.015784550160465358,0.06453247840931482,0.2540324357425934,0.00026874168405422377,0.4120107362508443,0.16975284678596278,0.0
41,DIAMOND GREEN DIESEL - PORT ARTHUR (82621),0.0,0.0,0.0,0.0012052434733568127,0.002590283721715622,0.050894830009693734,1.7379689326414034e-08,0.22303017071574596,0.04974245704949479,0.0
41,Diamond Green Diesel LLC (81496),0.0,0.0,0.0,0.0002889142380608138,0.000420822359306193,0.020513955233113702,7.452404520726186e-11,0.006231156524046301,3.882731162716478e-05,0.0
41,"Jaxon Energy, LLC (83608)",0.0,0.0,0.0,0.0009081305517401569,0.004179407042565184,0.06464833364105516,7.300355524038463e-08,0.18049674751601452,0.03257907586385989,0.0
41,MARTINEZ REFINERY (90001),0.0,0.0,1.0,0.015412122306556244,0.06534676322187383,0.2556301297223663,0.00027904371325645,0.7760094717802308,0.6021907002926329,0.0
41,MRL Great Falls (F00548),0.0,0.0,1.0,0.0194480170311426,0.05787921028046917,0.24058098486885693,0.00019389552707535756,0.5689129269905334,0.323661918496936,0.0
41,Marathon Dickinson Refinery (F00313),0.0,0.0,1.0,0.013685050049316905,0.04529076044554244,0.21281625982415545,9.290280740898765e-05,0.2796500914595047,0.07820417365330934,0.0
41,Phillips 66 Rodeo (82191),0.0,0.0,1.0,0.015420988073304493,0.06534649252512664,0.25562960025225295,0.00027904024548350124,0.7758804579613356,0.6019904850462919,0.0
41,"REG Geismar, LLC (80180)",0.0,0.0,0.0,0.0003237540610981514,0.0005061120256455393,0.022496933694295746,1.2964028284646284e-10,0.04307611463005158,0.0018555516516213437,0.0
41,RENEWABLE DIESEL UNIT (RDU) / PRE-TREATMENT UNIT (PTU) (82381),0.0,0.0,0.0,0.007435970701131527,0.026938206552821618,0.1641286280720753,1.9548166787906165e-05,0.5187603145325697,0.2691122639339306,0.0
41,St Bernard Renewables LLC (82901),0.0,0.0,0.0,0.00027323142632962067,0.0004233559188443607,0.020575614665043686,7.587818040846093e-11,0.02470286549494676,0.0006102315636614314,0.0
41,Vertex Renewables Mobile Site (83101),0.0,0.0,0.0,0.0004028699147497119,0.0013476334294750534,0.03671012706972088,2.4474584450575008e-09,0.14290219006961444,0.02042103592669221,0.0
41,sinclair_wy,0.0,0.0,1.0,0.01550101597847075,0.060239542879817524,0.2454374520724527,0.00021859740538961801,0.49291183155879886,0.2429620736906497,0.0
41,wynnewood_ok,0.0,0.0,1.0,0.006602520892009175,0.04521596356213773,0.21264045608053453,9.244328514770647e-05,0.39771997495646794,0.1581811784793735,0.0
42,"AltAir Paramount, LLC (83180)",0.0,0.0,1.0,0.027315390936925275,0.07238612262151639,0.26904669227016415,0.00037928524016373746,0.7551618727128193,0.5702694539991323,0.0
42,Chevron El Segundo (01013),0.0,0.0,1.0,0.027315396135575615,0.07238612262151634,0.26904669227016403,0.00037928524016373643,0.7575322422390066,0.573855098031657,0.0
42,Cheyenne Renewable Diesel Company LLC (F00494),0.0,0.0,1.0,0.04254621587329358,0.173943047431161,0.41706480003850843,0.005262852805049401,0.5233462332184836,0.27389127982397543,0.0
42,DIAMOND GREEN DIESEL - PORT ARTHUR (82621),0.0,0.0,0.0,0.0037229790406903174,0.008001347626906907,0.08945025224618938,5.122587879549324e-07,0.26150522100567725,0.0683849806132281,0.0
42,Diamond Green Diesel LLC (81496),0.0,0.0,0.0,0.00045268049411874924,0.0006593585516088243,0.025677977950158463,2.8665856966143933e-10,0.006610669438435824,4.370095042426941e-05,0.0
42,"Jaxon Energy, LLC (83608)",0.0,0.0,0.0,0.0012619017616439532,0.005807536261756776,0.0762071929791196,1.9587354820171568e-07,0.1898406771838933,0.03603948271363919,0.0
42,MARTINEZ REFINERY (90001),0.0,0.0,1.0,0.036137375798240785,0.15322098363720876,0.39143452024215847,0.003597118443381193,0.8343909747928786,0.6962082988158101,0.0
42,MRL Great Falls (F00548),0.0,0.0,1.0,0.022986483996696946,0.06841003577500963,0.26155312228113364,0.0003201543835946815,0.5836740047657565,0.3406753438392963,0.0
42,Marathon Dickinson Refinery (F00313),0.0,0.0,1.0,0.01619233818447732,0.053588646524751156,0.23149221698526098,0.00015389282248512892,0.2910475995500066,0.084708705203821,0.0
42,Phillips 66 Rodeo (82191),0.0,0.0,1.0,0.03615831347552192,0.15322098363720876,0.39143452024215847,0.003597118443381193,0.8342886167035716,0.6960374959611589,0.0
42,"REG Geismar, LLC (80180)",0.0,0.0,0.0,0.0007324684997752052,0.0011450392773000339,0.03383842900165482,1.5012781108660846e-09,0.04801978439573916,0.002305899693413274,0.0
42,RENEWABLE DIESEL UNIT (RDU) / PRE-TREATMENT UNIT (PTU) (82381),0.0,0.0,1.0,0.020740851621703114,0.07513764746031656,0.2741124722815738,0.0004242020665360737,0.6008233291936893,0.3609886729033883,0.0
42,St Bernard Renewables LLC (82901),0.0,0.0,0.0,0.000418497503218469,0.0006484371047252357,0.025464428223018,2.726487895728412e-10,0.026100127060333874,0.0006812166325655725,0.0
42,Vertex Renewables Mobile Site (83101),0.0,0.0,0.0,0.0005554529555545474,0.001858036413245386,0.04310494650553908,6.414497832875291e-09,0.14911256003336307,0.022234555559703304,0.0
42,sinclair_wy,0.0,0.0,1.0,0.03942727321712659,0.15322098363720876,0.39143452024215847,0.003597118443381193,0.5927996122577623,0.3514113802929534,0.0
42,wynnewood_ok,0.0,0.0,1.0,0.01818455129243993,0.12453304155809794,0.3528923937379466,0.0019313179900353897,0.495334530894056,0.24535629749603452,0.0
43,"AltAir Paramount, LLC (83180)",0.0,0.0,0.0,0.003120401856042427,0.00826910337477746,0.09093461043396767,5.654253345474033e-07,0.6281004586513415,0.3945101861580255,0.0
43,Chevron El Segundo (01013),0.0,0.0,0.0,0.0031203895237544433,0.008269069120297578,0.09093442208700497,5.65418307810777e-07,0.6310998325639262,0.3982869986622157,0.0
43,Cheyenne Renewable Diesel Company LLC (F00494),0.0,0.0,0.0,0.006373261648678377,0.026056008283997005,0.16141873585181182,1.768982965601422e-05,0.34490049788258537,0.11895635343965527,0.0
43,DIAMOND GREEN DIESEL - PORT ARTHUR (82621),0.0,0.0,0.0,0.0009465569980563901,0.002034320233166367,0.04510343926095179,8.418950493485448e-09,0.2162155082676429,0.04674914601543516,0.0
43,Diamond Green Diesel LLC (81496),0.0,0.0,0.0,0.00035663195158902453,0.0005194576088703358,0.022791612686914806,1.40168471089546e-10,0.0064035440998791784,4.100537703909744e-05,0.0
43,"Jaxon Energy, LLC (83608)",0.0,0.0,0.0,0.0011209891030563282,0.005159026687269723,0.0718263648479423,1.3731036555757138e-07,0.1863682263157019,0.034733115780060685,0.0
43,MARTINEZ REFINERY (90001),0.0,0.0,0.0,0.006222888015341419,0.026384788649241837,0.16243395165186938,1.836795721311429e-05,0.7222293270664386,0.5216152008748407,0.0
43,MRL Great Falls (F00548),0.0,0.0,1.0,0.015344327397362202,0.04566622656809309,0.21369657593909427,9.523254291945543e-05,0.5492202148198208,0.30164284436673006,0.0
43,Marathon Dickinson Refinery (F00313),0.0,0.0,1.0,0.02033166628782378,0.06728777929069409,0.25939888066584654,0.0003046551937417221,0.30803521167151354,0.09488569162951416,0.0
43,Phillips 66 Rodeo (82191),0.0,0.0,0.0,0.006226467708815639,0.026384679351151043,0.1624336152129572,1.8367728948143267e-05,0.7220805068560747,0.5214002583815258,0.0
43,"REG Geismar, LLC (80180)",0.0,0.0,0.0,0.0004092812828740306,0.0006398133769552377,0.02529453255063706,2.6191474446616485e-10,0.044388213453130106,0.0019703134935606403,0.0
43,RENEWABLE DIESEL UNIT (RDU) / PRE-TREATMENT UNIT (PTU) (82381),0.0,0.0,0.0,0.0023033511091406873,0.008344323886625963,0.09134727082198987,5.809964234404505e-07,0.44873538210497693,0.20136344315289964,0.0
43,St Bernard Renewables LLC (82901),0.0,0.0,0.0,0.00033727469133279584,0.0005225871663821291,0.022860165493323297,1.427171684368265e-10,0.025373778647814604,0.0006438286428682923,0.0
43,Vertex Renewables Mobile Site (83101),0.0,0.0,0.0,0.0004972973464307128,0.001663501055559385,0.040786039959272644,4.603299610814472e-09,0.14691396615463803,0.021583713451286127,0.0
43,sinclair_wy,0.0,0.0,0.0,0.006258780240603689,0.024322667701449335,0.15595726241970695,1.4389099622553493e-05,0.4235748265838758,0.17941563371556046,0.0
43,wynnewood_ok,0.0,0.0,0.0,0.003776718071780877,0.025864052459839443,0.1608230470418946,1.7301737451234856e-05,0.3587407377796836,0.12869491694271173,0.0
44,"AltAir Paramount, LLC (83180)",0.0,0.0,0.0,0.006844528302193381,0.018138084353728056,0.13467770548137525,5.9672502583101125e-06,0.6688461730572778,0.44735520321336597,0.0
44,Chevron El Segundo (01013),0.0,0.0,0.0,0.006844529604840283,0.018138084353728042,0.1346777054813752,5.967250258310091e-06,0.6716888913762021,0.4511659667981915,0.0
44,Cheyenne Renewable Diesel Company LLC (F00494),0.0,0.0,1.0,0.012422657542060138,0.050787945900871545,0.22536181109689268,0.00013100321227104284,0.3918737288436471,0.15356501935782424,0.0
44,DIAMOND GREEN DIESEL - PORT ARTHUR (82621),0.0,0.0,0.0,0.0012209976335824438,0.0026241422288835517,0.051226382156888184,1.8070164681269948e-08,0.22340865490795556,0.04991142708778198,0.0
44,Diamond Green Diesel LLC (81496),0.0,0.0,0.0,0.00029268952495282074,0.00042632130995540847,0.020647549732484203,7.748383811040694e-11,0.006241515787597494,3.8956519326828765e-05,0.0
44,"Jaxon Energy, LLC (83608)",0.0,0.0,0.0,0.0009200010447435816,0.004234037538105906,0.06506948238695238,7.590390373129425e-08,0.18084812416286378,0.03270604401322659,0.0
44,MARTINEZ REFINERY (90001),0.0,0.0,1.0,0.012129551711282311,0.05142879922043312,0.22677918603882746,0.00013602513108185656,0.7610433233708704,0.5791869400473793,0.0
44,MRL Great Falls (F00548),0.0,0.0,1.0,0.015305856232453757,0.045551732599895464,0.21342851871269564,9.451803869299905e-05,0.5490189200288128,0.30142177454960395,0.0
44,Marathon Dickinson Refinery (F00313),0.0,0.0,1.0,0.021307959404777907,0.07051882758976906,0.26555381298292263,0.0003506834334629486,0.311784550153518,0.0972096057144316,0.0
44,Phillips 66 Rodeo (82191),0.0,0.0,1.0,0.012136579466720712,0.05142879922043312,0.22677918603882746,0.00013602513108185656,0.7609086215315174,0.578981930320994,0.0
44,"REG Geismar, LLC (80180)",0.0,0.0,0.0,0.00032798596399992224,0.0005127275934709608,0.022643488986261832,1.3479074432024646e-10,0.04314677122557968,0.0018616438671925106,0.0
44,RENEWABLE DIESEL UNIT (RDU) / PRE-TREATMENT UNIT (PTU) (82381),0.0,0.0,0.0,0.005867163497069427,0.02125490652339189,0.14579062563619063,9.60235146574127e-06,0.5028933074819616,0.2529016787101468,0.0
44,St Bernard Renewables LLC (82901),0.0,0.0,0.0,0.00027680293014958,0.0004288897525679053,0.020709653608110043,7.889273449854623e-11,0.024743213356291954,0.0006122266071949845,0.0
44,Vertex Renewables Mobile Site (83101),0.0,0.0,0.0,0.00040813427803809504,0.0013652431632689848,0.036949197058515154,2.5446615707906407e-09,0.14314317923165293,0.020489969760545113,0.0
44,sinclair_wy,0.0,0.0,1.0,0.012199512250710049,0.04740934673960693,0.21773687501111733,0.0001065594360656655,0.47248609217793414,0.22324310730157526,0.0
44,wynnewood_ok,0.0,0.0,0.0,0.004871723348748391,0.03336296378681974,0.18265531414886274,3.7135893037716845e-05,0.37551448312799657,0.1410111270388864,0.0
45,"AltAir Paramount, LLC (83180)",0.0,0.0,0.0,0.00671670121309076,0.017799340992247344,0.13341417088243415,5.639125623141814e-06,0.6678064188428704,0.44596541304773923,0.0
45,Chevron El Segundo (01013),0.0,0.0,0.0,0.006716702491409678,0.017799340992247326,0.1334141708824341,5.639125623141794e-06,0.6706536676819583,0.4497763419752626,0.0
45,Cheyenne Renewable Diesel Company LLC (F00494),0.0,0.0,1.0,0.01219070488782091,0.04983964648786915,0.2232479484516468,0.00012380120152313684,0.3903722691170229,0.15239050849557334,0.0
45,DIAMOND GREEN DIESEL - PORT ARTHUR (82621),0.0,0.0,0.0,0.0012040607863661498,0.0025877419159083138,0.05086985272151192,1.7328576245592862e-08,0.22300161016674414,0.04972971813696052,0.0
45,Diamond Green Diesel LLC (81496),0.0,0.0,0.0,0.0002886295352938802,0.0004204076712282147,0.020503845279074232,7.430394908847054e-11,0.006230371232905002,3.881752569981019e-05,0.0
45,"Jaxon Energy, LLC (83608)",0.0,0.0,0.0,0.0009072394171162339,0.004175305854342895,0.0646166066452185,7.27888542437702e-08,0.1804702396185833,0.032569507387988875,0.0
45,MARTINEZ REFINERY (90001),0.0,0.0,1.0,0.011903022545367983,0.050468324895521034,0.22465156330531297,0.00012854543866443224,0.7598897707921243,0.5774324637545072,0.0
45,MRL Great Falls (F00548),0.0,0.0,1.0,0.015020007016549314,0.04470101723650664,0.21142615078676205,8.932072072903833e-05,0.5475119180884738,0.2997693004489196,0.0
45,Marathon Dickinson Refinery (F00313),0.0,0.0,1.0,0.021380461972846116,0.07075877530133974,0.26600521668068794,0.0003542753391781177,0.3120596450906211,0.09738122209408441,0.0
45,Phillips 66 Rodeo (82191),0.0,0.0,1.0,0.011909919051802663,0.050468324895521034,0.22465156330531297,0.00012854543866443224,0.7597546239613541,0.5772270886306585,0.0
45,"REG Geismar, LLC (80180)",0.0,0.0,0.0,0.00032343636618861727,0.0005056153856538857,0.022485893036610437,1.292590151419395e-10,0.043070782533939825,0.001855092308085936,0.0
45,RENEWABLE DIESEL UNIT (RDU) / PRE-TREATMENT UNIT (PTU) (82381),0.0,0.0,0.0,0.005757613335085724,0.0208580403965575,0.14442312971459073,9.074454193128145e-06,0.5016727759973714,0.2516755741769087,0.0
45,St Bernard Renewables LLC (82901),0.0,0.0,0.0,0.0002729621777677937,0.00042293873413826383,0.020565474323201587,7.565408504484502e-11,0.024699807777121316,0.0006100805042267426,0.0
45,Vertex Renewables Mobile Site (83101),0.0,0.0,0.0,0.00040247291742547686,0.0013463054403501178,0.036692035107773975,2.44023022625695e-09,0.1428839221883179,0.02041581521991729,0.0
45,sinclair_wy,0.0,0.0,1.0,0.011971726107737385,0.046524131657828545,0.2156945332126629,0.0001007012422814709,0.4709503017556694,0.22179418672375603,0.0
45,wynnewood_ok,0.0,0.0,0.0,0.004804126220910914,0.032900039197985245,0.1813836795248824,3.561141628502526e-05,0.37455332717660283,0.14029019489906328,0.0
46,"AltAir Paramount, LLC (83180)",0.0,0.0,1.0,0.018698414637031358,0.04955102922998709,0.2226006047385925,0.00012166286493658015,0.7293846394914154,0.532001952326022,0.0
46,Chevron El Segundo (01013),0.0,0.0,1.0,0.01869834073814119,0.049550823966531515,0.2226001436803928,0.00012166135298998635,0.731915703572841,0.5357005971365268,0.0
46,Cheyenne Renewable Diesel Company LLC (F00494),0.0,0.0,1.0,0.029124367721734663,0.11907007878470816,0.3450653253873941,0.001688137910594792,0.474350014478799,0.22500793623603682,0.0
46,DIAMOND GREEN DIESEL - PORT ARTHUR (82621),0.0,0.0,0.0,0.002548519475652097,0.005477224028329185,0.07400826999956954,1.6431662804656614e-07,0.247175897478281,0.06109592429419368,0.0
46,Diamond Green Diesel LLC (81496),0.0,0.0,0.0,0.0003098781438032581,0.00045135765010398014,0.021245179455678415,9.195226327924378e-11,0.006287463067967764,3.9532191831058613e-05,0.0
46,"Jaxon Energy, LLC (83608)",0.0,0.0,0.0,0.00086381931801394,0.003975477462236416,0.06305138747273065,6.283011969890111e-08,0.17915591174277748,0.032096840712385874,0.0
46,MARTINEZ REFINERY (90001),0.0,0.0,1.0,0.024737395782840246,0.1048855383310439,0.3238603685711543,0.001153843305763864,0.8073757555168655,0.6518556105964293,0.0
46,MRL Great Falls (F00548),0.0,0.0,1.0,0.025238352462052072,0.07511181766986996,0.2740653529176389,0.00042376473779517443,0.5922655495103089,0.3507784811367481,0.0
46,Marathon Dickinson Refinery (F00313),0.0,0.0,1.0,0.017759554408678487,0.05877535861720752,0.24243629806035136,0.00020304199078715392,0.29771073861810776,0.08863168388853929,0.0
46,Phillips 66 Rodeo (82191),0.0,0.0,1.0,0.0247517284120984,0.10488553833104414,0.32386036857115463,0.00115384330576387,0.8072605570940493,0.6516696070397948,0.0
46,"REG Geismar, LLC (80180)",0.0,0.0,0.0,0.0005014043725178858,0.0007838257898041443,0.027996888930810586,4.815691373495821e-10,0.045590848327570786,0.002078525451227564,0.0
46,RENEWABLE DIESEL UNIT (RDU) / PRE-TREATMENT UNIT (PTU) (82381),0.0,0.0,1.0,0.014019406858025463,0.050787945900871545,0.22536181109689268,0.00013100321227104284,0.5666003976143141,0.3210360105766989,0.0
46,St Bernard Renewables LLC (82901),0.0,0.0,0.0,0.00028647850121330437,0.00044388147710359375,0.021068494894120788,8.745830732072295e-11,0.02485059659327267,0.0006175521510415752,0.0
46,Vertex Renewables Mobile Site (83101),0.0,0.0,0.0,0.0003802300586694267,0.0012719012246732843,0.035663724212051724,2.0575962345354288e-09,0.1418383674548827,0.02011812248226633,0.0
46,sinclair_wy,0.0,0.0,1.0,0.026989454565146308,0.1048855383310439,0.3238603685711543,0.001153843305763864,0.5477357833716775,0.3000144883857852,0.0
46,wynnewood_ok,0.0,0.0,1.0,0.012448010751138851,0.08524756070454717,0.29197184916451646,0.0006195065214502607,0.45367861436591655,0.205824285132978,0.0
47,"AltAir Paramount, LLC (83180)",0.0,0.0,0.0,0.00029163556119855523,0.0007728378313332546,0.027799960995175056,4.6159927653855027e-10,0.5305688783880272,0.28150333471392924,0.0
47,Chevron El Segundo (01013),0.0,0.0,0.0,0.000291635616702477,0.0007728378313332552,0.02779996099517507,4.615992765385519e-10,0.5337711848188964,0.28491167774296844,0.0
47,Cheyenne Renewable Diesel Company LLC (F00494),0.0,0.0,0.0,0.00045424901923368007,0.0018571207115911671,0.04309432342653922,6.405018677475934e-09,0.2339309891017098,0.05472370766210428,0.0
47,DIAMOND GREEN DIESEL - PORT ARTHUR (82621),0.0,0.0,0.0,0.0006825788794873632,0.0014669840570873333,0.03830122787962983,3.15701163241769e-09,0.2076303204521284,0.04311034997105353,0.0
47,Diamond Green Diesel LLC (81496),0.0,0.0,0.0,0.0007634904240811093,0.001112073408794304,0.03334776467462705,1.3753092655900317e-09,0.007115100630961754,5.062465698871236e-05,0.0
47,"Jaxon Energy, LLC (83608)",0.0,0.0,0.0,0.0019412290207955424,0.008933942620032267,0.09451953565285998,7.130655850124484e-07,0.20364214562708982,0.04147012347560486,0.0
47,MARTINEZ REFINERY (90001),0.0,0.0,0.0,0.00038582598187581466,0.0016358862576480186,0.040446090758539555,4.377834226644585e-09,0.5956612526094726,0.3548123278602859,0.0
47,MRL Great Falls (F00548),0.0,0.0,0.0,0.0002177534886669357,0.0006480557858252175,0.02545693983622575,2.7216807212347043e-10,0.33871562344217815,0.11472827356382342,0.0
47,Marathon Dickinson Refinery (F00313),0.0,0.0,0.0,0.00028853070518596334,0.000954894209569455,0.03090136258434982,8.706944565105377e-10,0.14731381387330333,0.021701359757898258,0.0
47,Phillips 66 Rodeo (82191),0.0,0.0,0.0,0.00038604792685475303,0.0016358794810447579,0.04044600698517417,4.377779821781174e-09,0.5954827210449388,0.35459967106308443,0.0
47,"REG Geismar, LLC (80180)",0.0,0.0,0.0,0.000727596626125228,0.001137423268304454,0.033725706342557955,1.4715205286051843e-09,0.0479747795714063,0.002301579474925023,0.0
47,RENEWABLE DIESEL UNIT (RDU) / PRE-TREATMENT UNIT (PTU) (82381),0.0,0.0,0.0,0.0006630394439827182,0.0024019854585974297,0.0490100546683783,1.3858337115120422e-08,0.39244666397385525,0.15401438406420806,0.0
47,St Bernard Renewables LLC (82901),0.0,0.0,0.0,0.000958455620962364,0.0014850702407656214,0.03853660909791651,3.275223837057376e-09,0.029323832869218372,0.0008598871741418518,0.0
47,Vertex Renewables Mobile Site (83101),0.0,0.0,0.0,0.0018930802541168204,0.0063325111697951145,0.0795770769116026,2.5393811620048667e-07,0.178774696624411,0.03196039215315019,0.0
47,sinclair_wy,0.0,0.0,0.0,0.0004209493094115602,0.0016358794810447594,0.04044600698517419,4.377779821781174e-09,0.29857289727668407,0.08914577498819334,0.0
47,wynnewood_ok,0.0,0.0,0.0,0.0010882827659151734,0.007452873636261803,0.08633002743114242,4.1397229157509497e-07,0.2944584638329605,0.0867057869228669,0.0
48,"AltAir Paramount, LLC (83180)",0.0,0.0,0.0,0.000424477377411787,0.0011248702814592765,0.033539085876917944,1.4233356567042958e-09,0.5439448261432555,0.2958759738880164,0.0
48,Chevron El Segundo (01013),0.0,0.0,0.0,0.0004244774581980912,0.0011248702814592776,0.03353908587691796,1.4233356567042958e-09,0.5471337694002584,0.2993553616181351,0.0
48,Cheyenne Renewable Diesel Company LLC (F00494),0.0,0.0,0.0,0.0001097039133909507,0.0004485059979758178,0.021177960193933167,9.022040369239919e-11,0.19941540466772917,0.03976650361879418,0.0
48,DIAMOND GREEN DIESEL - PORT ARTHUR (82621),0.0,0.0,0.0,0.015473380884244749,0.0332550621599583,0.18235970541750252,3.677674528392635e-05,0.3343633034658198,0.11179881870457592,0.0
48,Diamond Green Diesel LLC (81496),0.0,0.0,0.0,0.019604307439313663,0.028554947532351767,0.16898209234221173,2.3283276709634607e-05,0.013521464721917046,0.0001828300082260472,0.0
48,"Jaxon Energy, LLC (83608)",0.0,0.0,1.0,0.03836659573339753,0.17657111094891756,0.4202036541356079,0.005505020601092997,0.41028913720915816,0.1683371761118354,0.0
48,MARTINEZ REFINERY (90001),0.0,0.0,0.0,0.00015165723715714624,0.0006430204335437828,0.02535784757316328,2.658730524901532e-10,0.5625548612220664,0.3164679718845784,0.0
48,MRL Great Falls (F00548),0.0,0.0,0.0,1.6960775227936956e-05,5.0476934196712835e-05,0.0071047121121628025,1.2861123489596786e-13,0.27539839912238123,0.07584427823917039,0.0
48,Marathon Dickinson Refinery (F00313),0.0,0.0,0.0,1.7307744239978102e-05,5.728008998145338e-05,0.007568361115951946,1.8793647404040406e-13,0.10952630384365697,0.011996011233653067,0.0
48,Phillips 66 Rodeo (82191),0.0,0.0,0.0,0.00014061857293271883,0.0005958717094755416,0.024410483597740163,2.115720528848042e-10,0.5598340234290399,0.3134141337887468,0.0
48,"REG Geismar, LLC (80180)",0.0,0.0,0.0,0.018682654687560314,0.029205861314248297,0.17089722441938107,2.4912083782641786e-05,0.08815731802486558,0.0077717127213372894,0.0
48,RENEWABLE DIESEL UNIT (RDU) / PRE-TREATMENT UNIT (PTU) (82381),0.0,0.0,0.0,0.002067957297242137,0.007491565399396547,0.08655382949007252,4.20453261254074e-07,0.44323191232066894,0.19645452809943717,0.0
48,St Bernard Renewables LLC (82901),0.0,0.0,1.0,0.024610470632816146,0.03813246721985335,0.19527536255209807,5.5447850743216e-05,0.056803448490328624,0.0032266317603934173,0.0
48,Vertex Renewables Mobile Site (83101),0.0,1.0,1.0,0.07057861992607271,0.23609136382814924,0.4858923376923629,0.013159527710003602,0.43290859086396843,0.18740984804382682,0.0
48,sinclair_wy,0.0,0.0,0.0,0.00010166183002347882,0.00039507488911989634,0.01987649086533879,6.166493537114606e-11,0.25842738913228236,0.06678471545372809,0.0
48,wynnewood_ok,0.0,0.0,0.0,0.0022420818587475717,0.015354421937710904,0.12391296113688391,3.6199319995815237e-06,0.3286708164531844,0.10802450558800283,0.0
49,"AltAir Paramount, LLC (83180)",0.0,0.0,0.0,0.012986485766629707,0.03441434732881952,0.18551104368424948,4.075853941134001e-05,0.7061998036395318,0.49871816266051333,0.0
49,Chevron El Segundo (01013),0.0,0.0,0.0,0.012986488238210634,0.03441434732881955,0.18551104368424956,4.075853941134015e-05,0.7088614436764032,0.5024845463309946,0.0
49,Cheyenne Renewable Diesel Company LLC (F00494),0.0,0.0,1.0,0.023570263212291935,0.09636305668429981,0.31042399502019785,0.0008948118003870108,0.45078955122140013,0.20321121949039134,0.0
49,DIAMOND GREEN DIESEL - PORT ARTHUR (82621),0.0,0.0,0.0,0.0014440788131569176,0.003103583570692675,0.055709815748148685,2.989443381949387e-08,0.228417254242166,0.0521744420355303,0.0
49,Diamond Green Diesel LLC (81496),0.0,0.0,0.0,0.0001755876172035834,0.00025575477287834885,0.01599233481635339,1.672904855602939e-11,0.005858193479710167,3.431843084571871e-05,0.0
49,"Jaxon Energy, LLC (83608)",0.0,0.0,0.0,0.0004894717717038229,0.002252651632384626,0.047462107331898214,1.1430944145777092e-08,0.16521920173003687,0.02729738462031062,0.0
49,MARTINEZ REFINERY (90001),0.0,0.0,1.0,0.023014040369106006,0.09757858242137535,0.31237570715626295,0.0009291022541599679,0.8024258329722521,0.6438872174212127,0.0
49,MRL Great Falls (F00548),0.0,0.0,1.0,0.02978625886821047,0.08864683416005603,0.29773618214798153,0.0006966099779679137,0.6081348960444294,0.3698280517869689,0.0
49,Marathon Dickinson Refinery (F00313),0.0,0.0,1.0,0.03946763253860798,0.130618381680527,0.36141165127943375,0.002228501322071437,0.3711580989628659,0.13775833442572855,0.0
49,Phillips 66 Rodeo (82191),0.0,0.0,1.0,0.02302737450141472,0.09757858242137535,0.31237570715626295,0.0009291022541599679,0.8023083991085377,0.6436987672801046,0.0
49,"REG Geismar, LLC (80180)",0.0,0.0,0.0,0.00028411296758564056,0.0004441426589343717,0.02107469238053955,8.761278074625549e-11,0.042378150932303904,0.0017959076764411303,0.0
49,RENEWABLE DIESEL UNIT (RDU) / PRE-TREATMENT UNIT (PTU) (82381),0.0,0.0,0.0,0.00921853248014167,0.033395872851699496,0.1827453771007614,3.724589346199732e-05,0.5340406177495681,0.2851993814063403,0.0
49,St Bernard Renewables LLC (82901),0.0,0.0,0.0,0.00016232924712349282,0.0002515195579602676,0.01585936814505129,1.5911652418591156e-11,0.023186894414971782,0.0005376320726110497,0.0
49,Vertex Renewables Mobile Site (83101),0.0,0.0,0.0,0.0002154523250300471,0.0007207059773847853,0.026845967618709245,3.7434701293346594e-10,0.13217458186468822,0.017470120091105167,0.0
49,sinclair_wy,0.0,0.0,1.0,0.02314687608808784,0.08995263514203218,0.2999210481810708,0.0007278496395711595,0.5313670506323707,0.2823509424977444,0.0
49,wynnewood_ok,0.0,0.0,1.0,0.007053500366901781,0.04830440081777675,0.21978262173742663,0.0001127093896777417,0.40289807516025367,0.1623268589678374,0.0
50,"AltAir Paramount, LLC (83180)",0.0,0.0,0.0,0.008286372691708793,0.021958989755434023,0.14818565974963308,1.0588564057368048e-05,0.679575047473981,0.46182224514926357,0.0
50,Chevron El Segundo (01013),0.0,0.0,0.0,0.008286374268766734,0.021958989755434005,0.14818565974963302,1.058856405736801e-05,0.6823694036279335,0.46562800300754165,0.0
50,Cheyenne Renewable Diesel Company LLC (F00494),0.0,0.0,1.0,0.015039571124571145,0.061486756924666694,0.24796523329827247,0.0002324581414900729,0.40778092785998976,0.16628528512635418,0.0
50,DIAMOND GREEN DIESEL - PORT ARTHUR (82621),0.0,0.0,0.0,0.000921432900097362,0.0019803240544649763,0.044500832064861176,7.766203893174596e-09,0.21548241782970062,0.04643267239373368,0.0
50,Diamond Green Diesel LLC (81496),0.0,0.0,0.0,0.00011203834989268195,0.0001631911360653915,0.012774628607728346,4.345999753981705e-12,0.005558048683707067,3.089190517045786e-05,0.0
50,"Jaxon Energy, LLC (83608)",0.0,0.0,0.0,0.00031231919040133985,0.0014373583416948006,0.03791250903982485,2.9695809000897275e-09,0.15564245171144275,0.02422457277474879,0.0
50,MARTINEZ REFINERY (90001),0.0,0.0,1.0,0.014684659813829257,0.06226235224203088,0.24952425181138382,0.0002413662662504586,0.7729409500862872,0.5974377123202923,0.0
50,MRL Great Falls (F00548),0.0,0.0,1.0,0.036429228807868884,0.10841696565514017,0.32926731640893264,0.0012743588654543136,0.6286011058752653,0.3951393503076065,0.0
50,Marathon Dickinson Refinery (F00313),0.0,0.0,1.0,0.04826975494355605,0.15974906193512672,0.3996862043342586,0.004076758166374136,0.39577419812659664,0.15663721590275057,0.0
50,Phillips 66 Rodeo (82191),0.0,0.0,1.0,0.014693228842601262,0.06226261016277877,0.24952476863585862,0.00024136926582999025,0.7728112148671022,0.5972371738243665,0.0
50,"REG Geismar, LLC (80180)",0.0,0.0,0.0,0.00018128583654336702,0.0002833970379942008,0.016834400434651682,2.2760716025995686e-11,0.04014081044863373,0.0016112846634731431,0.0
50,RENEWABLE DIESEL UNIT (RDU) / PRE-TREATMENT UNIT (PTU) (82381),0.0,0.0,0.0,0.005882129867447652,0.02130912502327561,0.1459764536604298,9.676022116890105e-06,0.5030587361859429,0.2530680920529981,0.0
50,St Bernard Renewables LLC (82901),0.0,0.0,0.0,0.00010357806511208944,0.0001604880797084793,0.012668388994204404,4.133598984347308e-12,0.022020802267180044,0.0004849157324902418,0.0
50,Vertex Renewables Mobile Site (83101),0.0,0.0,0.0,0.00016317801900155778,0.0005458440685466251,0.023363306027756967,1.6263191884009003e-10,0.12791104148605262,0.016361234534046674,0.0
50,sinclair_wy,0.0,0.0,1.0,0.014769418826722606,0.057396433882659234,0.23957552855552514,0.0001890839776875463,0.4886477094916578,0.2387765839914436,0.0
50,wynnewood_ok,0.0,0.0,0.0,0.00450065489255488,0.030821780189110772,0.1755613288543658,2.9280140518527455e-05,0.37012907642827314,0.13699553321764646,0.0
51,"AltAir Paramount, LLC (83180)",0.0,0.0,0.0,0.0044555587471967395,0.011807285590994997,0.10866133438806555,1.6460772164833472e-06,0.6459445341485003,0.41724434119632303,0.0
51,Chevron El Segundo (01013),0.0,0.0,0.0,0.004455559595176263,0.011807285590995007,0.10866133438806559,1.6460772164833502e-06,0.648880642007282,0.42104608757178247,0.0
51,Cheyenne Renewable Diesel Company LLC (F00494),0.0,0.0,0.0,0.00018467502544143686,0.0007550127796412184,0.027477495876466227,4.3039072951487645e-10,0.21081693164041182,0.04444377866627807,0.0
51,DIAMOND GREEN DIESEL - PORT ARTHUR (82621),1.0,1.0,1.0,0.46529399974707947,1.0,1.0,1.0,1.0,1.0,1.0
51,Diamond Green Diesel LLC (81496),1.0,1.0,1.0,0.6865467855299913,1.0,1.0,1.0,1.0,1.0,1.0
51,"Jaxon Energy, LLC (83608)",1.0,1.0,1.0,0.21728693627859133,1.0,1.0,1.0,1.0,1.0,1.0
51,MARTINEZ REFINERY (90001),0.0,0.0,0.0,0.0011629484714587794,0.00493085357694891,0.07022003686234372,1.1988540608367776e-07,0.6401770965823974,0.4098267149886682,0.0
51,MRL Great Falls (F00548),0.0,0.0,0.0,1.8201340558420915e-05,5.416897855860129e-05,0.007359957782392593,1.5894685496364544e-13,0.2768295818033387,0.0766346173614114,0.0
51,Marathon Dickinson Refinery (F00313),0.0,0.0,0.0,1.0169961568286008e-05,3.365755269215154e-05,0.005801512965783282,3.812831413371399e-14,0.10446252140455675,0.010912418378197477,0.0
51,Phillips 66 Rodeo (82191),0.0,0.0,0.0,0.001078305493001763,0.004569323411916978,0.06759677072107054,9.540160785237133e-08,0.6367208620620317,0.40541345618501684,0.0
51,"REG Geismar, LLC (80180)",1.0,1.0,1.0,0.6396885367132056,1.0,1.0,1.0,1.0,1.0,1.0
51,RENEWABLE DIESEL UNIT (RDU) / PRE-TREATMENT UNIT (PTU) (82381),0.0,0.0,1.0,0.02046433563625768,0.07413591614231223,0.27227911440709557,0.0004074609339466098,0.5995823005599926,0.35949893514481335,0.0
51,St Bernard Renewables LLC (82901),1.0,1.0,1.0,0.6453941333227688,1.0,1.0,1.0,1.0,1.0,1.0
51,Vertex Renewables Mobile Site (83101),1.0,1.0,1.0,0.29894621633617585,1.0,1.0,1.0,1.0,1.0,1.0
51,sinclair_wy,0.0,0.0,0.0,0.0001942821044395615,0.0007550127796412191,0.027477495876466237,4.30390729514878e-10,0.27530023527721703,0.07579021954369106,0.0
51,wynnewood_ok,0.0,0.0,1.0,0.01643329749547091,0.11253995146918339,0.33546974747238145,0.0014253455710997872,0.483474138395459,0.23374724249723144,0.0
52,"AltAir Paramount, LLC (83180)",0.0,0.0,0.0,0.00010552784101512365,0.00027965007922981877,0.016722741379026906,2.1869801445425544e-11,0.4974412041823138,0.24744775161835042,0.0
52,Chevron El Segundo (01013),0.0,0.0,0.0,0.00010552786109912482,0.0002796500792298183,0.016722741379026893,2.1869801445425466e-11,0.5006568106307253,0.2506572420309299,0.0
52,Cheyenne Renewable Diesel Company LLC (F00494),0.0,0.0,0.0,3.0086287573320682e-05,0.00012300272630541114,0.011090659417068542,1.8609907415663974e-12,0.17579816381556246,0.030904994400923334,0.0
52,DIAMOND GREEN DIESEL - PORT ARTHUR (82621),0.0,0.0,0.0,0.003938662141222307,0.008464889174077575,0.09200483234090248,6.065461208352096e-07,0.2637774063765263,0.0695785201147271,0.0
52,Diamond Green Diesel LLC (81496),0.0,0.0,0.0,0.0049901662793506805,0.00726850141101227,0.08525550663160868,3.84003017655127e-07,0.009801104061135699,9.606164081721068e-05,0.0
52,"Jaxon Energy, LLC (83608)",0.0,0.0,1.0,0.00953818561434851,0.0438967283432045,0.20951546086913134,8.458560490056867e-05,0.278473072815223,0.07754725228315248,0.0
52,MARTINEZ REFINERY (90001),0.0,0.0,0.0,3.770297703282929e-05,0.00015985906833064565,0.012643538600037793,4.085185978627444e-12,0.5195144649293405,0.26989527927081897,0.0
52,MRL Great Falls (F00548),0.0,0.0,0.0,7.701044444930581e-06,2.2919065223648085e-05,0.00478738605333308,1.2039007959994892e-14,0.2603443281643001,0.06777916920732077,0.0
52,Marathon Dickinson Refinery (F00313),0.0,0.0,0.0,1.0204143217025119e-05,3.377067707672432e-05,0.00581125434624267,3.851406012053612e-14,0.10449300802603381,0.010918788726328767,0.0
52,Phillips 66 Rodeo (82191),0.0,0.0,0.0,3.4958693202210273e-05,0.00014813758840661042,0.012171178595625422,3.2508416171527217e-12,0.5171639954314335,0.2674585981706038,0.0
52,"REG Geismar, LLC (80180)",0.0,0.0,0.0,0.004755564751226952,0.007434187855955022,0.08622173656309076,4.108663685061659e-07,0.06515186828206537,0.004244765940643596,0.0
52,RENEWABLE DIESEL UNIT (RDU) / PRE-TREATMENT UNIT (PTU) (82381),0.0,0.0,0.0,0.0005141055248263799,0.0018624442422308601,0.04315604525707679,6.460257652574395e-09,0.38264091804527245,0.1464140721625289,0.0
52,St Bernard Renewables LLC (82901),0.0,0.0,0.0,0.00626445698482317,0.009706405220281487,0.09852109023088147,9.144821956728841e-07,0.040717398517294084,0.0016579065420161425,0.0
52,Vertex Renewables Mobile Site (83101),0.0,0.0,1.0,0.017965391039109636,0.060095729791431456,0.24514430401588258,0.0002170355321794799,0.28156160860292445,0.07927693943906643,0.0
52,sinclair_wy,0.0,0.0,0.0,2.7880862487808865e-05,0.00010834969873544714,0.010409116136130249,1.2719883226177503e-12,0.23024008896116052,0.05301049856484311,0.0
52,wynnewood_ok,0.0,0.0,0.0,0.0005573938457202861,0.0038171934977670125,0.061783440319935344,5.562019743251258e-08,0.2685790589454164,0.07213471090400546,0.0
53,"AltAir Paramount, LLC (83180)",1.0,1.0,1.0,0.3773567356238794,1.0,1.0,1.0,1.0,1.0,1.0
53,Chevron El Segundo (01013),1.0,1.0,1.0,0.37735680744220823,1.0,1.0,1.0,1.0,1.0,1.0
53,Cheyenne Renewable Diesel Company LLC (F00494),1.0,1.0,1.0,0.2445985424633399,1.0,1.0,1.0,1.0,1.0,1.0
53,DIAMOND GREEN DIESEL - PORT ARTHUR (82621),0.0,0.0,0.0,0.0036587502572487268,0.007863308487187711,0.08867529806652871,4.862011051901429e-07,0.2608109875818435,0.06802237124341654,0.0
53,Diamond Green Diesel LLC (81496),0.0,0.0,0.0,0.0003482664760463941,0.0005072727502140207,0.022522716315178787,1.3053428668084695e-10,0.006383636708895098,4.075081763115304e-05,0.0
53,"Jaxon Energy, LLC (83608)",0.0,0.0,0.0,0.0008032577306773925,0.0036967603503208642,0.06080098971497803,5.052006405184004e-08,0.17724273792128453,0.031414988145833156,0.0
53,MARTINEZ REFINERY (90001),1.0,1.0,1.0,0.2358513497329164,1.0,1.0,1.0,1.0,1.0,1.0
53,MRL Great Falls (F00548),0.0,0.0,1.0,0.024107327782014715,0.07174577705074384,0.26785402190511126,0.0003693082681934271,0.5880193215435728,0.3457667225085637,0.0
53,Marathon Dickinson Refinery (F00313),0.0,0.0,1.0,0.012115256623649283,0.040095519088390916,0.20023865533006086,6.44595873633322e-05,0.2719377617833571,0.07395014628374187,0.0
53,Phillips 66 Rodeo (82191),1.0,1.0,1.0,0.23598799992784475,1.0,1.0,1.0,1.0,1.0,1.0
53,"REG Geismar, LLC (80180)",0.0,0.0,0.0,0.0005635193619912911,0.0008809277166145878,0.029680426489769107,6.836295441748859e-10,0.04631270242326659,0.002144866405746043,0.0
53,RENEWABLE DIESEL UNIT (RDU) / PRE-TREATMENT UNIT (PTU) (82381),1.0,1.0,1.0,0.2760380757549969,1.0,1.0,1.0,1.0,1.0,1.0
53,St Bernard Renewables LLC (82901),0.0,0.0,0.0,0.0003219680383265586,0.0004988704137562075,0.022335407176861753,1.2415472282346627e-10,0.025222687460035222,0.000636183962706618,0.0
53,Vertex Renewables Mobile Site (83101),0.0,0.0,0.0,0.0002759499128187887,0.0009230754488241223,0.030382156750700273,7.865233138868862e-10,0.13621802421444384,0.01855535012088681,0.0
53,sinclair_wy,1.0,1.0,1.0,0.2573229350261913,1.0,1.0,1.0,1.0,1.0,1.0
53,wynnewood_ok,0.0,1.0,1.0,0.02947222345462589,0.2018342696094105,0.4492596906126906,0.008222137251611899,0.5609550143595373,0.3146705281351087,0.0
55,"AltAir Paramount, LLC (83180)",0.0,0.0,0.0,0.008760509279206113,0.02321545755562695,0.15236619558034173,1.2512144257862713e-05,0.6827628765313488,0.4661651455693619,0.0
55,Chevron El Segundo (01013),0.0,0.0,0.0,0.008760510946501486,0.02321545755562697,0.1523661955803418,1.2512144257862757e-05,0.6855422963005017,0.46996824001696486,0.0
55,Cheyenne Renewable Diesel Company LLC (F00494),0.0,0.0,0.0,0.007112529529881728,0.029078380673293443,0.17052384194972106,2.458728940735868e-05,0.3518354218544489,0.12378816407149801,0.0
55,DIAMOND GREEN DIESEL - PORT ARTHUR (82621),0.0,0.0,0.0,0.00043576319490139416,0.0009365330202802155,0.030602826998174782,8.214275847403021e-10,0.1968989881159683,0.03876921152109222,0.0
55,Diamond Green Diesel LLC (81496),0.0,0.0,0.0,5.2985072809486855e-05,7.717620113621847e-05,0.008784998641788083,4.596742669005383e-13,0.005120775175512546,2.622233839814554e-05,0.0
55,"Jaxon Energy, LLC (83608)",0.0,0.0,0.0,0.00014770170266757826,0.0006797541775737711,0.026072095764893374,3.1409111838995795e-10,0.1419310632524484,0.020144426715970505,0.0
55,MARTINEZ REFINERY (90001),0.0,0.0,1.0,0.026075818095427784,0.11056039376054727,0.33250623116048106,0.0013514461030796389,0.8110263902515321,0.6577638056844305,0.0
55,MRL Great Falls (F00548),0.0,1.0,1.0,0.10790897224567182,0.3211477080545115,0.5666989571673055,0.03312184197057301,0.7680155808599761,0.5898479324436865,0.0
55,Marathon Dickinson Refinery (F00313),0.0,1.0,1.0,0.14298242968526576,0.47320126323690204,0.6878962590659307,0.10595895975561673,0.6162157223537211,0.37972181647591835,0.0
55,Phillips 66 Rodeo (82191),0.0,0.0,1.0,0.02609081811401091,0.11055993576787121,0.3325055424618832,0.0013514293081904678,0.8109125753342021,0.6575792048351481,0.0
55,"REG Geismar, LLC (80180)",0.0,0.0,0.0,8.57335301508798e-05,0.00013402386510064521,0.011576867672243871,2.4073897942114375e-12,0.036894417496360445,0.0013611980423957476,0.0
55,RENEWABLE DIESEL UNIT (RDU) / PRE-TREATMENT UNIT (PTU) (82381),0.0,0.0,0.0,0.0027817714166631876,0.010077491697675087,0.10038671076230701,1.0234281235335756e-06,0.45870619977642646,0.21041137771333085,0.0
55,St Bernard Renewables LLC (82901),0.0,0.0,0.0,4.8984245671350915e-05,7.589818862957241e-05,0.008711956647594868,4.3721417486447304e-13,0.02031781560807989,0.00041281363108393483,0.0
55,Vertex Renewables Mobile Site (83101),0.0,0.0,0.0,6.501459106569206e-05,0.0002174792237295982,0.014747176805395609,1.0286161114319764e-11,0.11556674266331167,0.013355672009808101,0.0
55,sinclair_wy,0.0,0.0,1.0,0.015614507757953982,0.06068059093280853,0.24633430725907535,0.00022343407404999446,0.49356170157650153,0.24360315326309157,0.0
55,wynnewood_ok,0.0,0.0,0.0,0.0021284543662820747,0.014576268162355936,0.12073221675408738,3.096984619262767e-06,0.3259458542090537,0.10624069987606968,0.0
56,"AltAir Paramount, LLC (83180)",0.0,0.0,0.0,0.009529496108773183,0.025253282131079975,0.15891281298586332,1.61047316321335e-05,0.6876405158320367,0.47284947901374946,0.0
56,Chevron El Segundo (01013),0.0,0.0,0.0,0.009529458446800235,0.02525317752021649,0.15891248384005735,1.6104531493051227e-05,0.69039633859363,0.4766471043434902,0.0
56,Cheyenne Renewable Diesel Company LLC (F00494),0.0,0.0,1.0,0.013679193912727003,0.05592508350607699,0.2364848483647039,0.00017491212810152342,0.3997333834604619,0.15978677785274867,0.0
56,DIAMOND GREEN DIESEL - PORT ARTHUR (82621),0.0,0.0,0.0,0.0003910710444923952,0.0008404815980970532,0.028991060658365937,5.937240314440926e-10,0.1944753870018641,0.03782067614952481,0.0
56,Diamond Green Diesel LLC (81496),0.0,0.0,0.0,4.755089004430581e-05,6.92609608645944e-05,0.008322317037015256,3.3225041861916674e-13,0.005063212700117608,2.563612284663224e-05,0.0
56,"Jaxon Energy, LLC (83608)",0.0,0.0,0.0,0.00013255387120547513,0.000610040683879509,0.02469900167779072,2.2702641844373877e-10,0.14014702931395143,0.01964118982552556,0.0
56,MARTINEZ REFINERY (90001),0.0,0.0,1.0,0.02836460413372745,0.12026475220874586,0.3467920878692965,0.0017394625477188234,0.8169242888089229,0.6673652936459644,0.0
56,MRL Great Falls (F00548),0.0,1.0,1.0,0.11738109033885184,0.34933766253874987,0.5910479359060057,0.042632051317887346,0.7814440124925537,0.6106547446604624,0.0
56,Marathon Dickinson Refinery (F00313),1.0,1.0,1.0,0.1555326088431417,0.5147361612270173,0.7174511559869544,0.13638105261477843,0.6440070881038878,0.41474512952804876,0.0
56,Phillips 66 Rodeo (82191),0.0,0.0,1.0,0.028381038335559782,0.12026475220874586,0.3467920878692965,0.0017394625477188234,0.8168135052044652,0.6671843022844048,0.0
56,"REG Geismar, LLC (80180)",0.0,0.0,0.0,7.694064477315841e-05,0.00012027829225843007,0.010967146039805892,1.7400501278861502e-12,0.03646821894109718,0.0013299309927357994,0.0
56,RENEWABLE DIESEL UNIT (RDU) / PRE-TREATMENT UNIT (PTU) (82381),0.0,0.0,0.0,0.002496471170998566,0.009043937740003517,0.0950996200833816,7.397290798186688e-07,0.45293562968406714,0.2051506846373024,0.0
56,St Bernard Renewables LLC (82901),0.0,0.0,0.0,4.3960390281932924e-05,6.811402213342995e-05,0.008253121962835031,3.160163687309164e-13,0.02009326537986053,0.0004037393136255018,0.0
56,Vertex Renewables Mobile Site (83101),0.0,0.0,0.0,5.834665325753227e-05,0.00019517441622983895,0.013970483750745317,7.43478933302223e-12,0.11426998021458964,0.01305762837824271,0.0
56,sinclair_wy,0.0,0.0,1.0,0.016985130222168483,0.06600705926364345,0.2569183902791769,0.00028758826032461866,0.5011829389189946,0.25118433826348063,0.0
56,wynnewood_ok,0.0,0.0,0.0,0.0019101587328059714,0.013081316829301443,0.11437358449091925,2.2384860547997853e-06,0.32041863336538046,0.10266810060773811,0.0
57,"AltAir Paramount, LLC (83180)",0.0,0.0,0.0,0.000212289545956529,0.0005625699130705941,0.023718556302410022,1.7804488667104495e-10,0.5197558910362667,0.27014618626690357,0.0
57,Chevron El Segundo (01013),0.0,0.0,0.0,0.00021228958635935983,0.0005625699130705936,0.023718556302410012,1.7804488667104495e-10,0.5229656401383351,0.27349306076529867,0.0
57,Cheyenne Renewable Diesel Company LLC (F00494),0.0,0.0,0.0,2.4493811549391837e-05,0.0001001388287220188,0.010006939028595048,1.0041706463604832e-12,0.1725497406792291,0.02977341300846921,0.0
57,DIAMOND GREEN DIESEL - PORT ARTHUR (82621),0.0,0.0,1.0,0.022169397273630684,0.04764599862813906,0.21827963402053582,0.00010816314379918166,0.35965644590922796,0.1293527590840574,0.0
57,Diamond Green Diesel LLC (81496),0.0,0.0,1.0,0.02808795848482418,0.04091193648680652,0.20226699307303334,6.847784890744637e-05,0.015019799174332304,0.00022559436723727336,0.0
57,"Jaxon Energy, LLC (83608)",0.0,0.0,1.0,0.028773506022000715,0.13242170244928658,0.3638979286136245,0.0023220817272721684,0.37371983651890495,0.13966651620771703,0.0
57,MARTINEZ REFINERY (90001),0.0,0.0,0.0,7.327419905427849e-05,0.0003106795832936971,0.01762610516517183,2.9987353682538475e-11,0.5392087561065936,0.2907460826620199,0.0
57,MRL Great Falls (F00548),0.0,0.0,0.0,3.7868661137383827e-06,1.1270085775329545e-05,0.0033570948415750103,1.431468066968811e-15,0.2481495382490724,0.06157819333322785,0.0
57,Marathon Dickinson Refinery (F00313),0.0,0.0,0.0,3.8643345770932625e-06,1.2789039936415407e-05,0.0035761767205236667,2.0917695209533023e-15,0.0963553243163326,0.009284348524105637,0.0
57,Phillips 66 Rodeo (82191),0.0,0.0,0.0,6.794079528907662e-05,0.0002878993648399498,0.016967597497581966,2.3862839500939467e-11,0.5366921368056967,0.28803844970906467,0.0
57,"REG Geismar, LLC (80180)",0.0,0.0,1.0,0.026767465817138347,0.04184452945596417,0.2045593543594723,7.326829168041778e-05,0.0971749561643319,0.009442972105539826,0.0
57,RENEWABLE DIESEL UNIT (RDU) / PRE-TREATMENT UNIT (PTU) (82381),0.0,0.0,0.0,0.0015508903150779443,0.005618392719323504,0.0749559385193962,1.7735207656375217e-07,0.42918298254108267,0.18419803250285927,0.0
57,St Bernard Renewables LLC (82901),0.0,0.0,1.0,0.035260363879421296,0.05463384629464425,0.2337388420751764,0.0001630742273426363,0.06338427618311665,0.004017566467257609,0.0
57,Vertex Renewables Mobile Site (83101),0.0,1.0,1.0,0.1024789779537474,0.34280071917185956,0.5854918608929244,0.04028331228615737,0.5072187986210682,0.25727090967459976,0.0
57,sinclair_wy,0.0,0.0,0.0,2.2698333582920166e-05,8.820952388332523e-05,0.009391992540634027,6.863512577235924e-13,0.22631617252265426,0.05121900994530381,0.0
57,wynnewood_ok,0.0,0.0,0.0,0.0012453979637318514,0.008528843735521143,0.09235173921221594,6.203981186785817e-07,0.3002903213246245,0.09017427708124624,0.0
58,"AltAir Paramount, LLC (83180)",0.0,0.0,0.0,4.9652286116072456e-05,0.00013157917012924898,0.011470796403443353,2.2780404371889923e-12,0.475425012931132,0.22602894292056702,0.0
58,Chevron El Segundo (01013),0.0,0.0,0.0,4.965229556586848e-05,0.00013157917012924874,0.011470796403443343,2.278040437188976e-12,0.47863384409536436,0.22909035671350556,0.0
58,Cheyenne Renewable Diesel Company LLC (F00494),0.0,0.0,0.0,1.7359347908094123e-05,7.097077412346363e-05,0.00842441535796186,3.5746919897852205e-13,0.16737202617135288,0.028013395144704033,0.0
58,DIAMOND GREEN DIESEL - PORT ARTHUR (82621),0.0,0.0,0.0,0.001853194168186247,0.003982845618455407,0.06310979019498802,6.318011591146547e-08,0.2362918623990565,0.05583384423601465,0.0
58,Diamond Green Diesel LLC (81496),0.0,0.0,0.0,0.0023479411829678888,0.0034199288853349686,0.05848015804813602,3.999919269518331e-08,0.008510810668097914,7.243389822820926e-05,0.0
58,"Jaxon Energy, LLC (83608)",0.0,0.0,0.0,0.004487846208129719,0.020654008404700833,0.14371502497895214,8.810753442294766e-06,0.2371955932333148,0.05626174944930413,0.0
58,MARTINEZ REFINERY (90001),0.0,0.0,0.0,1.7739764076036187e-05,7.521586836846645e-05,0.008672708248780565,4.2552827358646786e-13,0.49884152646079505,0.2488428685217361,0.0
58,MRL Great Falls (F00548),0.0,0.0,0.0,6.472447341720491e-06,1.926263948251461e-05,0.004388922360046326,7.147388507676142e-15,0.25724889238273313,0.06617699263214301,0.0
58,Marathon Dickinson Refinery (F00313),0.0,0.0,0.0,8.576139629914875e-06,2.8382788818911612e-05,0.0053275499827699045,2.2864683682594708e-14,0.10293686506761845,0.010595998189949088,0.0
58,Phillips 66 Rodeo (82191),0.0,0.0,0.0,1.6448541166225316e-05,6.970075245883092e-05,0.008348697650462072,3.3861983965655677e-13,0.49665943052706907,0.24667058993147253,0.0
58,"REG Geismar, LLC (80180)",0.0,0.0,0.0,0.0022375579695370577,0.0034978866137478277,0.05914293376006831,4.2797379943008644e-08,0.056961391414865295,0.00324460011191749,0.0
58,RENEWABLE DIESEL UNIT (RDU) / PRE-TREATMENT UNIT (PTU) (82381),0.0,0.0,0.0,0.00024189364974191684,0.000876305375917105,0.029602455572420087,6.729246355504668e-10,0.35626106568461596,0.12692194692273825,0.0
58,St Bernard Renewables LLC (82901),0.0,0.0,0.0,0.0029475123112552965,0.004566995823281233,0.06757955181326104,9.525589091564156e-08,0.035221498968021646,0.0012405539895543498,0.0
58,Vertex Renewables Mobile Site (83101),0.0,0.0,0.0,0.008452926093307172,0.028275742027795227,0.16815392361700998,2.260695304298656e-05,0.23608355017234706,0.05573544266197911,0.0
58,sinclair_wy,0.0,0.0,0.0,1.60868498888109e-05,6.251619152087442e-05,0.007906718125801274,2.4433041854549425e-13,0.22003799697466114,0.048416720112620985,0.0
58,wynnewood_ok,0.0,0.0,0.0,0.00026226139415735076,0.0017960415174643474,0.04237973003057414,5.7936081034792015e-09,0.24437757207758515,0.05972039773453532,0.0
59,"AltAir Paramount, LLC (83180)",0.0,0.0,0.0,2.4410058665632734e-05,6.46869562968735e-05,0.008042820170616367,2.706762496759417e-13,0.4564009136291734,0.2083017939615442,0.0
59,Chevron El Segundo (01013),0.0,0.0,0.0,2.4410063311341787e-05,6.468695629687338e-05,0.00804282017061636,2.706762496759398e-13,0.4595938392414743,0.2112264970687181,0.0
59,Cheyenne Renewable Diesel Company LLC (F00494),0.0,0.0,0.0,9.59632593874744e-06,3.923296452261454e-05,0.006263622316408816,6.038837963909897e-14,0.1591499970647173,0.025328721565699527,0.0
59,DIAMOND GREEN DIESEL - PORT ARTHUR (82621),0.0,0.0,0.0,0.0006378473076968525,0.001370847911306761,0.03702496335321294,2.5761302897038095e-09,0.20593518538847053,0.04240930058098372,0.0
59,Diamond Green Diesel LLC (81496),0.0,0.0,0.0,0.0008081333234781249,0.001177098692340789,0.034308871918802414,1.6309424314788503e-09,0.007174617731781739,5.1475139597196945e-05,0.0
59,"Jaxon Energy, LLC (83608)",0.0,0.0,0.0,0.0017607668797566815,0.008103418042118922,0.09001898712004552,5.321140571673895e-07,0.20034257412120796,0.04013714700551171,0.0
59,MARTINEZ REFINERY (90001),0.0,0.0,0.0,8.72122344574899e-06,3.6977627881396935e-05,0.00608092327540785,5.056117325449721e-14,0.4808218924034867,0.23118969221447017,0.0
59,MRL Great Falls (F00548),0.0,0.0,0.0,3.781614614500046e-06,1.125445679741284e-05,0.0033547662805943484,1.4255209857339206e-15,0.24812681564673375,0.0615669166429882,0.0
59,Marathon Dickinson Refinery (F00313),0.0,0.0,0.0,5.01074595061035e-06,1.6583095690899066e-05,0.004072234729346906,4.560335771554114e-15,0.09840575063069298,0.009683691757190133,0.0
59,Phillips 66 Rodeo (82191),0.0,0.0,0.0,8.155530506869747e-06,3.4559089908653695e-05,0.005878697977329138,4.1274981880035426e-14,0.47898812917853884,0.2294296278939566,0.0
59,"REG Geismar, LLC (80180)",0.0,0.0,0.0,0.0007701407392630063,0.0012039308117354726,0.03469770614515422,1.7450367920445553e-09,0.04836072591815887,0.002338759811331283,0.0
59,RENEWABLE DIESEL UNIT (RDU) / PRE-TREATMENT UNIT (PTU) (82381),0.0,0.0,0.0,9.490523326690427e-05,0.00034381211000448835,0.01854217112434486,4.064091797417551e-11,0.3281831321197944,0.10770416820795842,0.0
59,St Bernard Renewables LLC (82901),0.0,0.0,0.0,0.0010144943451237496,0.001571898926165772,0.03964718055758533,3.883951980051351e-09,0.029574313464557463,0.0008746400168999049,0.0
59,Vertex Renewables Mobile Site (83101),0.0,0.0,0.0,0.0029093962431650518,0.009732172826343219,0.09865177558636853,9.217845781346643e-07,0.1921724638382624,0.036930255857668265,0.0
59,sinclair_wy,0.0,0.0,0.0,8.892846447128798e-06,3.4559089908653695e-05,0.005878697977329138,4.1274981880035426e-14,0.2100079003032697,0.04410331818978807,0.0
59,wynnewood_ok,0.0,0.0,0.0,0.00012893349002221602,0.0008829736523574589,0.02971487257851628,6.884037599377164e-10,0.22526097881774793,0.050742508577929876,0.0
60,"AltAir Paramount, LLC (83180)",0.0,0.0,0.0,1.682420794665429e-05,4.45843584025048e-05,0.006677151967905538,8.862322781140325e-14,0.4470249827366226,0.19983133519067775,0.0
60,Chevron El Segundo (01013),0.0,0.0,0.0,1.6824141454905203e-05,4.458417371331455e-05,0.006677138137953606,8.862212645983265e-14,0.45020653688678325,0.20268592585559053,0.0
60,Cheyenne Renewable Diesel Company LLC (F00494),0.0,0.0,0.0,1.0088294956961496e-05,4.124429710562775e-05,0.006422172304261834,7.016034565592046e-14,0.15981216009001753,0.025539926512637392,0.0
60,DIAMOND GREEN DIESEL - PORT ARTHUR (82621),0.0,0.0,0.0,0.0004952712404089837,0.00106442645011154,0.03262554903923519,1.2059990719701293e-09,0.19984514734486775,0.0399380829172919,0.0
60,Diamond Green Diesel LLC (81496),0.0,0.0,0.0,0.0006274937413784129,0.0009139854043508609,0.03023219152411649,7.63515365143406e-10,0.006917022188438591,4.78451959553518e-05,0.0
60,"Jaxon Energy, LLC (83608)",0.0,0.0,0.0,0.001228036173949407,0.005651679732714801,0.0751776544773432,1.8052303663196269e-07,0.18903150222141452,0.03573290883208464,0.0
60,MARTINEZ REFINERY (90001),0.0,0.0,0.0,8.568706023380896e-06,3.633096029801949e-05,0.0060275169263984225,4.7954639639980396e-14,0.4803907139429611,0.2307752380426279,0.0
60,MRL Great Falls (F00548),0.0,0.0,0.0,4.418445683291485e-06,1.3149728653905558e-05,0.003626255458997002,2.27379011236958e-15,0.2507014130445289,0.06285119850252349,0.0
60,Marathon Dickinson Refinery (F00313),0.0,0.0,0.0,5.854565066110441e-06,1.937572043700964e-05,0.004401786050799112,7.27400472544189e-15,0.09967644859196367,0.009935394403906377,0.0
60,Phillips 66 Rodeo (82191),0.0,0.0,0.0,8.573670656187568e-06,3.633096029801955e-05,0.006027516926398428,4.7954639639980567e-14,0.4802058610669491,0.23059766900305004,0.0
60,"REG Geismar, LLC (80180)",0.0,0.0,0.0,0.0005979935238757184,0.000934819821765572,0.030574823331714802,8.169279171052424e-10,0.04668854693963977,0.0021798204153349464,0.0
60,RENEWABLE DIESEL UNIT (RDU) / PRE-TREATMENT UNIT (PTU) (82381),0.0,0.0,0.0,5.84778717226067e-05,0.0002118471213170965,0.014554968956239533,9.507529922376772e-12,0.3153212958045672,0.09942751958787137,0.0
60,St Bernard Renewables LLC (82901),0.0,0.0,0.0,0.000787730775100005,0.0012205421996082074,0.03493625909579054,1.8182701058182813e-09,0.02849078392849108,0.0008117247688599657,0.0
60,Vertex Renewables Mobile Site (83101),0.0,0.0,0.0,0.0022590771143449692,0.007556801159859989,0.08692986345244072,4.315329723526637e-07,0.18405232267308913,0.03387525748135892,0.0
60,sinclair_wy,0.0,0.0,0.0,9.348789336206387e-06,3.633096029801942e-05,0.006027516926398417,4.7954639639980055e-14,0.21081850306199132,0.04444444123329884,0.0
60,wynnewood_ok,0.0,0.0,0.0,8.886442697519478e-05,0.0006085691749864248,0.024669194858900942,2.2538751359427624e-10,0.21638828243505098,0.04682388877519139,0.0
61,"AltAir Paramount, LLC (83180)",0.0,0.0,0.0,0.00358977412373011,0.009512945668758712,0.09753433071877159,8.608848183106683e-07,0.6350014957237891,0.4032268995714493,0.0
61,Chevron El Segundo (01013),0.0,0.0,0.0,0.003589774806933973,0.00951294566875872,0.09753433071877163,8.608848183106698e-07,0.6379774916030033,0.40701527979206015,0.0
61,Cheyenne Renewable Diesel Company LLC (F00494),0.0,0.0,0.0,0.0027758844219610253,0.01134873656239007,0.1065304489917792,1.4616471517766165e-06,0.30010273633402834,0.09006165235517133,0.0
61,DIAMOND GREEN DIESEL - PORT ARTHUR (82621),0.0,0.0,0.0,0.00017007075614568573,0.00036551246359964096,0.019118380255650345,4.883223159150949e-11,0.17764904845471008,0.03155918441686393,0.0
61,Diamond Green Diesel LLC (81496),0.0,0.0,0.0,2.0679147533748754e-05,3.0120521965280398e-05,0.005488216647079486,2.7326718355874456e-14,0.004660115730564038,2.17166786222504e-05,0.0
61,"Jaxon Energy, LLC (83608)",0.0,0.0,0.0,5.7645392154710155e-05,0.0002652961707776161,0.016287914868933228,1.8672090539671427e-11,0.12778646298383703,0.016329380121919552,0.0
61,MARTINEZ REFINERY (90001),0.0,0.0,1.0,0.010685029154211741,0.045304083128257344,0.21284755842681716,9.298481610578111e-05,0.7533512958431978,0.5675381749486254,0.0
61,MRL Great Falls (F00548),0.0,1.0,1.0,0.07902772861077247,0.2351942881850724,0.4849683373015938,0.013010090314664529,0.7220784675263312,0.5213973132651749,0.0
61,Marathon Dickinson Refinery (F00313),0.0,1.0,1.0,0.058589587645381754,0.19390261409986967,0.4403437453852043,0.007290393871560357,0.42275791094033344,0.1787242512626349,0.0
61,Phillips 66 Rodeo (82191),0.0,0.0,1.0,0.010691219966002285,0.04530408312825743,0.21284755842681735,9.29848161057816e-05,0.753213664014727,0.5673308236584901,0.0
61,"REG Geismar, LLC (80180)",0.0,0.0,0.0,3.346015925638068e-05,5.230695461310419e-05,0.007232354707362201,1.431127432400955e-13,0.03349112656733924,0.0011216555587495363,0.0
61,RENEWABLE DIESEL UNIT (RDU) / PRE-TREATMENT UNIT (PTU) (82381),0.0,0.0,0.0,0.0010856722504321466,0.003933052523506782,0.06271405363638027,6.084000464741098e-08,0.41295932668968643,0.17053540549999915,0.0
61,St Bernard Renewables LLC (82901),0.0,0.0,0.0,1.9117615457250105e-05,2.9621613321497562e-05,0.005442574144786413,2.599118767503342e-14,0.018518374101415117,0.00034293017935996213,0.0
61,Vertex Renewables Mobile Site (83101),0.0,0.0,0.0,2.5373953075513254e-05,8.487798703891045e-05,0.009212924999092875,6.114841634784379e-13,0.10518752955727745,0.011064416374363117,0.0
61,sinclair_wy,0.0,0.0,0.0,0.006398348122763097,0.024865051854440604,0.15768656206043877,1.537333559468441e-05,0.425028754751626,0.18064944236571784,0.0
61,wynnewood_ok,0.0,0.0,0.0,0.0008306950844133203,0.0056888390483607765,0.07542439292669698,1.841072707464299e-07,0.28343375725185493,0.08033469474990343,0.0
62,"AltAir Paramount, LLC (83180)",0.0,0.0,0.0,1.344734036137192e-05,3.563561768452229e-05,0.005969557578625261,4.525357281971106e-14,0.4415644664724112,0.19497917805106516,0.0
62,Chevron El Segundo (01013),0.0,0.0,0.0,1.3447342920662407e-05,3.563561768452223e-05,0.005969557578625256,4.525357281971074e-14,0.4447385157963103,0.19779234743270493,0.0
62,Cheyenne Renewable Diesel Company LLC (F00494),0.0,0.0,0.0,1.420982508066943e-05,5.8094479785378036e-05,0.0076219734836443795,1.9606704403619465e-13,0.16450171287198276,0.027060813537816256,0.0
62,DIAMOND GREEN DIESEL - PORT ARTHUR (82621),0.0,0.0,0.0,0.00016578104673257665,0.00035629311107104433,0.018875728093799303,4.5229550955540685e-11,0.1771787267728691,0.031392301220855005,0.0
62,Diamond Green Diesel LLC (81496),0.0,0.0,0.0,0.00020953120928921364,0.0003051958201617134,0.017469854611922603,2.8427308605304244e-11,0.005985334252380068,3.582422611271407e-05,0.0
62,"Jaxon Energy, LLC (83608)",0.0,0.0,0.0,0.00046815301171239555,0.0021545382328561156,0.046417003703988866,1.0001441878945223e-08,0.16421772474227325,0.026967461119529024,0.0
62,MARTINEZ REFINERY (90001),0.0,0.0,0.0,1.2069414532323927e-05,5.1173820060778174e-05,0.007153587915219759,1.3401194583821916e-13,0.48890331270974574,0.23902644917856344,0.0
62,MRL Great Falls (F00548),0.0,0.0,0.0,6.8117963308224645e-06,2.027257542957007e-05,0.00450250768234437,8.331568609008515e-15,0.2581513532267284,0.06664212117279109,0.0
62,Marathon Dickinson Refinery (F00313),0.0,0.0,0.0,9.025822131683204e-06,2.987101592738011e-05,0.005465438310637136,2.6653238178221314e-14,0.10338958942122692,0.010689407200689878,0.0
62,Phillips 66 Rodeo (82191),0.0,0.0,0.0,1.2076407444810439e-05,5.1173820060778086e-05,0.007153587915219753,1.340119458382182e-13,0.48871826509644,0.23884554263887423,0.0
62,"REG Geismar, LLC (80180)",0.0,0.0,0.0,0.00019968056721897414,0.0003121527989933292,0.017667846472995206,3.041597205247757e-11,0.04060189171876993,0.001648513611142718,0.0
62,RENEWABLE DIESEL UNIT (RDU) / PRE-TREATMENT UNIT (PTU) (82381),0.0,0.0,0.0,3.5380985238997344e-05,0.00012817429313773527,0.011321408619855361,2.1057305267902338e-12,0.30299906249093905,0.091808431870388,0.0
62,St Bernard Renewables LLC (82901),0.0,0.0,0.0,0.000263036086713979,0.00040755884370958747,0.02018808667778072,6.769724020546093e-11,0.024585470904017682,0.0006044453795723,0.0
62,Vertex Renewables Mobile Site (83101),0.0,0.0,0.0,0.0009226686680042309,0.0030864035655385467,0.055555409867433674,2.9400731507177825e-08,0.16010713210953956,0.025634293752341553,0.0
62,sinclair_wy,0.0,0.0,0.0,1.3168197574541605e-05,5.1173820060778086e-05,0.007153587915219753,1.340119458382182e-13,0.21654497700006173,0.046891727063957264,0.0
62,wynnewood_ok,0.0,0.0,0.0,5.376582434455893e-05,0.00036820384126222557,0.01918863833788697,4.991889287834785e-11,0.20546239090744856,0.0422147940774052,0.0
63,"AltAir Paramount, LLC (83180)",0.0,0.0,1.0,0.01851328379658251,0.0490604302212195,0.22149589210913034,0.00011808481592043436,0.7287315928018004,0.5310497343474491,0.0
63,Chevron El Segundo (01013),0.0,0.0,1.0,0.018513287320020638,0.049060430221219545,0.22149589210913043,0.00011808481592043478,0.7312667853480551,0.5347511113532785,0.0
63,Cheyenne Renewable Diesel Company LLC (F00494),0.0,0.0,1.0,0.016588406318342165,0.06781890910420456,0.2604206387831129,0.00031192659111300465,0.41644889500156757,0.17342968214802665,0.0
63,DIAMOND GREEN DIESEL - PORT ARTHUR (82621),0.0,0.0,0.0,9.732556277797671e-05,0.00020917003621555427,0.014462711924654873,9.151629188732256e-12,0.16791078780777555,0.028194032662227825,0.0
63,Diamond Green Diesel LLC (81496),0.0,0.0,0.0,1.1093491897590374e-05,1.6158391724209395e-05,0.004019750206693122,4.218853038952918e-15,0.0043982300918036146,1.9344427940446832e-05,0.0
63,"Jaxon Energy, LLC (83608)",0.0,0.0,0.0,3.092432556796833e-05,0.00014232022457309236,0.011929804045879898,2.8827027413616327e-12,0.11987885254026037,0.01437093928636949,0.0
63,MARTINEZ REFINERY (90001),0.0,1.0,1.0,0.07186995639264794,0.3047256522976661,0.5520196122400599,0.028296130263317457,0.888309326958455,0.7890934603613833,0.0
63,MRL Great Falls (F00548),1.0,1.0,1.0,0.3360104074831367,1.0,1.0,1.0,1.0,1.0,1.0
63,Marathon Dickinson Refinery (F00313),1.0,1.0,1.0,0.30215986472057127,1.0,1.0,1.0,1.0,1.0,1.0
63,Phillips 66 Rodeo (82191),0.0,1.0,1.0,0.07191159721243408,0.3047256522976661,0.5520196122400599,0.028296130263317457,0.8882358303924922,0.7889628903930402,0.0
63,"REG Geismar, LLC (80180)",0.0,0.0,0.0,1.7950040863401702e-05,2.8060594857039504e-05,0.005297225203541898,2.2094827752127962e-14,0.03156397959144617,0.0009962848076492303,0.0
63,RENEWABLE DIESEL UNIT (RDU) / PRE-TREATMENT UNIT (PTU) (82381),0.0,0.0,0.0,0.0028076574788425917,0.010171268840949987,0.10085270864458717,1.0522656665930355e-06,0.4592069902973298,0.21087105993793195,0.0
63,St Bernard Renewables LLC (82901),0.0,0.0,0.0,1.0255795691293957e-05,1.5890748244785977e-05,0.003986320138271132,4.012666273381405e-15,0.017492932585614702,0.00030600269044486067,0.0
63,Vertex Renewables Mobile Site (83101),0.0,0.0,0.0,1.3612057382619602e-05,4.553346601755397e-05,0.0067478489919050475,9.440437698250025e-14,0.09928545435884037,0.009857601447241375,0.0
63,sinclair_wy,0.0,0.0,1.0,0.032997740399041874,0.1282347428365965,0.35809878921408894,0.0021087112528522505,0.5707443727690418,0.3257491390475269,0.0
63,wynnewood_ok,0.0,0.0,0.0,0.0007839837464601097,0.005368946360495558,0.07327309438324246,1.5476301979236974e-07,0.28117797315973025,0.07906105259021398,0.0
